{
    "struct": {
        "symbols": [
            "Pu"
        ],
        "cell": [
            [
                2.823077728160402e-16,
                2.305217904563127,
                2.305217904563127
            ],
            [
                2.305217904563127,
                1.411538864080201e-16,
                2.305217904563127
            ],
            [
                2.305217904563127,
                2.305217904563127,
                0.0
            ]
        ],
        "scaled_positions": [
            [
                0.0,
                0.0,
                0.0
            ]
        ],
        "case": "delta_Pu_10.struct",
        "locrot_list": [
            [
                [
                    1.0,
                    0.0,
                    0.0
                ],
                [
                    0.0,
                    1.0,
                    0.0
                ],
                [
                    0.0,
                    0.0,
                    1.0
                ]
            ]
        ]
    },
    "gchoice": {
        "unit": "rydberg",
        "spin_order": -1,
        "ispin": 1,
        "orbital_polarization": 0,
        "iso": 2,
        "u_matrix_type": 1,
        "dc_mode": 12,
        "idx_equivalent_atoms": [
            0
        ],
        "unique_cor_symbol_list": [
            "Pu"
        ],
        "unique_u_list": [
            4.0
        ],
        "unique_j_list": [
            0.36
        ],
        "unique_fs_list": [
            [
                4.0,
                4.291907514450867,
                2.8669942196531792,
                2.120202312138728
            ]
        ],
        "unique_cor_orb_list": [
            "f"
        ],
        "unique_nelf_list": [],
        "giembeddiag": -4
    }
}