{
    "struct": {
        "symbols": [
            "Fe"
        ],
        "cell": [
            [
                -1.4332505451288462,
                1.4332505451288462,
                1.4332505451288462
            ],
            [
                1.4332505451288462,
                -1.4332505451288462,
                1.4332505451288462
            ],
            [
                1.4332505451288462,
                1.4332505451288462,
                -1.4332505451288462
            ]
        ],
        "scaled_positions": [
            [
                0.0,
                0.0,
                0.0
            ]
        ],
        "case": "Fe.struct",
        "locrot_list": [
            [
                [
                    1.0,
                    0.0,
                    0.0
                ],
                [
                    0.0,
                    1.0,
                    0.0
                ],
                [
                    0.0,
                    0.0,
                    1.0
                ]
            ]
        ]
    },
    "gchoice": {
        "unit": "rydberg",
        "spin_order": -1,
        "ispin": 1,
        "orbital_polarization": 1,
        "iso": 1,
        "u_matrix_type": 1,
        "dc_mode": 12,
        "idx_equivalent_atoms": [
            0
        ],
        "unique_cor_symbol_list": [
            "Fe"
        ],
        "unique_u_list": [
            10.0
        ],
        "unique_j_list": [
            1.0
        ],
        "unique_fs_list": [
            [
                0.0,
                0.0,
                0.0,
                0.0
            ]
        ],
        "unique_cor_orb_list": [
            "d"
        ],
        "unique_nelf_list": [],
        "giembeddiag": 32
    }
}