 total number of impurities =    1
 impurity imap indices:
       1
 impurity num_spin_orbitals:
      14
 imp =  1 v2e(1,1,1,1) = .31
 mott localized orbital info:
 i=  1 nsorb= 0 nelect= 0
 ispin_in= 1 iso= 2 ispin= 1 ispo= 2
************     h1e-unsym  ************
 imp=  1
 real part
   2.0738  -0.0054   0.0000   0.0055   0.0113   0.0140   0.0008   0.0138   0.0101  -0.0007  -0.0066   0.0041  -0.0001   0.0000
  -0.0054   2.0686   0.0123  -0.0000   0.0118  -0.0035  -0.0058  -0.0097   0.0199   0.0088   0.0072  -0.0004  -0.0000  -0.0000
   0.0000   0.0123   2.0738   0.0023  -0.0039  -0.0050   0.0015  -0.0147  -0.0047   0.0155  -0.0055   0.0061  -0.0000  -0.0001
   0.0055  -0.0000   0.0023   2.0686  -0.0081   0.0073  -0.0114   0.0081  -0.0039   0.0091   0.0236   0.0070  -0.0000   0.0000
   0.0113   0.0118  -0.0039  -0.0081   2.0837  -0.0016  -0.0036   0.0047  -0.0097   0.0013   0.0084   0.0007   0.0014   0.0038
   0.0140  -0.0035  -0.0050   0.0073  -0.0016   2.0628   0.0035  -0.0120  -0.0005  -0.0015  -0.0016  -0.0047  -0.0020  -0.0141
   0.0008  -0.0058   0.0015  -0.0114  -0.0036   0.0035   2.0902   0.0026   0.0069  -0.0018   0.0125  -0.0035   0.0035  -0.0023
   0.0138  -0.0097  -0.0147   0.0081   0.0047  -0.0120   0.0026   2.0578   0.0026  -0.0027   0.0003  -0.0017  -0.0037   0.0135
   0.0101   0.0199  -0.0047  -0.0039  -0.0097  -0.0005   0.0069   0.0026   2.0803  -0.0044  -0.0018   0.0029   0.0033  -0.0084
  -0.0007   0.0088   0.0155   0.0091   0.0013  -0.0015  -0.0018  -0.0027  -0.0044   2.0474  -0.0040  -0.0057   0.0135  -0.0051
  -0.0066   0.0072  -0.0055   0.0236   0.0084  -0.0016   0.0125   0.0003  -0.0018  -0.0040   2.0812  -0.0021   0.0039   0.0034
   0.0041  -0.0004   0.0061   0.0070   0.0007  -0.0047  -0.0035  -0.0017   0.0029  -0.0057  -0.0021   2.0634  -0.0234  -0.0003
  -0.0001  -0.0000  -0.0000  -0.0000   0.0014  -0.0020   0.0035  -0.0037   0.0033   0.0135   0.0039  -0.0234   2.0557   0.0000
   0.0000  -0.0000  -0.0001   0.0000   0.0038  -0.0141  -0.0023   0.0135  -0.0084  -0.0051   0.0034  -0.0003   0.0000   2.0557
 imag part
   0.0000  -0.0017   0.0000   0.0117  -0.0024   0.0105   0.0024   0.0106   0.0019   0.0128  -0.0072   0.0163  -0.0001   0.0000
   0.0017  -0.0000  -0.0042   0.0000  -0.0150  -0.0005  -0.0118   0.0040   0.0116   0.0046   0.0088  -0.0068   0.0000   0.0000
  -0.0000   0.0042   0.0000   0.0052   0.0061   0.0014   0.0085   0.0081  -0.0090   0.0207  -0.0090  -0.0066   0.0000   0.0001
  -0.0117  -0.0000  -0.0052   0.0000   0.0142  -0.0025  -0.0032   0.0009   0.0137   0.0026  -0.0052  -0.0014  -0.0000   0.0000
   0.0024   0.0150  -0.0061  -0.0142  -0.0000   0.0058   0.0008  -0.0001  -0.0103   0.0000   0.0011   0.0006  -0.0007   0.0090
  -0.0105   0.0005  -0.0014   0.0025  -0.0058  -0.0000   0.0016   0.0016   0.0033  -0.0011  -0.0039  -0.0076   0.0093   0.0241
  -0.0024   0.0118  -0.0085   0.0032  -0.0008  -0.0016   0.0000   0.0031   0.0010   0.0016  -0.0052  -0.0060  -0.0117  -0.0041
  -0.0106  -0.0040  -0.0081  -0.0009   0.0001  -0.0016  -0.0031   0.0000  -0.0024   0.0067   0.0025  -0.0072   0.0120  -0.0177
  -0.0019  -0.0116   0.0090  -0.0137   0.0103  -0.0033  -0.0010   0.0024  -0.0000   0.0025   0.0045   0.0009  -0.0007  -0.0016
  -0.0128  -0.0046  -0.0207  -0.0026  -0.0000   0.0011  -0.0016  -0.0067  -0.0025   0.0000  -0.0009   0.0076  -0.0039  -0.0031
   0.0072  -0.0088   0.0090   0.0052  -0.0011   0.0039   0.0052  -0.0025  -0.0045   0.0009   0.0000  -0.0033  -0.0065   0.0040
  -0.0163   0.0068   0.0066   0.0014  -0.0006   0.0076   0.0060   0.0072  -0.0009  -0.0076   0.0033   0.0000  -0.0181  -0.0033
   0.0001  -0.0000  -0.0000   0.0000   0.0007  -0.0093   0.0117  -0.0120   0.0007   0.0039   0.0065   0.0181  -0.0000  -0.0000
  -0.0000  -0.0000  -0.0001  -0.0000  -0.0090  -0.0241   0.0041   0.0177   0.0016   0.0031  -0.0040   0.0033   0.0000   0.0000
   orbital splitting:
   0.00000  -0.00516  -0.00000  -0.00516   0.00998  -0.01095   0.01649  -0.01593   0.00653  -0.02634   0.00740  -0.01037  -0.01806  -0.01806
 imp=  1 eigen values of h1e-unsym:
    2.1080    2.1080    2.1054    2.1054    2.1009    2.1009    2.1005    2.1005    2.0255    2.0255    2.0212    2.0212    2.0201    2.0201
************       h1e-sym  ************
 imp=  1
 real part
   2.0738  -0.0016   0.0000   0.0000   0.0000   0.0000   0.0000   0.0000   0.0000   0.0000   0.0000   0.0000   0.0000   0.0000
  -0.0016   2.0686   0.0000   0.0000   0.0000   0.0000   0.0000   0.0000   0.0000   0.0000   0.0000   0.0000   0.0000   0.0000
   0.0000   0.0000   2.0738  -0.0016   0.0000   0.0000   0.0000   0.0000   0.0000   0.0000   0.0000   0.0000   0.0000   0.0000
   0.0000   0.0000  -0.0016   2.0686   0.0000   0.0000   0.0000   0.0000   0.0000   0.0000   0.0000   0.0000   0.0000   0.0000
   0.0000   0.0000   0.0000   0.0000   2.0839  -0.0013   0.0000   0.0000   0.0000   0.0000   0.0000   0.0000   0.0000   0.0000
   0.0000   0.0000   0.0000   0.0000  -0.0013   2.0579   0.0000   0.0000   0.0000   0.0000   0.0000   0.0000   0.0000   0.0000
   0.0000   0.0000   0.0000   0.0000   0.0000   0.0000   2.0839  -0.0013   0.0000   0.0000   0.0000   0.0000   0.0000   0.0000
   0.0000   0.0000   0.0000   0.0000   0.0000   0.0000  -0.0013   2.0579   0.0000   0.0000   0.0000   0.0000   0.0000   0.0000
   0.0000   0.0000   0.0000   0.0000   0.0000   0.0000   0.0000   0.0000   2.0839  -0.0013   0.0000   0.0000   0.0000   0.0000
   0.0000   0.0000   0.0000   0.0000   0.0000   0.0000   0.0000   0.0000  -0.0013   2.0579   0.0000   0.0000   0.0000   0.0000
   0.0000   0.0000   0.0000   0.0000   0.0000   0.0000   0.0000   0.0000   0.0000   0.0000   2.0839  -0.0013   0.0000   0.0000
   0.0000   0.0000   0.0000   0.0000   0.0000   0.0000   0.0000   0.0000   0.0000   0.0000  -0.0013   2.0579   0.0000   0.0000
   0.0000   0.0000   0.0000   0.0000   0.0000   0.0000   0.0000   0.0000   0.0000   0.0000   0.0000   0.0000   2.0557   0.0000
   0.0000   0.0000   0.0000   0.0000   0.0000   0.0000   0.0000   0.0000   0.0000   0.0000   0.0000   0.0000   0.0000   2.0557
 imag part
   0.0000   0.0018   0.0000   0.0000   0.0000   0.0000   0.0000   0.0000   0.0000   0.0000   0.0000   0.0000   0.0000   0.0000
  -0.0018   0.0000   0.0000   0.0000   0.0000   0.0000   0.0000   0.0000   0.0000   0.0000   0.0000   0.0000   0.0000   0.0000
   0.0000   0.0000   0.0000   0.0018   0.0000   0.0000   0.0000   0.0000   0.0000   0.0000   0.0000   0.0000   0.0000   0.0000
   0.0000   0.0000  -0.0018   0.0000   0.0000   0.0000   0.0000   0.0000   0.0000   0.0000   0.0000   0.0000   0.0000   0.0000
   0.0000   0.0000   0.0000   0.0000   0.0000   0.0020   0.0000   0.0000   0.0000   0.0000   0.0000   0.0000   0.0000   0.0000
   0.0000   0.0000   0.0000   0.0000  -0.0020   0.0000   0.0000   0.0000   0.0000   0.0000   0.0000   0.0000   0.0000   0.0000
   0.0000   0.0000   0.0000   0.0000   0.0000   0.0000   0.0000   0.0020   0.0000   0.0000   0.0000   0.0000   0.0000   0.0000
   0.0000   0.0000   0.0000   0.0000   0.0000   0.0000  -0.0020   0.0000   0.0000   0.0000   0.0000   0.0000   0.0000   0.0000
   0.0000   0.0000   0.0000   0.0000   0.0000   0.0000   0.0000   0.0000   0.0000   0.0020   0.0000   0.0000   0.0000   0.0000
   0.0000   0.0000   0.0000   0.0000   0.0000   0.0000   0.0000   0.0000  -0.0020   0.0000   0.0000   0.0000   0.0000   0.0000
   0.0000   0.0000   0.0000   0.0000   0.0000   0.0000   0.0000   0.0000   0.0000   0.0000   0.0000   0.0020   0.0000   0.0000
   0.0000   0.0000   0.0000   0.0000   0.0000   0.0000   0.0000   0.0000   0.0000   0.0000  -0.0020   0.0000   0.0000   0.0000
   0.0000   0.0000   0.0000   0.0000   0.0000   0.0000   0.0000   0.0000   0.0000   0.0000   0.0000   0.0000   0.0000   0.0000
   0.0000   0.0000   0.0000   0.0000   0.0000   0.0000   0.0000   0.0000   0.0000   0.0000   0.0000   0.0000   0.0000   0.0000
   orbital splitting:
   0.00000  -0.00516   0.00000  -0.00516   0.01010  -0.01590   0.01010  -0.01590   0.01010  -0.01590   0.01010  -0.01590  -0.01806  -0.01806
 imp=  1 eigen values of   h1e-sym:
    2.0841    2.0841    2.0841    2.0841    2.0747    2.0747    2.0677    2.0677    2.0576    2.0576    2.0576    2.0576    2.0557    2.0557
 max error due to symm in h1e =     0.029602
************     h1u-unsym  ************
 imp=  1
 real part
   2.0738  -0.0054   0.0000   0.0055   0.0113   0.0140   0.0008   0.0138   0.0101  -0.0007  -0.0066   0.0041  -0.0001   0.0000
  -0.0054   2.0686   0.0123  -0.0000   0.0118  -0.0035  -0.0058  -0.0097   0.0199   0.0088   0.0072  -0.0004  -0.0000  -0.0000
   0.0000   0.0123   2.0738   0.0023  -0.0039  -0.0050   0.0015  -0.0147  -0.0047   0.0155  -0.0055   0.0061  -0.0000  -0.0001
   0.0055  -0.0000   0.0023   2.0686  -0.0081   0.0073  -0.0114   0.0081  -0.0039   0.0091   0.0236   0.0070  -0.0000   0.0000
   0.0113   0.0118  -0.0039  -0.0081   2.0837  -0.0016  -0.0036   0.0047  -0.0097   0.0013   0.0084   0.0007   0.0014   0.0038
   0.0140  -0.0035  -0.0050   0.0073  -0.0016   2.0628   0.0035  -0.0120  -0.0005  -0.0015  -0.0016  -0.0047  -0.0020  -0.0141
   0.0008  -0.0058   0.0015  -0.0114  -0.0036   0.0035   2.0902   0.0026   0.0069  -0.0018   0.0125  -0.0035   0.0035  -0.0023
   0.0138  -0.0097  -0.0147   0.0081   0.0047  -0.0120   0.0026   2.0578   0.0026  -0.0027   0.0003  -0.0017  -0.0037   0.0135
   0.0101   0.0199  -0.0047  -0.0039  -0.0097  -0.0005   0.0069   0.0026   2.0803  -0.0044  -0.0018   0.0029   0.0033  -0.0084
  -0.0007   0.0088   0.0155   0.0091   0.0013  -0.0015  -0.0018  -0.0027  -0.0044   2.0474  -0.0040  -0.0057   0.0135  -0.0051
  -0.0066   0.0072  -0.0055   0.0236   0.0084  -0.0016   0.0125   0.0003  -0.0018  -0.0040   2.0812  -0.0021   0.0039   0.0034
   0.0041  -0.0004   0.0061   0.0070   0.0007  -0.0047  -0.0035  -0.0017   0.0029  -0.0057  -0.0021   2.0634  -0.0234  -0.0003
  -0.0001  -0.0000  -0.0000  -0.0000   0.0014  -0.0020   0.0035  -0.0037   0.0033   0.0135   0.0039  -0.0234   2.0557   0.0000
   0.0000  -0.0000  -0.0001   0.0000   0.0038  -0.0141  -0.0023   0.0135  -0.0084  -0.0051   0.0034  -0.0003   0.0000   2.0557
 imag part
   0.0000  -0.0017   0.0000   0.0117  -0.0024   0.0105   0.0024   0.0106   0.0019   0.0128  -0.0072   0.0163  -0.0001   0.0000
   0.0017  -0.0000  -0.0042   0.0000  -0.0150  -0.0005  -0.0118   0.0040   0.0116   0.0046   0.0088  -0.0068   0.0000   0.0000
  -0.0000   0.0042   0.0000   0.0052   0.0061   0.0014   0.0085   0.0081  -0.0090   0.0207  -0.0090  -0.0066   0.0000   0.0001
  -0.0117  -0.0000  -0.0052   0.0000   0.0142  -0.0025  -0.0032   0.0009   0.0137   0.0026  -0.0052  -0.0014  -0.0000   0.0000
   0.0024   0.0150  -0.0061  -0.0142  -0.0000   0.0058   0.0008  -0.0001  -0.0103   0.0000   0.0011   0.0006  -0.0007   0.0090
  -0.0105   0.0005  -0.0014   0.0025  -0.0058  -0.0000   0.0016   0.0016   0.0033  -0.0011  -0.0039  -0.0076   0.0093   0.0241
  -0.0024   0.0118  -0.0085   0.0032  -0.0008  -0.0016   0.0000   0.0031   0.0010   0.0016  -0.0052  -0.0060  -0.0117  -0.0041
  -0.0106  -0.0040  -0.0081  -0.0009   0.0001  -0.0016  -0.0031   0.0000  -0.0024   0.0067   0.0025  -0.0072   0.0120  -0.0177
  -0.0019  -0.0116   0.0090  -0.0137   0.0103  -0.0033  -0.0010   0.0024  -0.0000   0.0025   0.0045   0.0009  -0.0007  -0.0016
  -0.0128  -0.0046  -0.0207  -0.0026  -0.0000   0.0011  -0.0016  -0.0067  -0.0025   0.0000  -0.0009   0.0076  -0.0039  -0.0031
   0.0072  -0.0088   0.0090   0.0052  -0.0011   0.0039   0.0052  -0.0025  -0.0045   0.0009   0.0000  -0.0033  -0.0065   0.0040
  -0.0163   0.0068   0.0066   0.0014  -0.0006   0.0076   0.0060   0.0072  -0.0009  -0.0076   0.0033   0.0000  -0.0181  -0.0033
   0.0001  -0.0000  -0.0000   0.0000   0.0007  -0.0093   0.0117  -0.0120   0.0007   0.0039   0.0065   0.0181  -0.0000  -0.0000
  -0.0000  -0.0000  -0.0001  -0.0000  -0.0090  -0.0241   0.0041   0.0177   0.0016   0.0031  -0.0040   0.0033   0.0000   0.0000
   orbital splitting:
   0.00000  -0.00516  -0.00000  -0.00516   0.00998  -0.01095   0.01649  -0.01593   0.00653  -0.02634   0.00740  -0.01037  -0.01806  -0.01806
 imp=  1 eigen values of h1u-unsym:
    2.1080    2.1080    2.1054    2.1054    2.1009    2.1009    2.1005    2.1005    2.0255    2.0255    2.0212    2.0212    2.0201    2.0201
************       h1u-sym  ************
 imp=  1
 real part
   2.0738  -0.0016   0.0000   0.0000   0.0000   0.0000   0.0000   0.0000   0.0000   0.0000   0.0000   0.0000   0.0000   0.0000
  -0.0016   2.0686   0.0000   0.0000   0.0000   0.0000   0.0000   0.0000   0.0000   0.0000   0.0000   0.0000   0.0000   0.0000
   0.0000   0.0000   2.0738  -0.0016   0.0000   0.0000   0.0000   0.0000   0.0000   0.0000   0.0000   0.0000   0.0000   0.0000
   0.0000   0.0000  -0.0016   2.0686   0.0000   0.0000   0.0000   0.0000   0.0000   0.0000   0.0000   0.0000   0.0000   0.0000
   0.0000   0.0000   0.0000   0.0000   2.0839  -0.0013   0.0000   0.0000   0.0000   0.0000   0.0000   0.0000   0.0000   0.0000
   0.0000   0.0000   0.0000   0.0000  -0.0013   2.0579   0.0000   0.0000   0.0000   0.0000   0.0000   0.0000   0.0000   0.0000
   0.0000   0.0000   0.0000   0.0000   0.0000   0.0000   2.0839  -0.0013   0.0000   0.0000   0.0000   0.0000   0.0000   0.0000
   0.0000   0.0000   0.0000   0.0000   0.0000   0.0000  -0.0013   2.0579   0.0000   0.0000   0.0000   0.0000   0.0000   0.0000
   0.0000   0.0000   0.0000   0.0000   0.0000   0.0000   0.0000   0.0000   2.0839  -0.0013   0.0000   0.0000   0.0000   0.0000
   0.0000   0.0000   0.0000   0.0000   0.0000   0.0000   0.0000   0.0000  -0.0013   2.0579   0.0000   0.0000   0.0000   0.0000
   0.0000   0.0000   0.0000   0.0000   0.0000   0.0000   0.0000   0.0000   0.0000   0.0000   2.0839  -0.0013   0.0000   0.0000
   0.0000   0.0000   0.0000   0.0000   0.0000   0.0000   0.0000   0.0000   0.0000   0.0000  -0.0013   2.0579   0.0000   0.0000
   0.0000   0.0000   0.0000   0.0000   0.0000   0.0000   0.0000   0.0000   0.0000   0.0000   0.0000   0.0000   2.0557   0.0000
   0.0000   0.0000   0.0000   0.0000   0.0000   0.0000   0.0000   0.0000   0.0000   0.0000   0.0000   0.0000   0.0000   2.0557
 imag part
   0.0000   0.0018   0.0000   0.0000   0.0000   0.0000   0.0000   0.0000   0.0000   0.0000   0.0000   0.0000   0.0000   0.0000
  -0.0018   0.0000   0.0000   0.0000   0.0000   0.0000   0.0000   0.0000   0.0000   0.0000   0.0000   0.0000   0.0000   0.0000
   0.0000   0.0000   0.0000   0.0018   0.0000   0.0000   0.0000   0.0000   0.0000   0.0000   0.0000   0.0000   0.0000   0.0000
   0.0000   0.0000  -0.0018   0.0000   0.0000   0.0000   0.0000   0.0000   0.0000   0.0000   0.0000   0.0000   0.0000   0.0000
   0.0000   0.0000   0.0000   0.0000   0.0000   0.0020   0.0000   0.0000   0.0000   0.0000   0.0000   0.0000   0.0000   0.0000
   0.0000   0.0000   0.0000   0.0000  -0.0020   0.0000   0.0000   0.0000   0.0000   0.0000   0.0000   0.0000   0.0000   0.0000
   0.0000   0.0000   0.0000   0.0000   0.0000   0.0000   0.0000   0.0020   0.0000   0.0000   0.0000   0.0000   0.0000   0.0000
   0.0000   0.0000   0.0000   0.0000   0.0000   0.0000  -0.0020   0.0000   0.0000   0.0000   0.0000   0.0000   0.0000   0.0000
   0.0000   0.0000   0.0000   0.0000   0.0000   0.0000   0.0000   0.0000   0.0000   0.0020   0.0000   0.0000   0.0000   0.0000
   0.0000   0.0000   0.0000   0.0000   0.0000   0.0000   0.0000   0.0000  -0.0020   0.0000   0.0000   0.0000   0.0000   0.0000
   0.0000   0.0000   0.0000   0.0000   0.0000   0.0000   0.0000   0.0000   0.0000   0.0000   0.0000   0.0020   0.0000   0.0000
   0.0000   0.0000   0.0000   0.0000   0.0000   0.0000   0.0000   0.0000   0.0000   0.0000  -0.0020   0.0000   0.0000   0.0000
   0.0000   0.0000   0.0000   0.0000   0.0000   0.0000   0.0000   0.0000   0.0000   0.0000   0.0000   0.0000   0.0000   0.0000
   0.0000   0.0000   0.0000   0.0000   0.0000   0.0000   0.0000   0.0000   0.0000   0.0000   0.0000   0.0000   0.0000   0.0000
   orbital splitting:
   0.00000  -0.00516   0.00000  -0.00516   0.01010  -0.01590   0.01010  -0.01590   0.01010  -0.01590   0.01010  -0.01590  -0.01806  -0.01806
 imp=  1 eigen values of   h1u-sym:
    2.0841    2.0841    2.0841    2.0841    2.0747    2.0747    2.0677    2.0677    2.0576    2.0576    2.0576    2.0576    2.0557    2.0557
 max error due to symm in h1u =     0.029602
 min/max(this%ne(1,:,:))=      40      48
 min/max(this%ne(2,:,:))=       9       9
 min/max(this%ne(3,:,:))=      26      34
 brillouin zone integration: ismear=-5 with delta=.00000
 this%nmax=  48
 valence electrons: total=    16.0
         correlated block=     8.0
 bz integration with tetra method, icor= 1
 equal occupancy of degenerate states, tol= 0.1E-05
 correlated block: emin/emix=    1.5705    2.7501
 calc_band_all takes    0 h  0 m  0.03 s(cpu).
                        0 h  0 m  0.03 s(wall).
 iloop            1
 iloop            2
   fermi energy at    2.0175874901380966     
   sum rule of tetrahedron integration checked 
   number of occupied bands:          18
   highest energy:   2.0693915011917654     
 gutz fermi level=      2.01758749
************     nks-unsym  ************
 imp=  1
 real part
   0.2438  -0.0212  -0.0003   0.0181  -0.0001   0.0057  -0.0024   0.0051   0.0042   0.0022  -0.0033  -0.0061  -0.0023   0.0010
  -0.0212   0.4533   0.0589  -0.0002  -0.0014  -0.0278   0.0070   0.0351   0.0174  -0.0162   0.0063   0.0161   0.0022  -0.0045
  -0.0003   0.0589   0.2433   0.0120  -0.0006  -0.0090   0.0029   0.0021  -0.0040   0.0050  -0.0002   0.0002  -0.0009  -0.0023
   0.0181  -0.0002   0.0120   0.4530  -0.0134  -0.0178   0.0163  -0.0268   0.0104   0.0017   0.0455  -0.0171  -0.0072   0.0039
  -0.0001  -0.0014  -0.0006  -0.0134   0.3433   0.0719  -0.0069   0.0252   0.0145  -0.0059   0.0022  -0.0203   0.0110  -0.0041
   0.0057  -0.0278  -0.0090  -0.0178   0.0719   0.4496  -0.0215   0.0069   0.0607  -0.0047  -0.0210  -0.0044  -0.0053  -0.0021
  -0.0024   0.0070   0.0029   0.0163  -0.0069  -0.0215   0.3600   0.0076   0.0018   0.0827  -0.0118   0.0332   0.0080  -0.0123
   0.0051   0.0351   0.0021  -0.0268   0.0252   0.0069   0.0076   0.4327   0.0163   0.0069  -0.0478  -0.0059  -0.0045   0.0100
   0.0042   0.0174  -0.0040   0.0104   0.0145   0.0607   0.0018   0.0163   0.3471  -0.0098  -0.0043  -0.0008   0.0174  -0.0153
   0.0022  -0.0162   0.0050   0.0017  -0.0059  -0.0047   0.0827   0.0069  -0.0098   0.4572  -0.0657   0.0083   0.0018  -0.0001
  -0.0033   0.0063  -0.0002   0.0455   0.0022  -0.0210  -0.0118  -0.0478  -0.0043  -0.0657   0.3426  -0.0024  -0.0026   0.0137
  -0.0061   0.0161   0.0002  -0.0171  -0.0203  -0.0044   0.0332  -0.0059  -0.0008   0.0083  -0.0024   0.4371  -0.0114  -0.0023
  -0.0023   0.0022  -0.0009  -0.0072   0.0110  -0.0053   0.0080  -0.0045   0.0174   0.0018  -0.0026  -0.0114   0.3420  -0.0000
   0.0010  -0.0045  -0.0023   0.0039  -0.0041  -0.0021  -0.0123   0.0100  -0.0153  -0.0001   0.0137  -0.0023  -0.0000   0.3422
 imag part
   0.0000   0.0186   0.0002  -0.0646  -0.0001  -0.0021  -0.0056   0.0039  -0.0009  -0.0066  -0.0044  -0.0025   0.0019  -0.0006
  -0.0186  -0.0000   0.0318   0.0006   0.0401  -0.0045   0.0143   0.0084  -0.0339   0.0042   0.0071  -0.0157  -0.0027  -0.0079
  -0.0002  -0.0318   0.0000  -0.0229   0.0040   0.0030  -0.0050  -0.0034  -0.0028  -0.0055   0.0025  -0.0015  -0.0003  -0.0020
   0.0646  -0.0006   0.0229  -0.0000  -0.0228  -0.0090  -0.0101   0.0155  -0.0144   0.0085  -0.0024  -0.0345  -0.0065  -0.0010
   0.0001  -0.0401  -0.0040   0.0228  -0.0000   0.0148  -0.0029  -0.0344   0.0026   0.0063  -0.0100  -0.0441  -0.0053  -0.0169
   0.0021   0.0045  -0.0030   0.0090  -0.0148   0.0000   0.0210   0.0071   0.0228   0.0055  -0.0435  -0.0126  -0.0031  -0.0060
   0.0056  -0.0143   0.0050   0.0101   0.0029  -0.0210  -0.0000   0.0139   0.0060   0.0483  -0.0061  -0.0387   0.0277   0.0136
  -0.0039  -0.0084   0.0034  -0.0155   0.0344  -0.0071  -0.0139   0.0000  -0.0470  -0.0016  -0.0057  -0.0071  -0.0040   0.0077
   0.0009   0.0339   0.0028   0.0144  -0.0026  -0.0228  -0.0060   0.0470  -0.0000  -0.0246  -0.0110  -0.0556  -0.0041  -0.0069
   0.0066  -0.0042   0.0055  -0.0085  -0.0063  -0.0055  -0.0483   0.0016   0.0246  -0.0000  -0.0110  -0.0055  -0.0046  -0.0049
   0.0044  -0.0071  -0.0025   0.0024   0.0100   0.0435   0.0061   0.0057   0.0110   0.0110   0.0000  -0.0207   0.0054  -0.0163
   0.0025   0.0157   0.0015   0.0345   0.0441   0.0126   0.0387   0.0071   0.0556   0.0055   0.0207  -0.0000   0.0021   0.0021
  -0.0019   0.0027   0.0003   0.0065   0.0053   0.0031  -0.0277   0.0040   0.0041   0.0046  -0.0054  -0.0021  -0.0000  -0.0001
   0.0006   0.0079   0.0020   0.0010   0.0169   0.0060  -0.0136  -0.0077   0.0069   0.0049   0.0163  -0.0021   0.0001  -0.0000
   sub_tot=  5.247107 -0.000000
 imp=  1 eigen values of nks-unsym:
    0.5616    0.5545    0.5411    0.5399    0.4090    0.4048    0.3441    0.3435    0.2930    0.2898    0.2671    0.2612    0.2189    0.2185
************       nks-sym  ************
 imp=  1
 real part
   0.2435  -0.0046   0.0000   0.0000   0.0000   0.0000   0.0000   0.0000   0.0000   0.0000   0.0000   0.0000   0.0000   0.0000
  -0.0046   0.4532   0.0000   0.0000   0.0000   0.0000   0.0000   0.0000   0.0000   0.0000   0.0000   0.0000   0.0000   0.0000
   0.0000   0.0000   0.2435  -0.0046   0.0000   0.0000   0.0000   0.0000   0.0000   0.0000   0.0000   0.0000   0.0000   0.0000
   0.0000   0.0000  -0.0046   0.4532   0.0000   0.0000   0.0000   0.0000   0.0000   0.0000   0.0000   0.0000   0.0000   0.0000
   0.0000   0.0000   0.0000   0.0000   0.3482   0.0168   0.0000   0.0000   0.0000   0.0000   0.0000   0.0000   0.0000   0.0000
   0.0000   0.0000   0.0000   0.0000   0.0168   0.4441   0.0000   0.0000   0.0000   0.0000   0.0000   0.0000   0.0000   0.0000
   0.0000   0.0000   0.0000   0.0000   0.0000   0.0000   0.3482   0.0168   0.0000   0.0000   0.0000   0.0000   0.0000   0.0000
   0.0000   0.0000   0.0000   0.0000   0.0000   0.0000   0.0168   0.4441   0.0000   0.0000   0.0000   0.0000   0.0000   0.0000
   0.0000   0.0000   0.0000   0.0000   0.0000   0.0000   0.0000   0.0000   0.3482   0.0168   0.0000   0.0000   0.0000   0.0000
   0.0000   0.0000   0.0000   0.0000   0.0000   0.0000   0.0000   0.0000   0.0168   0.4441   0.0000   0.0000   0.0000   0.0000
   0.0000   0.0000   0.0000   0.0000   0.0000   0.0000   0.0000   0.0000   0.0000   0.0000   0.3482   0.0168   0.0000   0.0000
   0.0000   0.0000   0.0000   0.0000   0.0000   0.0000   0.0000   0.0000   0.0000   0.0000   0.0168   0.4441   0.0000   0.0000
   0.0000   0.0000   0.0000   0.0000   0.0000   0.0000   0.0000   0.0000   0.0000   0.0000   0.0000   0.0000   0.3421   0.0000
   0.0000   0.0000   0.0000   0.0000   0.0000   0.0000   0.0000   0.0000   0.0000   0.0000   0.0000   0.0000   0.0000   0.3421
 imag part
   0.0000  -0.0021   0.0000   0.0000   0.0000   0.0000   0.0000   0.0000   0.0000   0.0000   0.0000   0.0000   0.0000   0.0000
   0.0021   0.0000   0.0000   0.0000   0.0000   0.0000   0.0000   0.0000   0.0000   0.0000   0.0000   0.0000   0.0000   0.0000
   0.0000   0.0000   0.0000  -0.0021   0.0000   0.0000   0.0000   0.0000   0.0000   0.0000   0.0000   0.0000   0.0000   0.0000
   0.0000   0.0000   0.0021   0.0000   0.0000   0.0000   0.0000   0.0000   0.0000   0.0000   0.0000   0.0000   0.0000   0.0000
   0.0000   0.0000   0.0000   0.0000   0.0000  -0.0041   0.0000   0.0000   0.0000   0.0000   0.0000   0.0000   0.0000   0.0000
   0.0000   0.0000   0.0000   0.0000   0.0041   0.0000   0.0000   0.0000   0.0000   0.0000   0.0000   0.0000   0.0000   0.0000
   0.0000   0.0000   0.0000   0.0000   0.0000   0.0000   0.0000  -0.0041   0.0000   0.0000   0.0000   0.0000   0.0000   0.0000
   0.0000   0.0000   0.0000   0.0000   0.0000   0.0000   0.0041   0.0000   0.0000   0.0000   0.0000   0.0000   0.0000   0.0000
   0.0000   0.0000   0.0000   0.0000   0.0000   0.0000   0.0000   0.0000   0.0000  -0.0041   0.0000   0.0000   0.0000   0.0000
   0.0000   0.0000   0.0000   0.0000   0.0000   0.0000   0.0000   0.0000   0.0041   0.0000   0.0000   0.0000   0.0000   0.0000
   0.0000   0.0000   0.0000   0.0000   0.0000   0.0000   0.0000   0.0000   0.0000   0.0000   0.0000  -0.0041   0.0000   0.0000
   0.0000   0.0000   0.0000   0.0000   0.0000   0.0000   0.0000   0.0000   0.0000   0.0000   0.0041   0.0000   0.0000   0.0000
   0.0000   0.0000   0.0000   0.0000   0.0000   0.0000   0.0000   0.0000   0.0000   0.0000   0.0000   0.0000   0.0000   0.0000
   0.0000   0.0000   0.0000   0.0000   0.0000   0.0000   0.0000   0.0000   0.0000   0.0000   0.0000   0.0000   0.0000   0.0000
   sub_tot=  5.247107  0.000000
 max error due to symm in nks =     0.095723
 imp=  1 eigen values of   nks-sym:
    0.4533    0.4533    0.4472    0.4472    0.4472    0.4472    0.3452    0.3452    0.3452    0.3452    0.3421    0.3421    0.2434    0.2434
 imp =   1 s_xyz(nc-gauge    ) =     0.00215     0.00086    -0.00691
           l_xyz(nc-gauge    ) =    -0.00456     0.00923     0.01046
************       la1-inp  ************
 imp=  1
 real part
   2.0738  -0.0016   0.0000   0.0000   0.0000   0.0000   0.0000   0.0000   0.0000   0.0000   0.0000   0.0000   0.0000   0.0000
  -0.0016   2.0686   0.0000   0.0000   0.0000   0.0000   0.0000   0.0000   0.0000   0.0000   0.0000   0.0000   0.0000   0.0000
   0.0000   0.0000   2.0738  -0.0016   0.0000   0.0000   0.0000   0.0000   0.0000   0.0000   0.0000   0.0000   0.0000   0.0000
   0.0000   0.0000  -0.0016   2.0686   0.0000   0.0000   0.0000   0.0000   0.0000   0.0000   0.0000   0.0000   0.0000   0.0000
   0.0000   0.0000   0.0000   0.0000   2.0839  -0.0013   0.0000   0.0000   0.0000   0.0000   0.0000   0.0000   0.0000   0.0000
   0.0000   0.0000   0.0000   0.0000  -0.0013   2.0579   0.0000   0.0000   0.0000   0.0000   0.0000   0.0000   0.0000   0.0000
   0.0000   0.0000   0.0000   0.0000   0.0000   0.0000   2.0839  -0.0013   0.0000   0.0000   0.0000   0.0000   0.0000   0.0000
   0.0000   0.0000   0.0000   0.0000   0.0000   0.0000  -0.0013   2.0579   0.0000   0.0000   0.0000   0.0000   0.0000   0.0000
   0.0000   0.0000   0.0000   0.0000   0.0000   0.0000   0.0000   0.0000   2.0839  -0.0013   0.0000   0.0000   0.0000   0.0000
   0.0000   0.0000   0.0000   0.0000   0.0000   0.0000   0.0000   0.0000  -0.0013   2.0579   0.0000   0.0000   0.0000   0.0000
   0.0000   0.0000   0.0000   0.0000   0.0000   0.0000   0.0000   0.0000   0.0000   0.0000   2.0839  -0.0013   0.0000   0.0000
   0.0000   0.0000   0.0000   0.0000   0.0000   0.0000   0.0000   0.0000   0.0000   0.0000  -0.0013   2.0579   0.0000   0.0000
   0.0000   0.0000   0.0000   0.0000   0.0000   0.0000   0.0000   0.0000   0.0000   0.0000   0.0000   0.0000   2.0557   0.0000
   0.0000   0.0000   0.0000   0.0000   0.0000   0.0000   0.0000   0.0000   0.0000   0.0000   0.0000   0.0000   0.0000   2.0557
 imag part
   0.0000   0.0018   0.0000   0.0000   0.0000   0.0000   0.0000   0.0000   0.0000   0.0000   0.0000   0.0000   0.0000   0.0000
  -0.0018   0.0000   0.0000   0.0000   0.0000   0.0000   0.0000   0.0000   0.0000   0.0000   0.0000   0.0000   0.0000   0.0000
   0.0000   0.0000   0.0000   0.0018   0.0000   0.0000   0.0000   0.0000   0.0000   0.0000   0.0000   0.0000   0.0000   0.0000
   0.0000   0.0000  -0.0018   0.0000   0.0000   0.0000   0.0000   0.0000   0.0000   0.0000   0.0000   0.0000   0.0000   0.0000
   0.0000   0.0000   0.0000   0.0000   0.0000   0.0020   0.0000   0.0000   0.0000   0.0000   0.0000   0.0000   0.0000   0.0000
   0.0000   0.0000   0.0000   0.0000  -0.0020   0.0000   0.0000   0.0000   0.0000   0.0000   0.0000   0.0000   0.0000   0.0000
   0.0000   0.0000   0.0000   0.0000   0.0000   0.0000   0.0000   0.0020   0.0000   0.0000   0.0000   0.0000   0.0000   0.0000
   0.0000   0.0000   0.0000   0.0000   0.0000   0.0000  -0.0020   0.0000   0.0000   0.0000   0.0000   0.0000   0.0000   0.0000
   0.0000   0.0000   0.0000   0.0000   0.0000   0.0000   0.0000   0.0000   0.0000   0.0020   0.0000   0.0000   0.0000   0.0000
   0.0000   0.0000   0.0000   0.0000   0.0000   0.0000   0.0000   0.0000  -0.0020   0.0000   0.0000   0.0000   0.0000   0.0000
   0.0000   0.0000   0.0000   0.0000   0.0000   0.0000   0.0000   0.0000   0.0000   0.0000   0.0000   0.0020   0.0000   0.0000
   0.0000   0.0000   0.0000   0.0000   0.0000   0.0000   0.0000   0.0000   0.0000   0.0000  -0.0020   0.0000   0.0000   0.0000
   0.0000   0.0000   0.0000   0.0000   0.0000   0.0000   0.0000   0.0000   0.0000   0.0000   0.0000   0.0000   0.0000   0.0000
   0.0000   0.0000   0.0000   0.0000   0.0000   0.0000   0.0000   0.0000   0.0000   0.0000   0.0000   0.0000   0.0000   0.0000
************   la1-inp-sym  ************
 imp=  1
 real part
   2.0738  -0.0016   0.0000   0.0000   0.0000   0.0000   0.0000   0.0000   0.0000   0.0000   0.0000   0.0000   0.0000   0.0000
  -0.0016   2.0686   0.0000   0.0000   0.0000   0.0000   0.0000   0.0000   0.0000   0.0000   0.0000   0.0000   0.0000   0.0000
   0.0000   0.0000   2.0738  -0.0016   0.0000   0.0000   0.0000   0.0000   0.0000   0.0000   0.0000   0.0000   0.0000   0.0000
   0.0000   0.0000  -0.0016   2.0686   0.0000   0.0000   0.0000   0.0000   0.0000   0.0000   0.0000   0.0000   0.0000   0.0000
   0.0000   0.0000   0.0000   0.0000   2.0839  -0.0013   0.0000   0.0000   0.0000   0.0000   0.0000   0.0000   0.0000   0.0000
   0.0000   0.0000   0.0000   0.0000  -0.0013   2.0579   0.0000   0.0000   0.0000   0.0000   0.0000   0.0000   0.0000   0.0000
   0.0000   0.0000   0.0000   0.0000   0.0000   0.0000   2.0839  -0.0013   0.0000   0.0000   0.0000   0.0000   0.0000   0.0000
   0.0000   0.0000   0.0000   0.0000   0.0000   0.0000  -0.0013   2.0579   0.0000   0.0000   0.0000   0.0000   0.0000   0.0000
   0.0000   0.0000   0.0000   0.0000   0.0000   0.0000   0.0000   0.0000   2.0839  -0.0013   0.0000   0.0000   0.0000   0.0000
   0.0000   0.0000   0.0000   0.0000   0.0000   0.0000   0.0000   0.0000  -0.0013   2.0579   0.0000   0.0000   0.0000   0.0000
   0.0000   0.0000   0.0000   0.0000   0.0000   0.0000   0.0000   0.0000   0.0000   0.0000   2.0839  -0.0013   0.0000   0.0000
   0.0000   0.0000   0.0000   0.0000   0.0000   0.0000   0.0000   0.0000   0.0000   0.0000  -0.0013   2.0579   0.0000   0.0000
   0.0000   0.0000   0.0000   0.0000   0.0000   0.0000   0.0000   0.0000   0.0000   0.0000   0.0000   0.0000   2.0557   0.0000
   0.0000   0.0000   0.0000   0.0000   0.0000   0.0000   0.0000   0.0000   0.0000   0.0000   0.0000   0.0000   0.0000   2.0557
 imag part
   0.0000   0.0018   0.0000   0.0000   0.0000   0.0000   0.0000   0.0000   0.0000   0.0000   0.0000   0.0000   0.0000   0.0000
  -0.0018   0.0000   0.0000   0.0000   0.0000   0.0000   0.0000   0.0000   0.0000   0.0000   0.0000   0.0000   0.0000   0.0000
   0.0000   0.0000   0.0000   0.0018   0.0000   0.0000   0.0000   0.0000   0.0000   0.0000   0.0000   0.0000   0.0000   0.0000
   0.0000   0.0000  -0.0018   0.0000   0.0000   0.0000   0.0000   0.0000   0.0000   0.0000   0.0000   0.0000   0.0000   0.0000
   0.0000   0.0000   0.0000   0.0000   0.0000   0.0020   0.0000   0.0000   0.0000   0.0000   0.0000   0.0000   0.0000   0.0000
   0.0000   0.0000   0.0000   0.0000  -0.0020   0.0000   0.0000   0.0000   0.0000   0.0000   0.0000   0.0000   0.0000   0.0000
   0.0000   0.0000   0.0000   0.0000   0.0000   0.0000   0.0000   0.0020   0.0000   0.0000   0.0000   0.0000   0.0000   0.0000
   0.0000   0.0000   0.0000   0.0000   0.0000   0.0000  -0.0020   0.0000   0.0000   0.0000   0.0000   0.0000   0.0000   0.0000
   0.0000   0.0000   0.0000   0.0000   0.0000   0.0000   0.0000   0.0000   0.0000   0.0020   0.0000   0.0000   0.0000   0.0000
   0.0000   0.0000   0.0000   0.0000   0.0000   0.0000   0.0000   0.0000  -0.0020   0.0000   0.0000   0.0000   0.0000   0.0000
   0.0000   0.0000   0.0000   0.0000   0.0000   0.0000   0.0000   0.0000   0.0000   0.0000   0.0000   0.0020   0.0000   0.0000
   0.0000   0.0000   0.0000   0.0000   0.0000   0.0000   0.0000   0.0000   0.0000   0.0000  -0.0020   0.0000   0.0000   0.0000
   0.0000   0.0000   0.0000   0.0000   0.0000   0.0000   0.0000   0.0000   0.0000   0.0000   0.0000   0.0000   0.0000   0.0000
   0.0000   0.0000   0.0000   0.0000   0.0000   0.0000   0.0000   0.0000   0.0000   0.0000   0.0000   0.0000   0.0000   0.0000
 imp=  1 eigen values of la1-inp-s:
    2.0841    2.0841    2.0841    2.0841    2.0747    2.0747    2.0677    2.0677    2.0576    2.0576    2.0576    2.0576    2.0557    2.0557
 max error due to symm in la1-inp =     0.000000
************         r-inp  ************
 imp=  1
 real part
   0.9885   0.0052   0.0000   0.0000   0.0000   0.0000   0.0000   0.0000   0.0000   0.0000   0.0000   0.0000   0.0000   0.0000
  -0.0023   0.9304   0.0000   0.0000   0.0000   0.0000   0.0000   0.0000   0.0000   0.0000   0.0000   0.0000   0.0000   0.0000
   0.0000   0.0000   0.9885   0.0052   0.0000   0.0000   0.0000   0.0000   0.0000   0.0000   0.0000   0.0000   0.0000   0.0000
   0.0000   0.0000  -0.0023   0.9304   0.0000   0.0000   0.0000   0.0000   0.0000   0.0000   0.0000   0.0000   0.0000   0.0000
   0.0000   0.0000   0.0000   0.0000   0.9682  -0.0083   0.0000   0.0000   0.0000   0.0000   0.0000   0.0000   0.0000   0.0000
   0.0000   0.0000   0.0000   0.0000  -0.0038   0.9309   0.0000   0.0000   0.0000   0.0000   0.0000   0.0000   0.0000   0.0000
   0.0000   0.0000   0.0000   0.0000   0.0000   0.0000   0.9682  -0.0083   0.0000   0.0000   0.0000   0.0000   0.0000   0.0000
   0.0000   0.0000   0.0000   0.0000   0.0000   0.0000  -0.0038   0.9309   0.0000   0.0000   0.0000   0.0000   0.0000   0.0000
   0.0000   0.0000   0.0000   0.0000   0.0000   0.0000   0.0000   0.0000   0.9682  -0.0083   0.0000   0.0000   0.0000   0.0000
   0.0000   0.0000   0.0000   0.0000   0.0000   0.0000   0.0000   0.0000  -0.0038   0.9309   0.0000   0.0000   0.0000   0.0000
   0.0000   0.0000   0.0000   0.0000   0.0000   0.0000   0.0000   0.0000   0.0000   0.0000   0.9682  -0.0083   0.0000   0.0000
   0.0000   0.0000   0.0000   0.0000   0.0000   0.0000   0.0000   0.0000   0.0000   0.0000  -0.0038   0.9309   0.0000   0.0000
   0.0000   0.0000   0.0000   0.0000   0.0000   0.0000   0.0000   0.0000   0.0000   0.0000   0.0000   0.0000   0.9707   0.0000
   0.0000   0.0000   0.0000   0.0000   0.0000   0.0000   0.0000   0.0000   0.0000   0.0000   0.0000   0.0000   0.0000   0.9707
 imag part
   0.0001  -0.0052   0.0000   0.0000   0.0000   0.0000   0.0000   0.0000   0.0000   0.0000   0.0000   0.0000   0.0000   0.0000
  -0.0035  -0.0001   0.0000   0.0000   0.0000   0.0000   0.0000   0.0000   0.0000   0.0000   0.0000   0.0000   0.0000   0.0000
   0.0000   0.0000   0.0001  -0.0052   0.0000   0.0000   0.0000   0.0000   0.0000   0.0000   0.0000   0.0000   0.0000   0.0000
   0.0000   0.0000  -0.0035  -0.0001   0.0000   0.0000   0.0000   0.0000   0.0000   0.0000   0.0000   0.0000   0.0000   0.0000
   0.0000   0.0000   0.0000   0.0000  -0.0002  -0.0029   0.0000   0.0000   0.0000   0.0000   0.0000   0.0000   0.0000   0.0000
   0.0000   0.0000   0.0000   0.0000  -0.0006   0.0003   0.0000   0.0000   0.0000   0.0000   0.0000   0.0000   0.0000   0.0000
   0.0000   0.0000   0.0000   0.0000   0.0000   0.0000  -0.0002  -0.0029   0.0000   0.0000   0.0000   0.0000   0.0000   0.0000
   0.0000   0.0000   0.0000   0.0000   0.0000   0.0000  -0.0006   0.0003   0.0000   0.0000   0.0000   0.0000   0.0000   0.0000
   0.0000   0.0000   0.0000   0.0000   0.0000   0.0000   0.0000   0.0000  -0.0002  -0.0029   0.0000   0.0000   0.0000   0.0000
   0.0000   0.0000   0.0000   0.0000   0.0000   0.0000   0.0000   0.0000  -0.0006   0.0003   0.0000   0.0000   0.0000   0.0000
   0.0000   0.0000   0.0000   0.0000   0.0000   0.0000   0.0000   0.0000   0.0000   0.0000  -0.0002  -0.0029   0.0000   0.0000
   0.0000   0.0000   0.0000   0.0000   0.0000   0.0000   0.0000   0.0000   0.0000   0.0000  -0.0006   0.0003   0.0000   0.0000
   0.0000   0.0000   0.0000   0.0000   0.0000   0.0000   0.0000   0.0000   0.0000   0.0000   0.0000   0.0000  -0.0000   0.0000
   0.0000   0.0000   0.0000   0.0000   0.0000   0.0000   0.0000   0.0000   0.0000   0.0000   0.0000   0.0000   0.0000  -0.0000
************     r-inp-sym  ************
 imp=  1
 real part
   0.9885   0.0052   0.0000   0.0000   0.0000   0.0000   0.0000   0.0000   0.0000   0.0000   0.0000   0.0000   0.0000   0.0000
  -0.0023   0.9304   0.0000   0.0000   0.0000   0.0000   0.0000   0.0000   0.0000   0.0000   0.0000   0.0000   0.0000   0.0000
   0.0000   0.0000   0.9885   0.0052   0.0000   0.0000   0.0000   0.0000   0.0000   0.0000   0.0000   0.0000   0.0000   0.0000
   0.0000   0.0000  -0.0023   0.9304   0.0000   0.0000   0.0000   0.0000   0.0000   0.0000   0.0000   0.0000   0.0000   0.0000
   0.0000   0.0000   0.0000   0.0000   0.9682  -0.0083   0.0000   0.0000   0.0000   0.0000   0.0000   0.0000   0.0000   0.0000
   0.0000   0.0000   0.0000   0.0000  -0.0038   0.9309   0.0000   0.0000   0.0000   0.0000   0.0000   0.0000   0.0000   0.0000
   0.0000   0.0000   0.0000   0.0000   0.0000   0.0000   0.9682  -0.0083   0.0000   0.0000   0.0000   0.0000   0.0000   0.0000
   0.0000   0.0000   0.0000   0.0000   0.0000   0.0000  -0.0038   0.9309   0.0000   0.0000   0.0000   0.0000   0.0000   0.0000
   0.0000   0.0000   0.0000   0.0000   0.0000   0.0000   0.0000   0.0000   0.9682  -0.0083   0.0000   0.0000   0.0000   0.0000
   0.0000   0.0000   0.0000   0.0000   0.0000   0.0000   0.0000   0.0000  -0.0038   0.9309   0.0000   0.0000   0.0000   0.0000
   0.0000   0.0000   0.0000   0.0000   0.0000   0.0000   0.0000   0.0000   0.0000   0.0000   0.9682  -0.0083   0.0000   0.0000
   0.0000   0.0000   0.0000   0.0000   0.0000   0.0000   0.0000   0.0000   0.0000   0.0000  -0.0038   0.9309   0.0000   0.0000
   0.0000   0.0000   0.0000   0.0000   0.0000   0.0000   0.0000   0.0000   0.0000   0.0000   0.0000   0.0000   0.9707   0.0000
   0.0000   0.0000   0.0000   0.0000   0.0000   0.0000   0.0000   0.0000   0.0000   0.0000   0.0000   0.0000   0.0000   0.9707
 imag part
   0.0001  -0.0052   0.0000   0.0000   0.0000   0.0000   0.0000   0.0000   0.0000   0.0000   0.0000   0.0000   0.0000   0.0000
  -0.0035  -0.0001   0.0000   0.0000   0.0000   0.0000   0.0000   0.0000   0.0000   0.0000   0.0000   0.0000   0.0000   0.0000
   0.0000   0.0000   0.0001  -0.0052   0.0000   0.0000   0.0000   0.0000   0.0000   0.0000   0.0000   0.0000   0.0000   0.0000
   0.0000   0.0000  -0.0035  -0.0001   0.0000   0.0000   0.0000   0.0000   0.0000   0.0000   0.0000   0.0000   0.0000   0.0000
   0.0000   0.0000   0.0000   0.0000  -0.0002  -0.0029   0.0000   0.0000   0.0000   0.0000   0.0000   0.0000   0.0000   0.0000
   0.0000   0.0000   0.0000   0.0000  -0.0006   0.0003   0.0000   0.0000   0.0000   0.0000   0.0000   0.0000   0.0000   0.0000
   0.0000   0.0000   0.0000   0.0000   0.0000   0.0000  -0.0002  -0.0029   0.0000   0.0000   0.0000   0.0000   0.0000   0.0000
   0.0000   0.0000   0.0000   0.0000   0.0000   0.0000  -0.0006   0.0003   0.0000   0.0000   0.0000   0.0000   0.0000   0.0000
   0.0000   0.0000   0.0000   0.0000   0.0000   0.0000   0.0000   0.0000  -0.0002  -0.0029   0.0000   0.0000   0.0000   0.0000
   0.0000   0.0000   0.0000   0.0000   0.0000   0.0000   0.0000   0.0000  -0.0006   0.0003   0.0000   0.0000   0.0000   0.0000
   0.0000   0.0000   0.0000   0.0000   0.0000   0.0000   0.0000   0.0000   0.0000   0.0000  -0.0002  -0.0029   0.0000   0.0000
   0.0000   0.0000   0.0000   0.0000   0.0000   0.0000   0.0000   0.0000   0.0000   0.0000  -0.0006   0.0003   0.0000   0.0000
   0.0000   0.0000   0.0000   0.0000   0.0000   0.0000   0.0000   0.0000   0.0000   0.0000   0.0000   0.0000  -0.0000   0.0000
   0.0000   0.0000   0.0000   0.0000   0.0000   0.0000   0.0000   0.0000   0.0000   0.0000   0.0000   0.0000   0.0000  -0.0000
 max error due to symm in r-inp =     0.000000
 nele_loc spin-respective total:
       2.62355   2.62355
 standard FLL dc with dc only updated at the electron density cycles.
 input nelf tot:
           6.647
 input nelf spin-resolved:
           3.323     3.323
 average hubbard u list:
           0.294
 average hund j list:
           0.026
 maximal local symmetrization error =    0.09572
 WARNING: LARGE LOCAL SYMM ERROR!
   YOU ARE USING TOO HIGH SYMMETRY FOR THIS SYSTEM!
 CyGInit takes    0 h  0 m  0.71 s(cpu).
                  0 h  0 m  1.09 s(wall).
 total number of impurities =    1
 impurity imap indices:
       1
 impurity num_spin_orbitals:
      14
 imp =  1 v2e(1,1,1,1) = .31
 mott localized orbital info:
 i=  1 nsorb= 0 nelect= 0
 ispin_in= 1 iso= 2 ispin= 1 ispo= 2
************     h1e-unsym  ************
 imp=  1
 real part
   2.0738  -0.0054   0.0000   0.0055   0.0113   0.0140   0.0008   0.0138   0.0101  -0.0007  -0.0066   0.0041  -0.0001   0.0000
  -0.0054   2.0686   0.0123  -0.0000   0.0118  -0.0035  -0.0058  -0.0097   0.0199   0.0088   0.0072  -0.0004  -0.0000  -0.0000
   0.0000   0.0123   2.0738   0.0023  -0.0039  -0.0050   0.0015  -0.0147  -0.0047   0.0155  -0.0055   0.0061  -0.0000  -0.0001
   0.0055  -0.0000   0.0023   2.0686  -0.0081   0.0073  -0.0114   0.0081  -0.0039   0.0091   0.0236   0.0070  -0.0000   0.0000
   0.0113   0.0118  -0.0039  -0.0081   2.0837  -0.0016  -0.0036   0.0047  -0.0097   0.0013   0.0084   0.0007   0.0014   0.0038
   0.0140  -0.0035  -0.0050   0.0073  -0.0016   2.0628   0.0035  -0.0120  -0.0005  -0.0015  -0.0016  -0.0047  -0.0020  -0.0141
   0.0008  -0.0058   0.0015  -0.0114  -0.0036   0.0035   2.0902   0.0026   0.0069  -0.0018   0.0125  -0.0035   0.0035  -0.0023
   0.0138  -0.0097  -0.0147   0.0081   0.0047  -0.0120   0.0026   2.0578   0.0026  -0.0027   0.0003  -0.0017  -0.0037   0.0135
   0.0101   0.0199  -0.0047  -0.0039  -0.0097  -0.0005   0.0069   0.0026   2.0803  -0.0044  -0.0018   0.0029   0.0033  -0.0084
  -0.0007   0.0088   0.0155   0.0091   0.0013  -0.0015  -0.0018  -0.0027  -0.0044   2.0474  -0.0040  -0.0057   0.0135  -0.0051
  -0.0066   0.0072  -0.0055   0.0236   0.0084  -0.0016   0.0125   0.0003  -0.0018  -0.0040   2.0812  -0.0021   0.0039   0.0034
   0.0041  -0.0004   0.0061   0.0070   0.0007  -0.0047  -0.0035  -0.0017   0.0029  -0.0057  -0.0021   2.0634  -0.0234  -0.0003
  -0.0001  -0.0000  -0.0000  -0.0000   0.0014  -0.0020   0.0035  -0.0037   0.0033   0.0135   0.0039  -0.0234   2.0557   0.0000
   0.0000  -0.0000  -0.0001   0.0000   0.0038  -0.0141  -0.0023   0.0135  -0.0084  -0.0051   0.0034  -0.0003   0.0000   2.0557
 imag part
   0.0000  -0.0017   0.0000   0.0117  -0.0024   0.0105   0.0024   0.0106   0.0019   0.0128  -0.0072   0.0163  -0.0001   0.0000
   0.0017  -0.0000  -0.0042   0.0000  -0.0150  -0.0005  -0.0118   0.0040   0.0116   0.0046   0.0088  -0.0068   0.0000   0.0000
  -0.0000   0.0042   0.0000   0.0052   0.0061   0.0014   0.0085   0.0081  -0.0090   0.0207  -0.0090  -0.0066   0.0000   0.0001
  -0.0117  -0.0000  -0.0052   0.0000   0.0142  -0.0025  -0.0032   0.0009   0.0137   0.0026  -0.0052  -0.0014  -0.0000   0.0000
   0.0024   0.0150  -0.0061  -0.0142  -0.0000   0.0058   0.0008  -0.0001  -0.0103   0.0000   0.0011   0.0006  -0.0007   0.0090
  -0.0105   0.0005  -0.0014   0.0025  -0.0058  -0.0000   0.0016   0.0016   0.0033  -0.0011  -0.0039  -0.0076   0.0093   0.0241
  -0.0024   0.0118  -0.0085   0.0032  -0.0008  -0.0016   0.0000   0.0031   0.0010   0.0016  -0.0052  -0.0060  -0.0117  -0.0041
  -0.0106  -0.0040  -0.0081  -0.0009   0.0001  -0.0016  -0.0031   0.0000  -0.0024   0.0067   0.0025  -0.0072   0.0120  -0.0177
  -0.0019  -0.0116   0.0090  -0.0137   0.0103  -0.0033  -0.0010   0.0024  -0.0000   0.0025   0.0045   0.0009  -0.0007  -0.0016
  -0.0128  -0.0046  -0.0207  -0.0026  -0.0000   0.0011  -0.0016  -0.0067  -0.0025   0.0000  -0.0009   0.0076  -0.0039  -0.0031
   0.0072  -0.0088   0.0090   0.0052  -0.0011   0.0039   0.0052  -0.0025  -0.0045   0.0009   0.0000  -0.0033  -0.0065   0.0040
  -0.0163   0.0068   0.0066   0.0014  -0.0006   0.0076   0.0060   0.0072  -0.0009  -0.0076   0.0033   0.0000  -0.0181  -0.0033
   0.0001  -0.0000  -0.0000   0.0000   0.0007  -0.0093   0.0117  -0.0120   0.0007   0.0039   0.0065   0.0181  -0.0000  -0.0000
  -0.0000  -0.0000  -0.0001  -0.0000  -0.0090  -0.0241   0.0041   0.0177   0.0016   0.0031  -0.0040   0.0033   0.0000   0.0000
   orbital splitting:
   0.00000  -0.00516  -0.00000  -0.00516   0.00998  -0.01095   0.01649  -0.01593   0.00653  -0.02634   0.00740  -0.01037  -0.01806  -0.01806
 imp=  1 eigen values of h1e-unsym:
    2.1080    2.1080    2.1054    2.1054    2.1009    2.1009    2.1005    2.1005    2.0255    2.0255    2.0212    2.0212    2.0201    2.0201
************       h1e-sym  ************
 imp=  1
 real part
   2.0738  -0.0016   0.0000   0.0000   0.0000   0.0000   0.0000   0.0000   0.0000   0.0000   0.0000   0.0000   0.0000   0.0000
  -0.0016   2.0686   0.0000   0.0000   0.0000   0.0000   0.0000   0.0000   0.0000   0.0000   0.0000   0.0000   0.0000   0.0000
   0.0000   0.0000   2.0738  -0.0016   0.0000   0.0000   0.0000   0.0000   0.0000   0.0000   0.0000   0.0000   0.0000   0.0000
   0.0000   0.0000  -0.0016   2.0686   0.0000   0.0000   0.0000   0.0000   0.0000   0.0000   0.0000   0.0000   0.0000   0.0000
   0.0000   0.0000   0.0000   0.0000   2.0839  -0.0013   0.0000   0.0000   0.0000   0.0000   0.0000   0.0000   0.0000   0.0000
   0.0000   0.0000   0.0000   0.0000  -0.0013   2.0579   0.0000   0.0000   0.0000   0.0000   0.0000   0.0000   0.0000   0.0000
   0.0000   0.0000   0.0000   0.0000   0.0000   0.0000   2.0839  -0.0013   0.0000   0.0000   0.0000   0.0000   0.0000   0.0000
   0.0000   0.0000   0.0000   0.0000   0.0000   0.0000  -0.0013   2.0579   0.0000   0.0000   0.0000   0.0000   0.0000   0.0000
   0.0000   0.0000   0.0000   0.0000   0.0000   0.0000   0.0000   0.0000   2.0839  -0.0013   0.0000   0.0000   0.0000   0.0000
   0.0000   0.0000   0.0000   0.0000   0.0000   0.0000   0.0000   0.0000  -0.0013   2.0579   0.0000   0.0000   0.0000   0.0000
   0.0000   0.0000   0.0000   0.0000   0.0000   0.0000   0.0000   0.0000   0.0000   0.0000   2.0839  -0.0013   0.0000   0.0000
   0.0000   0.0000   0.0000   0.0000   0.0000   0.0000   0.0000   0.0000   0.0000   0.0000  -0.0013   2.0579   0.0000   0.0000
   0.0000   0.0000   0.0000   0.0000   0.0000   0.0000   0.0000   0.0000   0.0000   0.0000   0.0000   0.0000   2.0557   0.0000
   0.0000   0.0000   0.0000   0.0000   0.0000   0.0000   0.0000   0.0000   0.0000   0.0000   0.0000   0.0000   0.0000   2.0557
 imag part
   0.0000   0.0018   0.0000   0.0000   0.0000   0.0000   0.0000   0.0000   0.0000   0.0000   0.0000   0.0000   0.0000   0.0000
  -0.0018   0.0000   0.0000   0.0000   0.0000   0.0000   0.0000   0.0000   0.0000   0.0000   0.0000   0.0000   0.0000   0.0000
   0.0000   0.0000   0.0000   0.0018   0.0000   0.0000   0.0000   0.0000   0.0000   0.0000   0.0000   0.0000   0.0000   0.0000
   0.0000   0.0000  -0.0018   0.0000   0.0000   0.0000   0.0000   0.0000   0.0000   0.0000   0.0000   0.0000   0.0000   0.0000
   0.0000   0.0000   0.0000   0.0000   0.0000   0.0020   0.0000   0.0000   0.0000   0.0000   0.0000   0.0000   0.0000   0.0000
   0.0000   0.0000   0.0000   0.0000  -0.0020   0.0000   0.0000   0.0000   0.0000   0.0000   0.0000   0.0000   0.0000   0.0000
   0.0000   0.0000   0.0000   0.0000   0.0000   0.0000   0.0000   0.0020   0.0000   0.0000   0.0000   0.0000   0.0000   0.0000
   0.0000   0.0000   0.0000   0.0000   0.0000   0.0000  -0.0020   0.0000   0.0000   0.0000   0.0000   0.0000   0.0000   0.0000
   0.0000   0.0000   0.0000   0.0000   0.0000   0.0000   0.0000   0.0000   0.0000   0.0020   0.0000   0.0000   0.0000   0.0000
   0.0000   0.0000   0.0000   0.0000   0.0000   0.0000   0.0000   0.0000  -0.0020   0.0000   0.0000   0.0000   0.0000   0.0000
   0.0000   0.0000   0.0000   0.0000   0.0000   0.0000   0.0000   0.0000   0.0000   0.0000   0.0000   0.0020   0.0000   0.0000
   0.0000   0.0000   0.0000   0.0000   0.0000   0.0000   0.0000   0.0000   0.0000   0.0000  -0.0020   0.0000   0.0000   0.0000
   0.0000   0.0000   0.0000   0.0000   0.0000   0.0000   0.0000   0.0000   0.0000   0.0000   0.0000   0.0000   0.0000   0.0000
   0.0000   0.0000   0.0000   0.0000   0.0000   0.0000   0.0000   0.0000   0.0000   0.0000   0.0000   0.0000   0.0000   0.0000
   orbital splitting:
   0.00000  -0.00516   0.00000  -0.00516   0.01010  -0.01590   0.01010  -0.01590   0.01010  -0.01590   0.01010  -0.01590  -0.01806  -0.01806
 imp=  1 eigen values of   h1e-sym:
    2.0841    2.0841    2.0841    2.0841    2.0747    2.0747    2.0677    2.0677    2.0576    2.0576    2.0576    2.0576    2.0557    2.0557
 max error due to symm in h1e =     0.029602
************     h1u-unsym  ************
 imp=  1
 real part
   2.0738  -0.0054   0.0000   0.0055   0.0113   0.0140   0.0008   0.0138   0.0101  -0.0007  -0.0066   0.0041  -0.0001   0.0000
  -0.0054   2.0686   0.0123  -0.0000   0.0118  -0.0035  -0.0058  -0.0097   0.0199   0.0088   0.0072  -0.0004  -0.0000  -0.0000
   0.0000   0.0123   2.0738   0.0023  -0.0039  -0.0050   0.0015  -0.0147  -0.0047   0.0155  -0.0055   0.0061  -0.0000  -0.0001
   0.0055  -0.0000   0.0023   2.0686  -0.0081   0.0073  -0.0114   0.0081  -0.0039   0.0091   0.0236   0.0070  -0.0000   0.0000
   0.0113   0.0118  -0.0039  -0.0081   2.0837  -0.0016  -0.0036   0.0047  -0.0097   0.0013   0.0084   0.0007   0.0014   0.0038
   0.0140  -0.0035  -0.0050   0.0073  -0.0016   2.0628   0.0035  -0.0120  -0.0005  -0.0015  -0.0016  -0.0047  -0.0020  -0.0141
   0.0008  -0.0058   0.0015  -0.0114  -0.0036   0.0035   2.0902   0.0026   0.0069  -0.0018   0.0125  -0.0035   0.0035  -0.0023
   0.0138  -0.0097  -0.0147   0.0081   0.0047  -0.0120   0.0026   2.0578   0.0026  -0.0027   0.0003  -0.0017  -0.0037   0.0135
   0.0101   0.0199  -0.0047  -0.0039  -0.0097  -0.0005   0.0069   0.0026   2.0803  -0.0044  -0.0018   0.0029   0.0033  -0.0084
  -0.0007   0.0088   0.0155   0.0091   0.0013  -0.0015  -0.0018  -0.0027  -0.0044   2.0474  -0.0040  -0.0057   0.0135  -0.0051
  -0.0066   0.0072  -0.0055   0.0236   0.0084  -0.0016   0.0125   0.0003  -0.0018  -0.0040   2.0812  -0.0021   0.0039   0.0034
   0.0041  -0.0004   0.0061   0.0070   0.0007  -0.0047  -0.0035  -0.0017   0.0029  -0.0057  -0.0021   2.0634  -0.0234  -0.0003
  -0.0001  -0.0000  -0.0000  -0.0000   0.0014  -0.0020   0.0035  -0.0037   0.0033   0.0135   0.0039  -0.0234   2.0557   0.0000
   0.0000  -0.0000  -0.0001   0.0000   0.0038  -0.0141  -0.0023   0.0135  -0.0084  -0.0051   0.0034  -0.0003   0.0000   2.0557
 imag part
   0.0000  -0.0017   0.0000   0.0117  -0.0024   0.0105   0.0024   0.0106   0.0019   0.0128  -0.0072   0.0163  -0.0001   0.0000
   0.0017  -0.0000  -0.0042   0.0000  -0.0150  -0.0005  -0.0118   0.0040   0.0116   0.0046   0.0088  -0.0068   0.0000   0.0000
  -0.0000   0.0042   0.0000   0.0052   0.0061   0.0014   0.0085   0.0081  -0.0090   0.0207  -0.0090  -0.0066   0.0000   0.0001
  -0.0117  -0.0000  -0.0052   0.0000   0.0142  -0.0025  -0.0032   0.0009   0.0137   0.0026  -0.0052  -0.0014  -0.0000   0.0000
   0.0024   0.0150  -0.0061  -0.0142  -0.0000   0.0058   0.0008  -0.0001  -0.0103   0.0000   0.0011   0.0006  -0.0007   0.0090
  -0.0105   0.0005  -0.0014   0.0025  -0.0058  -0.0000   0.0016   0.0016   0.0033  -0.0011  -0.0039  -0.0076   0.0093   0.0241
  -0.0024   0.0118  -0.0085   0.0032  -0.0008  -0.0016   0.0000   0.0031   0.0010   0.0016  -0.0052  -0.0060  -0.0117  -0.0041
  -0.0106  -0.0040  -0.0081  -0.0009   0.0001  -0.0016  -0.0031   0.0000  -0.0024   0.0067   0.0025  -0.0072   0.0120  -0.0177
  -0.0019  -0.0116   0.0090  -0.0137   0.0103  -0.0033  -0.0010   0.0024  -0.0000   0.0025   0.0045   0.0009  -0.0007  -0.0016
  -0.0128  -0.0046  -0.0207  -0.0026  -0.0000   0.0011  -0.0016  -0.0067  -0.0025   0.0000  -0.0009   0.0076  -0.0039  -0.0031
   0.0072  -0.0088   0.0090   0.0052  -0.0011   0.0039   0.0052  -0.0025  -0.0045   0.0009   0.0000  -0.0033  -0.0065   0.0040
  -0.0163   0.0068   0.0066   0.0014  -0.0006   0.0076   0.0060   0.0072  -0.0009  -0.0076   0.0033   0.0000  -0.0181  -0.0033
   0.0001  -0.0000  -0.0000   0.0000   0.0007  -0.0093   0.0117  -0.0120   0.0007   0.0039   0.0065   0.0181  -0.0000  -0.0000
  -0.0000  -0.0000  -0.0001  -0.0000  -0.0090  -0.0241   0.0041   0.0177   0.0016   0.0031  -0.0040   0.0033   0.0000   0.0000
   orbital splitting:
   0.00000  -0.00516  -0.00000  -0.00516   0.00998  -0.01095   0.01649  -0.01593   0.00653  -0.02634   0.00740  -0.01037  -0.01806  -0.01806
 imp=  1 eigen values of h1u-unsym:
    2.1080    2.1080    2.1054    2.1054    2.1009    2.1009    2.1005    2.1005    2.0255    2.0255    2.0212    2.0212    2.0201    2.0201
************       h1u-sym  ************
 imp=  1
 real part
   2.0738  -0.0016   0.0000   0.0000   0.0000   0.0000   0.0000   0.0000   0.0000   0.0000   0.0000   0.0000   0.0000   0.0000
  -0.0016   2.0686   0.0000   0.0000   0.0000   0.0000   0.0000   0.0000   0.0000   0.0000   0.0000   0.0000   0.0000   0.0000
   0.0000   0.0000   2.0738  -0.0016   0.0000   0.0000   0.0000   0.0000   0.0000   0.0000   0.0000   0.0000   0.0000   0.0000
   0.0000   0.0000  -0.0016   2.0686   0.0000   0.0000   0.0000   0.0000   0.0000   0.0000   0.0000   0.0000   0.0000   0.0000
   0.0000   0.0000   0.0000   0.0000   2.0839  -0.0013   0.0000   0.0000   0.0000   0.0000   0.0000   0.0000   0.0000   0.0000
   0.0000   0.0000   0.0000   0.0000  -0.0013   2.0579   0.0000   0.0000   0.0000   0.0000   0.0000   0.0000   0.0000   0.0000
   0.0000   0.0000   0.0000   0.0000   0.0000   0.0000   2.0839  -0.0013   0.0000   0.0000   0.0000   0.0000   0.0000   0.0000
   0.0000   0.0000   0.0000   0.0000   0.0000   0.0000  -0.0013   2.0579   0.0000   0.0000   0.0000   0.0000   0.0000   0.0000
   0.0000   0.0000   0.0000   0.0000   0.0000   0.0000   0.0000   0.0000   2.0839  -0.0013   0.0000   0.0000   0.0000   0.0000
   0.0000   0.0000   0.0000   0.0000   0.0000   0.0000   0.0000   0.0000  -0.0013   2.0579   0.0000   0.0000   0.0000   0.0000
   0.0000   0.0000   0.0000   0.0000   0.0000   0.0000   0.0000   0.0000   0.0000   0.0000   2.0839  -0.0013   0.0000   0.0000
   0.0000   0.0000   0.0000   0.0000   0.0000   0.0000   0.0000   0.0000   0.0000   0.0000  -0.0013   2.0579   0.0000   0.0000
   0.0000   0.0000   0.0000   0.0000   0.0000   0.0000   0.0000   0.0000   0.0000   0.0000   0.0000   0.0000   2.0557   0.0000
   0.0000   0.0000   0.0000   0.0000   0.0000   0.0000   0.0000   0.0000   0.0000   0.0000   0.0000   0.0000   0.0000   2.0557
 imag part
   0.0000   0.0018   0.0000   0.0000   0.0000   0.0000   0.0000   0.0000   0.0000   0.0000   0.0000   0.0000   0.0000   0.0000
  -0.0018   0.0000   0.0000   0.0000   0.0000   0.0000   0.0000   0.0000   0.0000   0.0000   0.0000   0.0000   0.0000   0.0000
   0.0000   0.0000   0.0000   0.0018   0.0000   0.0000   0.0000   0.0000   0.0000   0.0000   0.0000   0.0000   0.0000   0.0000
   0.0000   0.0000  -0.0018   0.0000   0.0000   0.0000   0.0000   0.0000   0.0000   0.0000   0.0000   0.0000   0.0000   0.0000
   0.0000   0.0000   0.0000   0.0000   0.0000   0.0020   0.0000   0.0000   0.0000   0.0000   0.0000   0.0000   0.0000   0.0000
   0.0000   0.0000   0.0000   0.0000  -0.0020   0.0000   0.0000   0.0000   0.0000   0.0000   0.0000   0.0000   0.0000   0.0000
   0.0000   0.0000   0.0000   0.0000   0.0000   0.0000   0.0000   0.0020   0.0000   0.0000   0.0000   0.0000   0.0000   0.0000
   0.0000   0.0000   0.0000   0.0000   0.0000   0.0000  -0.0020   0.0000   0.0000   0.0000   0.0000   0.0000   0.0000   0.0000
   0.0000   0.0000   0.0000   0.0000   0.0000   0.0000   0.0000   0.0000   0.0000   0.0020   0.0000   0.0000   0.0000   0.0000
   0.0000   0.0000   0.0000   0.0000   0.0000   0.0000   0.0000   0.0000  -0.0020   0.0000   0.0000   0.0000   0.0000   0.0000
   0.0000   0.0000   0.0000   0.0000   0.0000   0.0000   0.0000   0.0000   0.0000   0.0000   0.0000   0.0020   0.0000   0.0000
   0.0000   0.0000   0.0000   0.0000   0.0000   0.0000   0.0000   0.0000   0.0000   0.0000  -0.0020   0.0000   0.0000   0.0000
   0.0000   0.0000   0.0000   0.0000   0.0000   0.0000   0.0000   0.0000   0.0000   0.0000   0.0000   0.0000   0.0000   0.0000
   0.0000   0.0000   0.0000   0.0000   0.0000   0.0000   0.0000   0.0000   0.0000   0.0000   0.0000   0.0000   0.0000   0.0000
   orbital splitting:
   0.00000  -0.00516   0.00000  -0.00516   0.01010  -0.01590   0.01010  -0.01590   0.01010  -0.01590   0.01010  -0.01590  -0.01806  -0.01806
 imp=  1 eigen values of   h1u-sym:
    2.0841    2.0841    2.0841    2.0841    2.0747    2.0747    2.0677    2.0677    2.0576    2.0576    2.0576    2.0576    2.0557    2.0557
 max error due to symm in h1u =     0.029602
 min/max(this%ne(1,:,:))=      40      48
 min/max(this%ne(2,:,:))=       9       9
 min/max(this%ne(3,:,:))=      26      34
 brillouin zone integration: ismear=-5 with delta=.00000
 this%nmax=  48
 valence electrons: total=    16.0
         correlated block=     8.0
 bz integration with tetra method, icor= 1
 equal occupancy of degenerate states, tol= 0.1E-05
 standard FLL dc with dc only updated at the electron density cycles.
 input nelf tot:
           6.647
 input nelf spin-resolved:
           3.323     3.323
 average hubbard u list:
           0.294
 average hund j list:
           0.026
************          r-in  ************
 imp=  1
 real part
   0.9885   0.0052   0.0000   0.0000   0.0000   0.0000   0.0000   0.0000   0.0000   0.0000   0.0000   0.0000   0.0000   0.0000
  -0.0023   0.9304   0.0000   0.0000   0.0000   0.0000   0.0000   0.0000   0.0000   0.0000   0.0000   0.0000   0.0000   0.0000
   0.0000   0.0000   0.9885   0.0052   0.0000   0.0000   0.0000   0.0000   0.0000   0.0000   0.0000   0.0000   0.0000   0.0000
   0.0000   0.0000  -0.0023   0.9304   0.0000   0.0000   0.0000   0.0000   0.0000   0.0000   0.0000   0.0000   0.0000   0.0000
   0.0000   0.0000   0.0000   0.0000   0.9682  -0.0083   0.0000   0.0000   0.0000   0.0000   0.0000   0.0000   0.0000   0.0000
   0.0000   0.0000   0.0000   0.0000  -0.0038   0.9309   0.0000   0.0000   0.0000   0.0000   0.0000   0.0000   0.0000   0.0000
   0.0000   0.0000   0.0000   0.0000   0.0000   0.0000   0.9682  -0.0083   0.0000   0.0000   0.0000   0.0000   0.0000   0.0000
   0.0000   0.0000   0.0000   0.0000   0.0000   0.0000  -0.0038   0.9309   0.0000   0.0000   0.0000   0.0000   0.0000   0.0000
   0.0000   0.0000   0.0000   0.0000   0.0000   0.0000   0.0000   0.0000   0.9682  -0.0083   0.0000   0.0000   0.0000   0.0000
   0.0000   0.0000   0.0000   0.0000   0.0000   0.0000   0.0000   0.0000  -0.0038   0.9309   0.0000   0.0000   0.0000   0.0000
   0.0000   0.0000   0.0000   0.0000   0.0000   0.0000   0.0000   0.0000   0.0000   0.0000   0.9682  -0.0083   0.0000   0.0000
   0.0000   0.0000   0.0000   0.0000   0.0000   0.0000   0.0000   0.0000   0.0000   0.0000  -0.0038   0.9309   0.0000   0.0000
   0.0000   0.0000   0.0000   0.0000   0.0000   0.0000   0.0000   0.0000   0.0000   0.0000   0.0000   0.0000   0.9707   0.0000
   0.0000   0.0000   0.0000   0.0000   0.0000   0.0000   0.0000   0.0000   0.0000   0.0000   0.0000   0.0000   0.0000   0.9707
 imag part
   0.0001  -0.0052   0.0000   0.0000   0.0000   0.0000   0.0000   0.0000   0.0000   0.0000   0.0000   0.0000   0.0000   0.0000
  -0.0035  -0.0001   0.0000   0.0000   0.0000   0.0000   0.0000   0.0000   0.0000   0.0000   0.0000   0.0000   0.0000   0.0000
   0.0000   0.0000   0.0001  -0.0052   0.0000   0.0000   0.0000   0.0000   0.0000   0.0000   0.0000   0.0000   0.0000   0.0000
   0.0000   0.0000  -0.0035  -0.0001   0.0000   0.0000   0.0000   0.0000   0.0000   0.0000   0.0000   0.0000   0.0000   0.0000
   0.0000   0.0000   0.0000   0.0000  -0.0002  -0.0029   0.0000   0.0000   0.0000   0.0000   0.0000   0.0000   0.0000   0.0000
   0.0000   0.0000   0.0000   0.0000  -0.0006   0.0003   0.0000   0.0000   0.0000   0.0000   0.0000   0.0000   0.0000   0.0000
   0.0000   0.0000   0.0000   0.0000   0.0000   0.0000  -0.0002  -0.0029   0.0000   0.0000   0.0000   0.0000   0.0000   0.0000
   0.0000   0.0000   0.0000   0.0000   0.0000   0.0000  -0.0006   0.0003   0.0000   0.0000   0.0000   0.0000   0.0000   0.0000
   0.0000   0.0000   0.0000   0.0000   0.0000   0.0000   0.0000   0.0000  -0.0002  -0.0029   0.0000   0.0000   0.0000   0.0000
   0.0000   0.0000   0.0000   0.0000   0.0000   0.0000   0.0000   0.0000  -0.0006   0.0003   0.0000   0.0000   0.0000   0.0000
   0.0000   0.0000   0.0000   0.0000   0.0000   0.0000   0.0000   0.0000   0.0000   0.0000  -0.0002  -0.0029   0.0000   0.0000
   0.0000   0.0000   0.0000   0.0000   0.0000   0.0000   0.0000   0.0000   0.0000   0.0000  -0.0006   0.0003   0.0000   0.0000
   0.0000   0.0000   0.0000   0.0000   0.0000   0.0000   0.0000   0.0000   0.0000   0.0000   0.0000   0.0000  -0.0000   0.0000
   0.0000   0.0000   0.0000   0.0000   0.0000   0.0000   0.0000   0.0000   0.0000   0.0000   0.0000   0.0000   0.0000  -0.0000
************        la1-in  ************
 imp=  1
 real part
   2.0738  -0.0016   0.0000   0.0000   0.0000   0.0000   0.0000   0.0000   0.0000   0.0000   0.0000   0.0000   0.0000   0.0000
  -0.0016   2.0686   0.0000   0.0000   0.0000   0.0000   0.0000   0.0000   0.0000   0.0000   0.0000   0.0000   0.0000   0.0000
   0.0000   0.0000   2.0738  -0.0016   0.0000   0.0000   0.0000   0.0000   0.0000   0.0000   0.0000   0.0000   0.0000   0.0000
   0.0000   0.0000  -0.0016   2.0686   0.0000   0.0000   0.0000   0.0000   0.0000   0.0000   0.0000   0.0000   0.0000   0.0000
   0.0000   0.0000   0.0000   0.0000   2.0839  -0.0013   0.0000   0.0000   0.0000   0.0000   0.0000   0.0000   0.0000   0.0000
   0.0000   0.0000   0.0000   0.0000  -0.0013   2.0579   0.0000   0.0000   0.0000   0.0000   0.0000   0.0000   0.0000   0.0000
   0.0000   0.0000   0.0000   0.0000   0.0000   0.0000   2.0839  -0.0013   0.0000   0.0000   0.0000   0.0000   0.0000   0.0000
   0.0000   0.0000   0.0000   0.0000   0.0000   0.0000  -0.0013   2.0579   0.0000   0.0000   0.0000   0.0000   0.0000   0.0000
   0.0000   0.0000   0.0000   0.0000   0.0000   0.0000   0.0000   0.0000   2.0839  -0.0013   0.0000   0.0000   0.0000   0.0000
   0.0000   0.0000   0.0000   0.0000   0.0000   0.0000   0.0000   0.0000  -0.0013   2.0579   0.0000   0.0000   0.0000   0.0000
   0.0000   0.0000   0.0000   0.0000   0.0000   0.0000   0.0000   0.0000   0.0000   0.0000   2.0839  -0.0013   0.0000   0.0000
   0.0000   0.0000   0.0000   0.0000   0.0000   0.0000   0.0000   0.0000   0.0000   0.0000  -0.0013   2.0579   0.0000   0.0000
   0.0000   0.0000   0.0000   0.0000   0.0000   0.0000   0.0000   0.0000   0.0000   0.0000   0.0000   0.0000   2.0557   0.0000
   0.0000   0.0000   0.0000   0.0000   0.0000   0.0000   0.0000   0.0000   0.0000   0.0000   0.0000   0.0000   0.0000   2.0557
 imag part
   0.0000   0.0018   0.0000   0.0000   0.0000   0.0000   0.0000   0.0000   0.0000   0.0000   0.0000   0.0000   0.0000   0.0000
  -0.0018   0.0000   0.0000   0.0000   0.0000   0.0000   0.0000   0.0000   0.0000   0.0000   0.0000   0.0000   0.0000   0.0000
   0.0000   0.0000   0.0000   0.0018   0.0000   0.0000   0.0000   0.0000   0.0000   0.0000   0.0000   0.0000   0.0000   0.0000
   0.0000   0.0000  -0.0018   0.0000   0.0000   0.0000   0.0000   0.0000   0.0000   0.0000   0.0000   0.0000   0.0000   0.0000
   0.0000   0.0000   0.0000   0.0000   0.0000   0.0020   0.0000   0.0000   0.0000   0.0000   0.0000   0.0000   0.0000   0.0000
   0.0000   0.0000   0.0000   0.0000  -0.0020   0.0000   0.0000   0.0000   0.0000   0.0000   0.0000   0.0000   0.0000   0.0000
   0.0000   0.0000   0.0000   0.0000   0.0000   0.0000   0.0000   0.0020   0.0000   0.0000   0.0000   0.0000   0.0000   0.0000
   0.0000   0.0000   0.0000   0.0000   0.0000   0.0000  -0.0020   0.0000   0.0000   0.0000   0.0000   0.0000   0.0000   0.0000
   0.0000   0.0000   0.0000   0.0000   0.0000   0.0000   0.0000   0.0000   0.0000   0.0020   0.0000   0.0000   0.0000   0.0000
   0.0000   0.0000   0.0000   0.0000   0.0000   0.0000   0.0000   0.0000  -0.0020   0.0000   0.0000   0.0000   0.0000   0.0000
   0.0000   0.0000   0.0000   0.0000   0.0000   0.0000   0.0000   0.0000   0.0000   0.0000   0.0000   0.0020   0.0000   0.0000
   0.0000   0.0000   0.0000   0.0000   0.0000   0.0000   0.0000   0.0000   0.0000   0.0000  -0.0020   0.0000   0.0000   0.0000
   0.0000   0.0000   0.0000   0.0000   0.0000   0.0000   0.0000   0.0000   0.0000   0.0000   0.0000   0.0000   0.0000   0.0000
   0.0000   0.0000   0.0000   0.0000   0.0000   0.0000   0.0000   0.0000   0.0000   0.0000   0.0000   0.0000   0.0000   0.0000
 calc_band_all takes    0 h  0 m  0.03 s(cpu).
                        0 h  0 m  0.03 s(wall).
 iloop            1
 iloop            2
   fermi energy at    2.0214951342472327     
   sum rule of tetrahedron integration checked 
   number of occupied bands:          18
   highest energy:   2.0697645195284666     
 gutz fermi level=      2.02149513
************     nks-unsym  ************
 imp=  1
 real part
   0.2472  -0.0218  -0.0002   0.0185   0.0002   0.0060  -0.0024   0.0053   0.0042   0.0023  -0.0033  -0.0060  -0.0024   0.0010
  -0.0218   0.4451   0.0604  -0.0004  -0.0017  -0.0287   0.0072   0.0360   0.0174  -0.0166   0.0064   0.0165   0.0022  -0.0045
  -0.0002   0.0604   0.2467   0.0122  -0.0006  -0.0090   0.0028   0.0020  -0.0042   0.0053  -0.0005   0.0002  -0.0010  -0.0026
   0.0185  -0.0004   0.0122   0.4447  -0.0134  -0.0181   0.0167  -0.0275   0.0105   0.0018   0.0460  -0.0176  -0.0075   0.0039
   0.0002  -0.0017  -0.0006  -0.0134   0.3431   0.0718  -0.0067   0.0256   0.0142  -0.0061   0.0021  -0.0206   0.0110  -0.0041
   0.0060  -0.0287  -0.0090  -0.0181   0.0718   0.4495  -0.0217   0.0070   0.0615  -0.0050  -0.0212  -0.0043  -0.0052  -0.0024
  -0.0024   0.0072   0.0028   0.0167  -0.0067  -0.0217   0.3595   0.0063   0.0020   0.0841  -0.0115   0.0337   0.0081  -0.0125
   0.0053   0.0360   0.0020  -0.0275   0.0256   0.0070   0.0063   0.4327   0.0168   0.0070  -0.0484  -0.0062  -0.0043   0.0100
   0.0042   0.0174  -0.0042   0.0105   0.0142   0.0615   0.0020   0.0168   0.3464  -0.0112  -0.0044  -0.0008   0.0177  -0.0155
   0.0023  -0.0166   0.0053   0.0018  -0.0061  -0.0050   0.0841   0.0070  -0.0112   0.4573  -0.0669   0.0085   0.0019  -0.0003
  -0.0033   0.0064  -0.0005   0.0460   0.0021  -0.0212  -0.0115  -0.0484  -0.0044  -0.0669   0.3421  -0.0038  -0.0027   0.0140
  -0.0060   0.0165   0.0002  -0.0176  -0.0206  -0.0043   0.0337  -0.0062  -0.0008   0.0085  -0.0038   0.4371  -0.0113  -0.0024
  -0.0024   0.0022  -0.0010  -0.0075   0.0110  -0.0052   0.0081  -0.0043   0.0177   0.0019  -0.0027  -0.0113   0.3463  -0.0001
   0.0010  -0.0045  -0.0026   0.0039  -0.0041  -0.0024  -0.0125   0.0100  -0.0155  -0.0003   0.0140  -0.0024  -0.0001   0.3466
 imag part
  -0.0000   0.0186   0.0001  -0.0661  -0.0003  -0.0023  -0.0058   0.0034  -0.0010  -0.0066  -0.0046  -0.0027   0.0022  -0.0006
  -0.0186  -0.0000   0.0326   0.0007   0.0407  -0.0046   0.0144   0.0088  -0.0343   0.0042   0.0071  -0.0159  -0.0027  -0.0081
  -0.0001  -0.0326   0.0000  -0.0238   0.0042   0.0031  -0.0053  -0.0036  -0.0028  -0.0060   0.0024  -0.0012  -0.0003  -0.0022
   0.0661  -0.0007   0.0238   0.0000  -0.0230  -0.0092  -0.0104   0.0158  -0.0144   0.0087  -0.0025  -0.0354  -0.0066  -0.0011
   0.0003  -0.0407  -0.0042   0.0230  -0.0000   0.0156  -0.0028  -0.0345   0.0026   0.0064  -0.0099  -0.0448  -0.0054  -0.0171
   0.0023   0.0046  -0.0031   0.0092  -0.0156   0.0000   0.0215   0.0071   0.0228   0.0058  -0.0444  -0.0125  -0.0031  -0.0062
   0.0058  -0.0144   0.0053   0.0104   0.0028  -0.0215   0.0000   0.0151   0.0059   0.0488  -0.0060  -0.0392   0.0283   0.0141
  -0.0034  -0.0088   0.0036  -0.0158   0.0345  -0.0071  -0.0151  -0.0000  -0.0475  -0.0020  -0.0058  -0.0074  -0.0042   0.0078
   0.0010   0.0343   0.0028   0.0144  -0.0026  -0.0228  -0.0059   0.0475  -0.0000  -0.0241  -0.0109  -0.0565  -0.0042  -0.0071
   0.0066  -0.0042   0.0060  -0.0087  -0.0064  -0.0058  -0.0488   0.0020   0.0241   0.0000  -0.0110  -0.0056  -0.0044  -0.0045
   0.0046  -0.0071  -0.0024   0.0025   0.0099   0.0444   0.0060   0.0058   0.0109   0.0110  -0.0000  -0.0196   0.0055  -0.0165
   0.0027   0.0159   0.0012   0.0354   0.0448   0.0125   0.0392   0.0074   0.0565   0.0056   0.0196   0.0000   0.0023   0.0020
  -0.0022   0.0027   0.0003   0.0066   0.0054   0.0031  -0.0283   0.0042   0.0042   0.0044  -0.0055  -0.0023  -0.0000   0.0000
   0.0006   0.0081   0.0022   0.0011   0.0171   0.0062  -0.0141  -0.0078   0.0071   0.0045   0.0165  -0.0020  -0.0000  -0.0000
   sub_tot=  5.244195  0.000000
 imp=  1 eigen values of nks-unsym:
    0.5636    0.5559    0.5394    0.5375    0.4068    0.4028    0.3465    0.3458    0.2925    0.2893    0.2652    0.2600    0.2196    0.2193
************       nks-sym  ************
 imp=  1
 real part
   0.2469  -0.0048   0.0000   0.0000   0.0000   0.0000   0.0000   0.0000   0.0000   0.0000   0.0000   0.0000   0.0000   0.0000
  -0.0048   0.4449   0.0000   0.0000   0.0000   0.0000   0.0000   0.0000   0.0000   0.0000   0.0000   0.0000   0.0000   0.0000
   0.0000   0.0000   0.2469  -0.0048   0.0000   0.0000   0.0000   0.0000   0.0000   0.0000   0.0000   0.0000   0.0000   0.0000
   0.0000   0.0000  -0.0048   0.4449   0.0000   0.0000   0.0000   0.0000   0.0000   0.0000   0.0000   0.0000   0.0000   0.0000
   0.0000   0.0000   0.0000   0.0000   0.3478   0.0158   0.0000   0.0000   0.0000   0.0000   0.0000   0.0000   0.0000   0.0000
   0.0000   0.0000   0.0000   0.0000   0.0158   0.4442   0.0000   0.0000   0.0000   0.0000   0.0000   0.0000   0.0000   0.0000
   0.0000   0.0000   0.0000   0.0000   0.0000   0.0000   0.3478   0.0158   0.0000   0.0000   0.0000   0.0000   0.0000   0.0000
   0.0000   0.0000   0.0000   0.0000   0.0000   0.0000   0.0158   0.4442   0.0000   0.0000   0.0000   0.0000   0.0000   0.0000
   0.0000   0.0000   0.0000   0.0000   0.0000   0.0000   0.0000   0.0000   0.3478   0.0158   0.0000   0.0000   0.0000   0.0000
   0.0000   0.0000   0.0000   0.0000   0.0000   0.0000   0.0000   0.0000   0.0158   0.4442   0.0000   0.0000   0.0000   0.0000
   0.0000   0.0000   0.0000   0.0000   0.0000   0.0000   0.0000   0.0000   0.0000   0.0000   0.3478   0.0158   0.0000   0.0000
   0.0000   0.0000   0.0000   0.0000   0.0000   0.0000   0.0000   0.0000   0.0000   0.0000   0.0158   0.4442   0.0000   0.0000
   0.0000   0.0000   0.0000   0.0000   0.0000   0.0000   0.0000   0.0000   0.0000   0.0000   0.0000   0.0000   0.3464   0.0000
   0.0000   0.0000   0.0000   0.0000   0.0000   0.0000   0.0000   0.0000   0.0000   0.0000   0.0000   0.0000   0.0000   0.3464
 imag part
   0.0000  -0.0026   0.0000   0.0000   0.0000   0.0000   0.0000   0.0000   0.0000   0.0000   0.0000   0.0000   0.0000   0.0000
   0.0026   0.0000   0.0000   0.0000   0.0000   0.0000   0.0000   0.0000   0.0000   0.0000   0.0000   0.0000   0.0000   0.0000
   0.0000   0.0000   0.0000  -0.0026   0.0000   0.0000   0.0000   0.0000   0.0000   0.0000   0.0000   0.0000   0.0000   0.0000
   0.0000   0.0000   0.0026   0.0000   0.0000   0.0000   0.0000   0.0000   0.0000   0.0000   0.0000   0.0000   0.0000   0.0000
   0.0000   0.0000   0.0000   0.0000   0.0000  -0.0032   0.0000   0.0000   0.0000   0.0000   0.0000   0.0000   0.0000   0.0000
   0.0000   0.0000   0.0000   0.0000   0.0032   0.0000   0.0000   0.0000   0.0000   0.0000   0.0000   0.0000   0.0000   0.0000
   0.0000   0.0000   0.0000   0.0000   0.0000   0.0000   0.0000  -0.0032   0.0000   0.0000   0.0000   0.0000   0.0000   0.0000
   0.0000   0.0000   0.0000   0.0000   0.0000   0.0000   0.0032   0.0000   0.0000   0.0000   0.0000   0.0000   0.0000   0.0000
   0.0000   0.0000   0.0000   0.0000   0.0000   0.0000   0.0000   0.0000   0.0000  -0.0032   0.0000   0.0000   0.0000   0.0000
   0.0000   0.0000   0.0000   0.0000   0.0000   0.0000   0.0000   0.0000   0.0032   0.0000   0.0000   0.0000   0.0000   0.0000
   0.0000   0.0000   0.0000   0.0000   0.0000   0.0000   0.0000   0.0000   0.0000   0.0000   0.0000  -0.0032   0.0000   0.0000
   0.0000   0.0000   0.0000   0.0000   0.0000   0.0000   0.0000   0.0000   0.0000   0.0000   0.0032   0.0000   0.0000   0.0000
   0.0000   0.0000   0.0000   0.0000   0.0000   0.0000   0.0000   0.0000   0.0000   0.0000   0.0000   0.0000   0.0000   0.0000
   0.0000   0.0000   0.0000   0.0000   0.0000   0.0000   0.0000   0.0000   0.0000   0.0000   0.0000   0.0000   0.0000   0.0000
   sub_tot=  5.244195  0.000000
 max error due to symm in nks =     0.097270
 imp=  1 eigen values of   nks-sym:
    0.4468    0.4468    0.4468    0.4468    0.4450    0.4450    0.3464    0.3464    0.3451    0.3451    0.3451    0.3451    0.2468    0.2468
************    isimix-var  ************
 imp=  1
 real part
   2.3192   0.0074   0.0000   0.0000   0.0000   0.0000   0.0000   0.0000   0.0000   0.0000   0.0000   0.0000   0.0000   0.0000
   0.0074   2.0124   0.0000   0.0000   0.0000   0.0000   0.0000   0.0000   0.0000   0.0000   0.0000   0.0000   0.0000   0.0000
   0.0000   0.0000   2.3192   0.0074   0.0000   0.0000   0.0000   0.0000   0.0000   0.0000   0.0000   0.0000   0.0000   0.0000
   0.0000   0.0000   0.0074   2.0124   0.0000   0.0000   0.0000   0.0000   0.0000   0.0000   0.0000   0.0000   0.0000   0.0000
   0.0000   0.0000   0.0000   0.0000   2.1011  -0.0143   0.0000   0.0000   0.0000   0.0000   0.0000   0.0000   0.0000   0.0000
   0.0000   0.0000   0.0000   0.0000  -0.0143   2.0138   0.0000   0.0000   0.0000   0.0000   0.0000   0.0000   0.0000   0.0000
   0.0000   0.0000   0.0000   0.0000   0.0000   0.0000   2.1011  -0.0143   0.0000   0.0000   0.0000   0.0000   0.0000   0.0000
   0.0000   0.0000   0.0000   0.0000   0.0000   0.0000  -0.0143   2.0138   0.0000   0.0000   0.0000   0.0000   0.0000   0.0000
   0.0000   0.0000   0.0000   0.0000   0.0000   0.0000   0.0000   0.0000   2.1011  -0.0143   0.0000   0.0000   0.0000   0.0000
   0.0000   0.0000   0.0000   0.0000   0.0000   0.0000   0.0000   0.0000  -0.0143   2.0138   0.0000   0.0000   0.0000   0.0000
   0.0000   0.0000   0.0000   0.0000   0.0000   0.0000   0.0000   0.0000   0.0000   0.0000   2.1011  -0.0143   0.0000   0.0000
   0.0000   0.0000   0.0000   0.0000   0.0000   0.0000   0.0000   0.0000   0.0000   0.0000  -0.0143   2.0138   0.0000   0.0000
   0.0000   0.0000   0.0000   0.0000   0.0000   0.0000   0.0000   0.0000   0.0000   0.0000   0.0000   0.0000   2.1016   0.0000
   0.0000   0.0000   0.0000   0.0000   0.0000   0.0000   0.0000   0.0000   0.0000   0.0000   0.0000   0.0000   0.0000   2.1016
 imag part
   0.0000   0.0040   0.0000   0.0000   0.0000   0.0000   0.0000   0.0000   0.0000   0.0000   0.0000   0.0000   0.0000   0.0000
  -0.0040   0.0000   0.0000   0.0000   0.0000   0.0000   0.0000   0.0000   0.0000   0.0000   0.0000   0.0000   0.0000   0.0000
   0.0000   0.0000   0.0000   0.0040   0.0000   0.0000   0.0000   0.0000   0.0000   0.0000   0.0000   0.0000   0.0000   0.0000
   0.0000   0.0000  -0.0040   0.0000   0.0000   0.0000   0.0000   0.0000   0.0000   0.0000   0.0000   0.0000   0.0000   0.0000
   0.0000   0.0000   0.0000   0.0000   0.0000   0.0029   0.0000   0.0000   0.0000   0.0000   0.0000   0.0000   0.0000   0.0000
   0.0000   0.0000   0.0000   0.0000  -0.0029   0.0000   0.0000   0.0000   0.0000   0.0000   0.0000   0.0000   0.0000   0.0000
   0.0000   0.0000   0.0000   0.0000   0.0000   0.0000   0.0000   0.0029   0.0000   0.0000   0.0000   0.0000   0.0000   0.0000
   0.0000   0.0000   0.0000   0.0000   0.0000   0.0000  -0.0029   0.0000   0.0000   0.0000   0.0000   0.0000   0.0000   0.0000
   0.0000   0.0000   0.0000   0.0000   0.0000   0.0000   0.0000   0.0000   0.0000   0.0029   0.0000   0.0000   0.0000   0.0000
   0.0000   0.0000   0.0000   0.0000   0.0000   0.0000   0.0000   0.0000  -0.0029   0.0000   0.0000   0.0000   0.0000   0.0000
   0.0000   0.0000   0.0000   0.0000   0.0000   0.0000   0.0000   0.0000   0.0000   0.0000   0.0000   0.0029   0.0000   0.0000
   0.0000   0.0000   0.0000   0.0000   0.0000   0.0000   0.0000   0.0000   0.0000   0.0000  -0.0029   0.0000   0.0000   0.0000
   0.0000   0.0000   0.0000   0.0000   0.0000   0.0000   0.0000   0.0000   0.0000   0.0000   0.0000   0.0000   0.0000   0.0000
   0.0000   0.0000   0.0000   0.0000   0.0000   0.0000   0.0000   0.0000   0.0000   0.0000   0.0000   0.0000   0.0000   0.0000
************      d0-unsym  ************
 imp=  1
 real part
  -0.0565   0.0000   0.0001  -0.0004  -0.0005  -0.0012   0.0002  -0.0011  -0.0008   0.0000   0.0006  -0.0002   0.0002  -0.0001
   0.0000  -0.0530  -0.0004  -0.0001   0.0004   0.0015  -0.0009  -0.0004  -0.0017  -0.0003  -0.0006  -0.0006  -0.0002   0.0005
  -0.0001  -0.0007  -0.0565  -0.0005   0.0003   0.0005  -0.0003   0.0010   0.0007  -0.0012   0.0003  -0.0004   0.0001   0.0002
  -0.0003   0.0001  -0.0003  -0.0530   0.0014  -0.0000  -0.0021   0.0003  -0.0013  -0.0010  -0.0048  -0.0000   0.0008  -0.0004
  -0.0005   0.0003   0.0003   0.0015  -0.0517  -0.0021  -0.0001  -0.0016   0.0020  -0.0001  -0.0006   0.0010  -0.0007  -0.0000
  -0.0011   0.0010   0.0004  -0.0002  -0.0006  -0.0528  -0.0006  -0.0009  -0.0009   0.0002  -0.0001  -0.0001   0.0022  -0.0012
   0.0003  -0.0009  -0.0004  -0.0023  -0.0000   0.0001  -0.0509  -0.0006  -0.0008  -0.0030  -0.0020  -0.0008  -0.0007   0.0009
  -0.0011  -0.0001   0.0011   0.0000  -0.0009  -0.0010  -0.0008  -0.0522  -0.0007  -0.0004  -0.0000   0.0002   0.0017  -0.0028
  -0.0010  -0.0019   0.0007  -0.0014   0.0020  -0.0025  -0.0007  -0.0011  -0.0508   0.0011  -0.0000   0.0002  -0.0012   0.0015
   0.0001  -0.0004  -0.0012  -0.0009  -0.0002   0.0002  -0.0008  -0.0005   0.0004  -0.0540   0.0015  -0.0008   0.0010  -0.0008
   0.0007  -0.0007   0.0002  -0.0054  -0.0008   0.0005  -0.0020   0.0013  -0.0001   0.0033  -0.0512   0.0003  -0.0001  -0.0010
  -0.0003  -0.0004  -0.0005  -0.0002   0.0004   0.0001   0.0001   0.0002   0.0002  -0.0007  -0.0001  -0.0522   0.0020   0.0010
   0.0001  -0.0002   0.0001   0.0006  -0.0004   0.0021  -0.0005   0.0016  -0.0007   0.0010  -0.0002   0.0019  -0.0540  -0.0000
  -0.0001   0.0004   0.0001  -0.0003  -0.0002  -0.0011   0.0005  -0.0027   0.0011  -0.0007  -0.0006   0.0009  -0.0000  -0.0539
 imag part
  -0.0001  -0.0004   0.0001   0.0006   0.0001   0.0008   0.0009   0.0007   0.0002   0.0010   0.0002   0.0012  -0.0002   0.0000
   0.0002   0.0001   0.0001  -0.0002  -0.0044   0.0002  -0.0014   0.0001   0.0037   0.0002  -0.0010  -0.0001   0.0003   0.0009
   0.0001   0.0001   0.0001  -0.0001  -0.0003  -0.0000   0.0010   0.0007  -0.0000   0.0016  -0.0007  -0.0005  -0.0000   0.0001
  -0.0003  -0.0001   0.0001  -0.0001   0.0025   0.0001   0.0012  -0.0006   0.0015  -0.0001   0.0003   0.0012   0.0007   0.0001
  -0.0000   0.0048   0.0003  -0.0027   0.0001   0.0008  -0.0000   0.0001  -0.0008   0.0001  -0.0006   0.0015   0.0003   0.0016
  -0.0008  -0.0001  -0.0001   0.0001  -0.0012  -0.0001  -0.0001  -0.0005   0.0011  -0.0003   0.0001   0.0011   0.0001  -0.0007
  -0.0009   0.0016  -0.0011  -0.0014   0.0001   0.0007  -0.0000  -0.0005   0.0007  -0.0014  -0.0007   0.0000  -0.0025  -0.0011
  -0.0008  -0.0002  -0.0007   0.0003   0.0009   0.0004   0.0001   0.0000  -0.0004  -0.0003   0.0002   0.0007   0.0003  -0.0011
  -0.0003  -0.0041   0.0000  -0.0016   0.0010  -0.0005  -0.0006  -0.0008  -0.0000   0.0011  -0.0004   0.0022   0.0002   0.0003
  -0.0010  -0.0003  -0.0016  -0.0000  -0.0003   0.0001   0.0001   0.0002  -0.0005   0.0000  -0.0003  -0.0000   0.0025   0.0029
  -0.0003   0.0011   0.0008  -0.0003   0.0005  -0.0013   0.0008  -0.0003   0.0003   0.0000   0.0000  -0.0009  -0.0008   0.0013
  -0.0012   0.0002   0.0005  -0.0009  -0.0003  -0.0010   0.0011  -0.0007  -0.0007   0.0002   0.0015  -0.0000   0.0014  -0.0006
   0.0001  -0.0002  -0.0000  -0.0006  -0.0001  -0.0002   0.0017  -0.0003  -0.0001  -0.0025   0.0006  -0.0014  -0.0000   0.0000
  -0.0000  -0.0007  -0.0001  -0.0001  -0.0012   0.0006   0.0007   0.0010  -0.0001  -0.0027  -0.0008   0.0006  -0.0000  -0.0000
************        d0-sym  ************
 imp=  1
 real part
  -0.0565  -0.0002   0.0000   0.0000   0.0000   0.0000   0.0000   0.0000   0.0000   0.0000   0.0000   0.0000   0.0000   0.0000
  -0.0002  -0.0530   0.0000   0.0000   0.0000   0.0000   0.0000   0.0000   0.0000   0.0000   0.0000   0.0000   0.0000   0.0000
   0.0000   0.0000  -0.0565  -0.0002   0.0000   0.0000   0.0000   0.0000   0.0000   0.0000   0.0000   0.0000   0.0000   0.0000
   0.0000   0.0000  -0.0002  -0.0530   0.0000   0.0000   0.0000   0.0000   0.0000   0.0000   0.0000   0.0000   0.0000   0.0000
   0.0000   0.0000   0.0000   0.0000  -0.0511  -0.0003   0.0000   0.0000   0.0000   0.0000   0.0000   0.0000   0.0000   0.0000
   0.0000   0.0000   0.0000   0.0000  -0.0003  -0.0528   0.0000   0.0000   0.0000   0.0000   0.0000   0.0000   0.0000   0.0000
   0.0000   0.0000   0.0000   0.0000   0.0000   0.0000  -0.0511  -0.0003   0.0000   0.0000   0.0000   0.0000   0.0000   0.0000
   0.0000   0.0000   0.0000   0.0000   0.0000   0.0000  -0.0003  -0.0528   0.0000   0.0000   0.0000   0.0000   0.0000   0.0000
   0.0000   0.0000   0.0000   0.0000   0.0000   0.0000   0.0000   0.0000  -0.0511  -0.0003   0.0000   0.0000   0.0000   0.0000
   0.0000   0.0000   0.0000   0.0000   0.0000   0.0000   0.0000   0.0000  -0.0003  -0.0528   0.0000   0.0000   0.0000   0.0000
   0.0000   0.0000   0.0000   0.0000   0.0000   0.0000   0.0000   0.0000   0.0000   0.0000  -0.0511  -0.0003   0.0000   0.0000
   0.0000   0.0000   0.0000   0.0000   0.0000   0.0000   0.0000   0.0000   0.0000   0.0000  -0.0003  -0.0528   0.0000   0.0000
   0.0000   0.0000   0.0000   0.0000   0.0000   0.0000   0.0000   0.0000   0.0000   0.0000   0.0000   0.0000  -0.0540   0.0000
   0.0000   0.0000   0.0000   0.0000   0.0000   0.0000   0.0000   0.0000   0.0000   0.0000   0.0000   0.0000   0.0000  -0.0540
 imag part
   0.0000  -0.0002   0.0000   0.0000   0.0000   0.0000   0.0000   0.0000   0.0000   0.0000   0.0000   0.0000   0.0000   0.0000
   0.0001  -0.0000   0.0000   0.0000   0.0000   0.0000   0.0000   0.0000   0.0000   0.0000   0.0000   0.0000   0.0000   0.0000
   0.0000   0.0000   0.0000  -0.0002   0.0000   0.0000   0.0000   0.0000   0.0000   0.0000   0.0000   0.0000   0.0000   0.0000
   0.0000   0.0000   0.0001  -0.0000   0.0000   0.0000   0.0000   0.0000   0.0000   0.0000   0.0000   0.0000   0.0000   0.0000
   0.0000   0.0000   0.0000   0.0000   0.0000   0.0001   0.0000   0.0000   0.0000   0.0000   0.0000   0.0000   0.0000   0.0000
   0.0000   0.0000   0.0000   0.0000  -0.0000  -0.0000   0.0000   0.0000   0.0000   0.0000   0.0000   0.0000   0.0000   0.0000
   0.0000   0.0000   0.0000   0.0000   0.0000   0.0000   0.0000   0.0001   0.0000   0.0000   0.0000   0.0000   0.0000   0.0000
   0.0000   0.0000   0.0000   0.0000   0.0000   0.0000  -0.0000  -0.0000   0.0000   0.0000   0.0000   0.0000   0.0000   0.0000
   0.0000   0.0000   0.0000   0.0000   0.0000   0.0000   0.0000   0.0000   0.0000   0.0001   0.0000   0.0000   0.0000   0.0000
   0.0000   0.0000   0.0000   0.0000   0.0000   0.0000   0.0000   0.0000  -0.0000  -0.0000   0.0000   0.0000   0.0000   0.0000
   0.0000   0.0000   0.0000   0.0000   0.0000   0.0000   0.0000   0.0000   0.0000   0.0000   0.0000   0.0001   0.0000   0.0000
   0.0000   0.0000   0.0000   0.0000   0.0000   0.0000   0.0000   0.0000   0.0000   0.0000  -0.0000  -0.0000   0.0000   0.0000
   0.0000   0.0000   0.0000   0.0000   0.0000   0.0000   0.0000   0.0000   0.0000   0.0000   0.0000   0.0000  -0.0000   0.0000
   0.0000   0.0000   0.0000   0.0000   0.0000   0.0000   0.0000   0.0000   0.0000   0.0000   0.0000   0.0000   0.0000  -0.0000
 max error due to symm in d0 =     0.005447
************         d-sym  ************
 imp=  1
 real part
  -0.1310  -0.0009   0.0000   0.0000   0.0000   0.0000   0.0000   0.0000   0.0000   0.0000   0.0000   0.0000   0.0000   0.0000
  -0.0008  -0.1066   0.0000   0.0000   0.0000   0.0000   0.0000   0.0000   0.0000   0.0000   0.0000   0.0000   0.0000   0.0000
   0.0000   0.0000  -0.1310  -0.0009   0.0000   0.0000   0.0000   0.0000   0.0000   0.0000   0.0000   0.0000   0.0000   0.0000
   0.0000   0.0000  -0.0008  -0.1066   0.0000   0.0000   0.0000   0.0000   0.0000   0.0000   0.0000   0.0000   0.0000   0.0000
   0.0000   0.0000   0.0000   0.0000  -0.1074   0.0001   0.0000   0.0000   0.0000   0.0000   0.0000   0.0000   0.0000   0.0000
   0.0000   0.0000   0.0000   0.0000   0.0002  -0.1063   0.0000   0.0000   0.0000   0.0000   0.0000   0.0000   0.0000   0.0000
   0.0000   0.0000   0.0000   0.0000   0.0000   0.0000  -0.1074   0.0001   0.0000   0.0000   0.0000   0.0000   0.0000   0.0000
   0.0000   0.0000   0.0000   0.0000   0.0000   0.0000   0.0002  -0.1063   0.0000   0.0000   0.0000   0.0000   0.0000   0.0000
   0.0000   0.0000   0.0000   0.0000   0.0000   0.0000   0.0000   0.0000  -0.1074   0.0001   0.0000   0.0000   0.0000   0.0000
   0.0000   0.0000   0.0000   0.0000   0.0000   0.0000   0.0000   0.0000   0.0002  -0.1063   0.0000   0.0000   0.0000   0.0000
   0.0000   0.0000   0.0000   0.0000   0.0000   0.0000   0.0000   0.0000   0.0000   0.0000  -0.1074   0.0001   0.0000   0.0000
   0.0000   0.0000   0.0000   0.0000   0.0000   0.0000   0.0000   0.0000   0.0000   0.0000   0.0002  -0.1063   0.0000   0.0000
   0.0000   0.0000   0.0000   0.0000   0.0000   0.0000   0.0000   0.0000   0.0000   0.0000   0.0000   0.0000  -0.1134   0.0000
   0.0000   0.0000   0.0000   0.0000   0.0000   0.0000   0.0000   0.0000   0.0000   0.0000   0.0000   0.0000   0.0000  -0.1134
 imag part
   0.0000  -0.0007   0.0000   0.0000   0.0000   0.0000   0.0000   0.0000   0.0000   0.0000   0.0000   0.0000   0.0000   0.0000
   0.0005  -0.0000   0.0000   0.0000   0.0000   0.0000   0.0000   0.0000   0.0000   0.0000   0.0000   0.0000   0.0000   0.0000
   0.0000   0.0000   0.0000  -0.0007   0.0000   0.0000   0.0000   0.0000   0.0000   0.0000   0.0000   0.0000   0.0000   0.0000
   0.0000   0.0000   0.0005  -0.0000   0.0000   0.0000   0.0000   0.0000   0.0000   0.0000   0.0000   0.0000   0.0000   0.0000
   0.0000   0.0000   0.0000   0.0000   0.0000   0.0001   0.0000   0.0000   0.0000   0.0000   0.0000   0.0000   0.0000   0.0000
   0.0000   0.0000   0.0000   0.0000   0.0001  -0.0000   0.0000   0.0000   0.0000   0.0000   0.0000   0.0000   0.0000   0.0000
   0.0000   0.0000   0.0000   0.0000   0.0000   0.0000   0.0000   0.0001   0.0000   0.0000   0.0000   0.0000   0.0000   0.0000
   0.0000   0.0000   0.0000   0.0000   0.0000   0.0000   0.0001  -0.0000   0.0000   0.0000   0.0000   0.0000   0.0000   0.0000
   0.0000   0.0000   0.0000   0.0000   0.0000   0.0000   0.0000   0.0000   0.0000   0.0001   0.0000   0.0000   0.0000   0.0000
   0.0000   0.0000   0.0000   0.0000   0.0000   0.0000   0.0000   0.0000   0.0001  -0.0000   0.0000   0.0000   0.0000   0.0000
   0.0000   0.0000   0.0000   0.0000   0.0000   0.0000   0.0000   0.0000   0.0000   0.0000   0.0000   0.0001   0.0000   0.0000
   0.0000   0.0000   0.0000   0.0000   0.0000   0.0000   0.0000   0.0000   0.0000   0.0000   0.0001  -0.0000   0.0000   0.0000
   0.0000   0.0000   0.0000   0.0000   0.0000   0.0000   0.0000   0.0000   0.0000   0.0000   0.0000   0.0000  -0.0000   0.0000
   0.0000   0.0000   0.0000   0.0000   0.0000   0.0000   0.0000   0.0000   0.0000   0.0000   0.0000   0.0000   0.0000  -0.0000
************           la2  ************
 imp=  1
 real part
  -1.9217   0.0049   0.0000   0.0000   0.0000   0.0000   0.0000   0.0000   0.0000   0.0000   0.0000   0.0000   0.0000   0.0000
   0.0049  -2.0466   0.0000   0.0000   0.0000   0.0000   0.0000   0.0000   0.0000   0.0000   0.0000   0.0000   0.0000   0.0000
   0.0000   0.0000  -1.9217   0.0049   0.0000   0.0000   0.0000   0.0000   0.0000   0.0000   0.0000   0.0000   0.0000   0.0000
   0.0000   0.0000   0.0049  -2.0466   0.0000   0.0000   0.0000   0.0000   0.0000   0.0000   0.0000   0.0000   0.0000   0.0000
   0.0000   0.0000   0.0000   0.0000  -2.0172  -0.0059   0.0000   0.0000   0.0000   0.0000   0.0000   0.0000   0.0000   0.0000
   0.0000   0.0000   0.0000   0.0000  -0.0059  -2.0355   0.0000   0.0000   0.0000   0.0000   0.0000   0.0000   0.0000   0.0000
   0.0000   0.0000   0.0000   0.0000   0.0000   0.0000  -2.0172  -0.0059   0.0000   0.0000   0.0000   0.0000   0.0000   0.0000
   0.0000   0.0000   0.0000   0.0000   0.0000   0.0000  -0.0059  -2.0355   0.0000   0.0000   0.0000   0.0000   0.0000   0.0000
   0.0000   0.0000   0.0000   0.0000   0.0000   0.0000   0.0000   0.0000  -2.0172  -0.0059   0.0000   0.0000   0.0000   0.0000
   0.0000   0.0000   0.0000   0.0000   0.0000   0.0000   0.0000   0.0000  -0.0059  -2.0355   0.0000   0.0000   0.0000   0.0000
   0.0000   0.0000   0.0000   0.0000   0.0000   0.0000   0.0000   0.0000   0.0000   0.0000  -2.0172  -0.0059   0.0000   0.0000
   0.0000   0.0000   0.0000   0.0000   0.0000   0.0000   0.0000   0.0000   0.0000   0.0000  -0.0059  -2.0355   0.0000   0.0000
   0.0000   0.0000   0.0000   0.0000   0.0000   0.0000   0.0000   0.0000   0.0000   0.0000   0.0000   0.0000  -1.9847   0.0000
   0.0000   0.0000   0.0000   0.0000   0.0000   0.0000   0.0000   0.0000   0.0000   0.0000   0.0000   0.0000   0.0000  -1.9847
 imag part
   0.0000  -0.0037   0.0000   0.0000   0.0000   0.0000   0.0000   0.0000   0.0000   0.0000   0.0000   0.0000   0.0000   0.0000
   0.0037   0.0000   0.0000   0.0000   0.0000   0.0000   0.0000   0.0000   0.0000   0.0000   0.0000   0.0000   0.0000   0.0000
   0.0000   0.0000   0.0000  -0.0037   0.0000   0.0000   0.0000   0.0000   0.0000   0.0000   0.0000   0.0000   0.0000   0.0000
   0.0000   0.0000   0.0037   0.0000   0.0000   0.0000   0.0000   0.0000   0.0000   0.0000   0.0000   0.0000   0.0000   0.0000
   0.0000   0.0000   0.0000   0.0000   0.0000  -0.0035   0.0000   0.0000   0.0000   0.0000   0.0000   0.0000   0.0000   0.0000
   0.0000   0.0000   0.0000   0.0000   0.0035   0.0000   0.0000   0.0000   0.0000   0.0000   0.0000   0.0000   0.0000   0.0000
   0.0000   0.0000   0.0000   0.0000   0.0000   0.0000   0.0000  -0.0035   0.0000   0.0000   0.0000   0.0000   0.0000   0.0000
   0.0000   0.0000   0.0000   0.0000   0.0000   0.0000   0.0035   0.0000   0.0000   0.0000   0.0000   0.0000   0.0000   0.0000
   0.0000   0.0000   0.0000   0.0000   0.0000   0.0000   0.0000   0.0000   0.0000  -0.0035   0.0000   0.0000   0.0000   0.0000
   0.0000   0.0000   0.0000   0.0000   0.0000   0.0000   0.0000   0.0000   0.0035   0.0000   0.0000   0.0000   0.0000   0.0000
   0.0000   0.0000   0.0000   0.0000   0.0000   0.0000   0.0000   0.0000   0.0000   0.0000   0.0000  -0.0035   0.0000   0.0000
   0.0000   0.0000   0.0000   0.0000   0.0000   0.0000   0.0000   0.0000   0.0000   0.0000   0.0035   0.0000   0.0000   0.0000
   0.0000   0.0000   0.0000   0.0000   0.0000   0.0000   0.0000   0.0000   0.0000   0.0000   0.0000   0.0000   0.0000   0.0000
   0.0000   0.0000   0.0000   0.0000   0.0000   0.0000   0.0000   0.0000   0.0000   0.0000   0.0000   0.0000   0.0000   0.0000
 CyGBand takes    0 h  0 m  0.94 s(cpu).
                  0 h  0 m  1.69 s(wall).
 total number of impurities =    1
 impurity imap indices:
       1
 impurity num_spin_orbitals:
      14
 imp =  1 v2e(1,1,1,1) = .31
 mott localized orbital info:
 i=  1 nsorb= 0 nelect= 0
 e_mol = 20.9207878 e_tot = -7.1959174
************     nks-unsym  ************
 imp=  1
 real part
   0.2469  -0.0048   0.0000   0.0000   0.0000   0.0000   0.0000   0.0000   0.0000   0.0000   0.0000   0.0000   0.0000   0.0000
  -0.0048   0.4449   0.0000   0.0000   0.0000   0.0000   0.0000   0.0000   0.0000   0.0000   0.0000   0.0000   0.0000   0.0000
   0.0000   0.0000   0.2469  -0.0048   0.0000   0.0000   0.0000   0.0000   0.0000   0.0000   0.0000   0.0000   0.0000   0.0000
   0.0000   0.0000  -0.0048   0.4449   0.0000   0.0000   0.0000   0.0000   0.0000   0.0000   0.0000   0.0000   0.0000   0.0000
   0.0000   0.0000   0.0000   0.0000   0.3478   0.0158   0.0000   0.0000   0.0000   0.0000   0.0000   0.0000   0.0000   0.0000
   0.0000   0.0000   0.0000   0.0000   0.0158   0.4442   0.0000   0.0000   0.0000   0.0000   0.0000   0.0000   0.0000   0.0000
   0.0000   0.0000   0.0000   0.0000   0.0000   0.0000   0.3478   0.0158   0.0000   0.0000   0.0000   0.0000   0.0000   0.0000
   0.0000   0.0000   0.0000   0.0000   0.0000   0.0000   0.0158   0.4442   0.0000   0.0000   0.0000   0.0000   0.0000   0.0000
   0.0000   0.0000   0.0000   0.0000   0.0000   0.0000   0.0000   0.0000   0.3478   0.0158   0.0000   0.0000   0.0000   0.0000
   0.0000   0.0000   0.0000   0.0000   0.0000   0.0000   0.0000   0.0000   0.0158   0.4442   0.0000   0.0000   0.0000   0.0000
   0.0000   0.0000   0.0000   0.0000   0.0000   0.0000   0.0000   0.0000   0.0000   0.0000   0.3478   0.0158   0.0000   0.0000
   0.0000   0.0000   0.0000   0.0000   0.0000   0.0000   0.0000   0.0000   0.0000   0.0000   0.0158   0.4442   0.0000   0.0000
   0.0000   0.0000   0.0000   0.0000   0.0000   0.0000   0.0000   0.0000   0.0000   0.0000   0.0000   0.0000   0.3464   0.0000
   0.0000   0.0000   0.0000   0.0000   0.0000   0.0000   0.0000   0.0000   0.0000   0.0000   0.0000   0.0000   0.0000   0.3464
 imag part
   0.0000  -0.0026   0.0000   0.0000   0.0000   0.0000   0.0000   0.0000   0.0000   0.0000   0.0000   0.0000   0.0000   0.0000
   0.0026   0.0000   0.0000   0.0000   0.0000   0.0000   0.0000   0.0000   0.0000   0.0000   0.0000   0.0000   0.0000   0.0000
   0.0000   0.0000   0.0000  -0.0026   0.0000   0.0000   0.0000   0.0000   0.0000   0.0000   0.0000   0.0000   0.0000   0.0000
   0.0000   0.0000   0.0026   0.0000   0.0000   0.0000   0.0000   0.0000   0.0000   0.0000   0.0000   0.0000   0.0000   0.0000
   0.0000   0.0000   0.0000   0.0000   0.0000  -0.0032   0.0000   0.0000   0.0000   0.0000   0.0000   0.0000   0.0000   0.0000
   0.0000   0.0000   0.0000   0.0000   0.0032   0.0000   0.0000   0.0000   0.0000   0.0000   0.0000   0.0000   0.0000   0.0000
   0.0000   0.0000   0.0000   0.0000   0.0000   0.0000   0.0000  -0.0032   0.0000   0.0000   0.0000   0.0000   0.0000   0.0000
   0.0000   0.0000   0.0000   0.0000   0.0000   0.0000   0.0032   0.0000   0.0000   0.0000   0.0000   0.0000   0.0000   0.0000
   0.0000   0.0000   0.0000   0.0000   0.0000   0.0000   0.0000   0.0000   0.0000  -0.0032   0.0000   0.0000   0.0000   0.0000
   0.0000   0.0000   0.0000   0.0000   0.0000   0.0000   0.0000   0.0000   0.0032   0.0000   0.0000   0.0000   0.0000   0.0000
   0.0000   0.0000   0.0000   0.0000   0.0000   0.0000   0.0000   0.0000   0.0000   0.0000   0.0000  -0.0032   0.0000   0.0000
   0.0000   0.0000   0.0000   0.0000   0.0000   0.0000   0.0000   0.0000   0.0000   0.0000   0.0032   0.0000   0.0000   0.0000
   0.0000   0.0000   0.0000   0.0000   0.0000   0.0000   0.0000   0.0000   0.0000   0.0000   0.0000   0.0000   0.0000   0.0000
   0.0000   0.0000   0.0000   0.0000   0.0000   0.0000   0.0000   0.0000   0.0000   0.0000   0.0000   0.0000   0.0000   0.0000
   sub_tot=  5.244195  0.000000
 imp=  1 eigen values of nks-unsym:
    0.4468    0.4468    0.4468    0.4468    0.4450    0.4450    0.3464    0.3464    0.3451    0.3451    0.3451    0.3451    0.2468    0.2468
************       nks-sym  ************
 imp=  1
 real part
   0.2469  -0.0048   0.0000   0.0000   0.0000   0.0000   0.0000   0.0000   0.0000   0.0000   0.0000   0.0000   0.0000   0.0000
  -0.0048   0.4449   0.0000   0.0000   0.0000   0.0000   0.0000   0.0000   0.0000   0.0000   0.0000   0.0000   0.0000   0.0000
   0.0000   0.0000   0.2469  -0.0048   0.0000   0.0000   0.0000   0.0000   0.0000   0.0000   0.0000   0.0000   0.0000   0.0000
   0.0000   0.0000  -0.0048   0.4449   0.0000   0.0000   0.0000   0.0000   0.0000   0.0000   0.0000   0.0000   0.0000   0.0000
   0.0000   0.0000   0.0000   0.0000   0.3478   0.0158   0.0000   0.0000   0.0000   0.0000   0.0000   0.0000   0.0000   0.0000
   0.0000   0.0000   0.0000   0.0000   0.0158   0.4442   0.0000   0.0000   0.0000   0.0000   0.0000   0.0000   0.0000   0.0000
   0.0000   0.0000   0.0000   0.0000   0.0000   0.0000   0.3478   0.0158   0.0000   0.0000   0.0000   0.0000   0.0000   0.0000
   0.0000   0.0000   0.0000   0.0000   0.0000   0.0000   0.0158   0.4442   0.0000   0.0000   0.0000   0.0000   0.0000   0.0000
   0.0000   0.0000   0.0000   0.0000   0.0000   0.0000   0.0000   0.0000   0.3478   0.0158   0.0000   0.0000   0.0000   0.0000
   0.0000   0.0000   0.0000   0.0000   0.0000   0.0000   0.0000   0.0000   0.0158   0.4442   0.0000   0.0000   0.0000   0.0000
   0.0000   0.0000   0.0000   0.0000   0.0000   0.0000   0.0000   0.0000   0.0000   0.0000   0.3478   0.0158   0.0000   0.0000
   0.0000   0.0000   0.0000   0.0000   0.0000   0.0000   0.0000   0.0000   0.0000   0.0000   0.0158   0.4442   0.0000   0.0000
   0.0000   0.0000   0.0000   0.0000   0.0000   0.0000   0.0000   0.0000   0.0000   0.0000   0.0000   0.0000   0.3464   0.0000
   0.0000   0.0000   0.0000   0.0000   0.0000   0.0000   0.0000   0.0000   0.0000   0.0000   0.0000   0.0000   0.0000   0.3464
 imag part
   0.0000  -0.0026   0.0000   0.0000   0.0000   0.0000   0.0000   0.0000   0.0000   0.0000   0.0000   0.0000   0.0000   0.0000
   0.0026   0.0000   0.0000   0.0000   0.0000   0.0000   0.0000   0.0000   0.0000   0.0000   0.0000   0.0000   0.0000   0.0000
   0.0000   0.0000   0.0000  -0.0026   0.0000   0.0000   0.0000   0.0000   0.0000   0.0000   0.0000   0.0000   0.0000   0.0000
   0.0000   0.0000   0.0026   0.0000   0.0000   0.0000   0.0000   0.0000   0.0000   0.0000   0.0000   0.0000   0.0000   0.0000
   0.0000   0.0000   0.0000   0.0000   0.0000  -0.0032   0.0000   0.0000   0.0000   0.0000   0.0000   0.0000   0.0000   0.0000
   0.0000   0.0000   0.0000   0.0000   0.0032   0.0000   0.0000   0.0000   0.0000   0.0000   0.0000   0.0000   0.0000   0.0000
   0.0000   0.0000   0.0000   0.0000   0.0000   0.0000   0.0000  -0.0032   0.0000   0.0000   0.0000   0.0000   0.0000   0.0000
   0.0000   0.0000   0.0000   0.0000   0.0000   0.0000   0.0032   0.0000   0.0000   0.0000   0.0000   0.0000   0.0000   0.0000
   0.0000   0.0000   0.0000   0.0000   0.0000   0.0000   0.0000   0.0000   0.0000  -0.0032   0.0000   0.0000   0.0000   0.0000
   0.0000   0.0000   0.0000   0.0000   0.0000   0.0000   0.0000   0.0000   0.0032   0.0000   0.0000   0.0000   0.0000   0.0000
   0.0000   0.0000   0.0000   0.0000   0.0000   0.0000   0.0000   0.0000   0.0000   0.0000   0.0000  -0.0032   0.0000   0.0000
   0.0000   0.0000   0.0000   0.0000   0.0000   0.0000   0.0000   0.0000   0.0000   0.0000   0.0032   0.0000   0.0000   0.0000
   0.0000   0.0000   0.0000   0.0000   0.0000   0.0000   0.0000   0.0000   0.0000   0.0000   0.0000   0.0000   0.0000   0.0000
   0.0000   0.0000   0.0000   0.0000   0.0000   0.0000   0.0000   0.0000   0.0000   0.0000   0.0000   0.0000   0.0000   0.0000
   sub_tot=  5.244195  0.000000
 max error due to symm in nks =     0.000000
 imp=  1 eigen values of   nks-sym:
    0.4468    0.4468    0.4468    0.4468    0.4450    0.4450    0.3464    0.3464    0.3451    0.3451    0.3451    0.3451    0.2468    0.2468
************     ncv-unsym  ************
 imp=  1
 real part
   0.2874  -0.0045   0.0003  -0.0020  -0.0000  -0.0000  -0.0002  -0.0006   0.0002   0.0003   0.0000   0.0002   0.0000  -0.0002
  -0.0045   0.5628  -0.0066  -0.0000   0.0001   0.0001  -0.0001   0.0007   0.0001  -0.0000  -0.0007   0.0005  -0.0007  -0.0005
   0.0003  -0.0066   0.2874  -0.0081  -0.0002  -0.0001  -0.0002  -0.0003   0.0002  -0.0002  -0.0001   0.0001  -0.0000   0.0000
  -0.0020  -0.0000  -0.0081   0.5624  -0.0001   0.0004  -0.0005   0.0001  -0.0002   0.0001  -0.0001  -0.0001   0.0003   0.0004
  -0.0000   0.0001  -0.0002  -0.0001   0.4283   0.0234  -0.0001   0.0019   0.0002   0.0000   0.0002  -0.0010   0.0002   0.0003
  -0.0000   0.0001  -0.0001   0.0004   0.0234   0.5581  -0.0007  -0.0001   0.0027   0.0001  -0.0025   0.0002  -0.0002   0.0002
  -0.0002  -0.0001  -0.0002  -0.0005  -0.0001  -0.0007   0.4283   0.0204  -0.0000   0.0024  -0.0000   0.0017   0.0001  -0.0003
  -0.0006   0.0007  -0.0003   0.0001   0.0019  -0.0001   0.0204   0.5587  -0.0004  -0.0004  -0.0029   0.0001   0.0001  -0.0004
   0.0002   0.0001   0.0002  -0.0002   0.0002   0.0027  -0.0000  -0.0004   0.4281   0.0196   0.0000   0.0011  -0.0000  -0.0008
   0.0003  -0.0000  -0.0002   0.0001   0.0000   0.0001   0.0024  -0.0004   0.0196   0.5579  -0.0022   0.0001   0.0004   0.0002
   0.0000  -0.0007  -0.0001  -0.0001   0.0002  -0.0025  -0.0000  -0.0029   0.0000  -0.0022   0.4286   0.0194  -0.0004  -0.0001
   0.0002   0.0005   0.0001  -0.0001  -0.0010   0.0002   0.0017   0.0001   0.0011   0.0001   0.0194   0.5583   0.0002   0.0002
   0.0000  -0.0007  -0.0000   0.0003   0.0002  -0.0002   0.0001   0.0001  -0.0000   0.0004  -0.0004   0.0002   0.4266  -0.0001
  -0.0002  -0.0005   0.0000   0.0004   0.0003   0.0002  -0.0003  -0.0004  -0.0008   0.0002  -0.0001   0.0002  -0.0001   0.4268
 imag part
   0.0000  -0.0054  -0.0000   0.0074   0.0002  -0.0001  -0.0001  -0.0001   0.0006  -0.0005   0.0000   0.0001   0.0001  -0.0000
   0.0054  -0.0000  -0.0036   0.0002  -0.0000   0.0000   0.0003  -0.0001  -0.0003  -0.0003   0.0002  -0.0001  -0.0001   0.0004
   0.0000   0.0036   0.0000  -0.0006  -0.0001   0.0004   0.0002   0.0000  -0.0000   0.0002   0.0001   0.0001   0.0002  -0.0001
  -0.0074  -0.0002   0.0006   0.0000  -0.0001   0.0002   0.0003  -0.0000   0.0007  -0.0006  -0.0002   0.0002  -0.0006   0.0001
  -0.0002   0.0000   0.0001   0.0001  -0.0000  -0.0032  -0.0001  -0.0028  -0.0000   0.0012  -0.0003  -0.0020  -0.0005   0.0003
   0.0001  -0.0000  -0.0004  -0.0002   0.0032   0.0000   0.0012   0.0002   0.0020  -0.0001  -0.0011   0.0000   0.0000   0.0003
   0.0001  -0.0003  -0.0002  -0.0003   0.0001  -0.0012   0.0000  -0.0044   0.0001   0.0024  -0.0001  -0.0025  -0.0004  -0.0007
   0.0001   0.0001  -0.0000   0.0000   0.0028  -0.0002   0.0044   0.0000  -0.0029   0.0004  -0.0003  -0.0002   0.0001   0.0002
  -0.0006   0.0003   0.0000  -0.0007   0.0000  -0.0020  -0.0001   0.0029   0.0000  -0.0058   0.0000  -0.0025  -0.0002  -0.0008
   0.0005   0.0003  -0.0002   0.0006  -0.0012   0.0001  -0.0024  -0.0004   0.0058   0.0000  -0.0003  -0.0003   0.0008   0.0001
  -0.0000  -0.0002  -0.0001   0.0002   0.0003   0.0011   0.0001   0.0003  -0.0000   0.0003   0.0000  -0.0072   0.0005  -0.0001
  -0.0001   0.0001  -0.0001  -0.0002   0.0020  -0.0000   0.0025   0.0002   0.0025   0.0003   0.0072  -0.0000   0.0002   0.0003
  -0.0001   0.0001  -0.0002   0.0006   0.0005  -0.0000   0.0004  -0.0001   0.0002  -0.0008  -0.0005  -0.0002   0.0000  -0.0003
   0.0000  -0.0004   0.0001  -0.0001  -0.0003  -0.0003   0.0007  -0.0002   0.0008  -0.0001   0.0001  -0.0003   0.0003   0.0000
   sub_tot=  6.499758  0.000000
************       ncv-sym  ************
 imp=  1
 real part
   0.2874  -0.0063   0.0000   0.0000   0.0000   0.0000   0.0000   0.0000   0.0000   0.0000   0.0000   0.0000   0.0000   0.0000
  -0.0063   0.5626   0.0000   0.0000   0.0000   0.0000   0.0000   0.0000   0.0000   0.0000   0.0000   0.0000   0.0000   0.0000
   0.0000   0.0000   0.2874  -0.0063   0.0000   0.0000   0.0000   0.0000   0.0000   0.0000   0.0000   0.0000   0.0000   0.0000
   0.0000   0.0000  -0.0063   0.5626   0.0000   0.0000   0.0000   0.0000   0.0000   0.0000   0.0000   0.0000   0.0000   0.0000
   0.0000   0.0000   0.0000   0.0000   0.4283   0.0207   0.0000   0.0000   0.0000   0.0000   0.0000   0.0000   0.0000   0.0000
   0.0000   0.0000   0.0000   0.0000   0.0207   0.5582   0.0000   0.0000   0.0000   0.0000   0.0000   0.0000   0.0000   0.0000
   0.0000   0.0000   0.0000   0.0000   0.0000   0.0000   0.4283   0.0207   0.0000   0.0000   0.0000   0.0000   0.0000   0.0000
   0.0000   0.0000   0.0000   0.0000   0.0000   0.0000   0.0207   0.5582   0.0000   0.0000   0.0000   0.0000   0.0000   0.0000
   0.0000   0.0000   0.0000   0.0000   0.0000   0.0000   0.0000   0.0000   0.4283   0.0207   0.0000   0.0000   0.0000   0.0000
   0.0000   0.0000   0.0000   0.0000   0.0000   0.0000   0.0000   0.0000   0.0207   0.5582   0.0000   0.0000   0.0000   0.0000
   0.0000   0.0000   0.0000   0.0000   0.0000   0.0000   0.0000   0.0000   0.0000   0.0000   0.4283   0.0207   0.0000   0.0000
   0.0000   0.0000   0.0000   0.0000   0.0000   0.0000   0.0000   0.0000   0.0000   0.0000   0.0207   0.5582   0.0000   0.0000
   0.0000   0.0000   0.0000   0.0000   0.0000   0.0000   0.0000   0.0000   0.0000   0.0000   0.0000   0.0000   0.4267   0.0000
   0.0000   0.0000   0.0000   0.0000   0.0000   0.0000   0.0000   0.0000   0.0000   0.0000   0.0000   0.0000   0.0000   0.4267
 imag part
   0.0000  -0.0030   0.0000   0.0000   0.0000   0.0000   0.0000   0.0000   0.0000   0.0000   0.0000   0.0000   0.0000   0.0000
   0.0030   0.0000   0.0000   0.0000   0.0000   0.0000   0.0000   0.0000   0.0000   0.0000   0.0000   0.0000   0.0000   0.0000
   0.0000   0.0000   0.0000  -0.0030   0.0000   0.0000   0.0000   0.0000   0.0000   0.0000   0.0000   0.0000   0.0000   0.0000
   0.0000   0.0000   0.0030   0.0000   0.0000   0.0000   0.0000   0.0000   0.0000   0.0000   0.0000   0.0000   0.0000   0.0000
   0.0000   0.0000   0.0000   0.0000   0.0000  -0.0052   0.0000   0.0000   0.0000   0.0000   0.0000   0.0000   0.0000   0.0000
   0.0000   0.0000   0.0000   0.0000   0.0052   0.0000   0.0000   0.0000   0.0000   0.0000   0.0000   0.0000   0.0000   0.0000
   0.0000   0.0000   0.0000   0.0000   0.0000   0.0000   0.0000  -0.0052   0.0000   0.0000   0.0000   0.0000   0.0000   0.0000
   0.0000   0.0000   0.0000   0.0000   0.0000   0.0000   0.0052   0.0000   0.0000   0.0000   0.0000   0.0000   0.0000   0.0000
   0.0000   0.0000   0.0000   0.0000   0.0000   0.0000   0.0000   0.0000   0.0000  -0.0052   0.0000   0.0000   0.0000   0.0000
   0.0000   0.0000   0.0000   0.0000   0.0000   0.0000   0.0000   0.0000   0.0052   0.0000   0.0000   0.0000   0.0000   0.0000
   0.0000   0.0000   0.0000   0.0000   0.0000   0.0000   0.0000   0.0000   0.0000   0.0000   0.0000  -0.0052   0.0000   0.0000
   0.0000   0.0000   0.0000   0.0000   0.0000   0.0000   0.0000   0.0000   0.0000   0.0000   0.0052   0.0000   0.0000   0.0000
   0.0000   0.0000   0.0000   0.0000   0.0000   0.0000   0.0000   0.0000   0.0000   0.0000   0.0000   0.0000   0.0000   0.0000
   0.0000   0.0000   0.0000   0.0000   0.0000   0.0000   0.0000   0.0000   0.0000   0.0000   0.0000   0.0000   0.0000   0.0000
   sub_tot=  6.499758  0.000000
 max error due to symm in ncv =     0.007670
************    isimix-var  ************
 imp=  1
 real part
   2.3192   0.0074   0.0000   0.0000   0.0000   0.0000   0.0000   0.0000   0.0000   0.0000   0.0000   0.0000   0.0000   0.0000
   0.0074   2.0124   0.0000   0.0000   0.0000   0.0000   0.0000   0.0000   0.0000   0.0000   0.0000   0.0000   0.0000   0.0000
   0.0000   0.0000   2.3192   0.0074   0.0000   0.0000   0.0000   0.0000   0.0000   0.0000   0.0000   0.0000   0.0000   0.0000
   0.0000   0.0000   0.0074   2.0124   0.0000   0.0000   0.0000   0.0000   0.0000   0.0000   0.0000   0.0000   0.0000   0.0000
   0.0000   0.0000   0.0000   0.0000   2.1011  -0.0143   0.0000   0.0000   0.0000   0.0000   0.0000   0.0000   0.0000   0.0000
   0.0000   0.0000   0.0000   0.0000  -0.0143   2.0138   0.0000   0.0000   0.0000   0.0000   0.0000   0.0000   0.0000   0.0000
   0.0000   0.0000   0.0000   0.0000   0.0000   0.0000   2.1011  -0.0143   0.0000   0.0000   0.0000   0.0000   0.0000   0.0000
   0.0000   0.0000   0.0000   0.0000   0.0000   0.0000  -0.0143   2.0138   0.0000   0.0000   0.0000   0.0000   0.0000   0.0000
   0.0000   0.0000   0.0000   0.0000   0.0000   0.0000   0.0000   0.0000   2.1011  -0.0143   0.0000   0.0000   0.0000   0.0000
   0.0000   0.0000   0.0000   0.0000   0.0000   0.0000   0.0000   0.0000  -0.0143   2.0138   0.0000   0.0000   0.0000   0.0000
   0.0000   0.0000   0.0000   0.0000   0.0000   0.0000   0.0000   0.0000   0.0000   0.0000   2.1011  -0.0143   0.0000   0.0000
   0.0000   0.0000   0.0000   0.0000   0.0000   0.0000   0.0000   0.0000   0.0000   0.0000  -0.0143   2.0138   0.0000   0.0000
   0.0000   0.0000   0.0000   0.0000   0.0000   0.0000   0.0000   0.0000   0.0000   0.0000   0.0000   0.0000   2.1016   0.0000
   0.0000   0.0000   0.0000   0.0000   0.0000   0.0000   0.0000   0.0000   0.0000   0.0000   0.0000   0.0000   0.0000   2.1016
 imag part
   0.0000   0.0040   0.0000   0.0000   0.0000   0.0000   0.0000   0.0000   0.0000   0.0000   0.0000   0.0000   0.0000   0.0000
  -0.0040   0.0000   0.0000   0.0000   0.0000   0.0000   0.0000   0.0000   0.0000   0.0000   0.0000   0.0000   0.0000   0.0000
   0.0000   0.0000   0.0000   0.0040   0.0000   0.0000   0.0000   0.0000   0.0000   0.0000   0.0000   0.0000   0.0000   0.0000
   0.0000   0.0000  -0.0040   0.0000   0.0000   0.0000   0.0000   0.0000   0.0000   0.0000   0.0000   0.0000   0.0000   0.0000
   0.0000   0.0000   0.0000   0.0000   0.0000   0.0029   0.0000   0.0000   0.0000   0.0000   0.0000   0.0000   0.0000   0.0000
   0.0000   0.0000   0.0000   0.0000  -0.0029   0.0000   0.0000   0.0000   0.0000   0.0000   0.0000   0.0000   0.0000   0.0000
   0.0000   0.0000   0.0000   0.0000   0.0000   0.0000   0.0000   0.0029   0.0000   0.0000   0.0000   0.0000   0.0000   0.0000
   0.0000   0.0000   0.0000   0.0000   0.0000   0.0000  -0.0029   0.0000   0.0000   0.0000   0.0000   0.0000   0.0000   0.0000
   0.0000   0.0000   0.0000   0.0000   0.0000   0.0000   0.0000   0.0000   0.0000   0.0029   0.0000   0.0000   0.0000   0.0000
   0.0000   0.0000   0.0000   0.0000   0.0000   0.0000   0.0000   0.0000  -0.0029   0.0000   0.0000   0.0000   0.0000   0.0000
   0.0000   0.0000   0.0000   0.0000   0.0000   0.0000   0.0000   0.0000   0.0000   0.0000   0.0000   0.0029   0.0000   0.0000
   0.0000   0.0000   0.0000   0.0000   0.0000   0.0000   0.0000   0.0000   0.0000   0.0000  -0.0029   0.0000   0.0000   0.0000
   0.0000   0.0000   0.0000   0.0000   0.0000   0.0000   0.0000   0.0000   0.0000   0.0000   0.0000   0.0000   0.0000   0.0000
   0.0000   0.0000   0.0000   0.0000   0.0000   0.0000   0.0000   0.0000   0.0000   0.0000   0.0000   0.0000   0.0000   0.0000
************        r0-out  ************
 imp=  1
 real part
   0.4266   0.0032  -0.0000  -0.0014  -0.0000  -0.0000  -0.0001  -0.0003   0.0002   0.0002  -0.0000   0.0001   0.0000  -0.0001
  -0.0038   0.4622   0.0021   0.0001  -0.0000  -0.0000   0.0000  -0.0001   0.0000  -0.0000   0.0001  -0.0001   0.0002   0.0001
   0.0003  -0.0046   0.4266   0.0007  -0.0001  -0.0000  -0.0001  -0.0001   0.0001  -0.0001  -0.0000   0.0000   0.0000   0.0000
   0.0007  -0.0002  -0.0026   0.4622   0.0000  -0.0001   0.0001  -0.0000   0.0000  -0.0000   0.0000   0.0000  -0.0001  -0.0001
   0.0000   0.0000   0.0000  -0.0000   0.4607  -0.0011   0.0001   0.0002  -0.0001   0.0000   0.0002  -0.0001   0.0000  -0.0000
   0.0000  -0.0000   0.0000  -0.0000   0.0016   0.4622   0.0001  -0.0001  -0.0002   0.0001   0.0002  -0.0001   0.0000  -0.0001
   0.0000  -0.0001   0.0000  -0.0001  -0.0001  -0.0001   0.4608  -0.0014   0.0001   0.0002   0.0002   0.0002  -0.0000   0.0000
   0.0002  -0.0000   0.0001   0.0000  -0.0001   0.0001   0.0019   0.4622   0.0000  -0.0001   0.0002  -0.0002  -0.0000   0.0001
  -0.0000  -0.0000   0.0000  -0.0001   0.0001   0.0003  -0.0001  -0.0000   0.4608  -0.0015   0.0002   0.0001  -0.0000  -0.0000
  -0.0001   0.0000   0.0000  -0.0000  -0.0000  -0.0002  -0.0002   0.0001   0.0019   0.4623   0.0002  -0.0001  -0.0001  -0.0000
   0.0000  -0.0001  -0.0000  -0.0000   0.0000  -0.0002  -0.0002  -0.0003  -0.0001  -0.0002   0.4609  -0.0015  -0.0000  -0.0000
  -0.0001  -0.0000  -0.0000   0.0000   0.0001   0.0001  -0.0001   0.0002  -0.0001   0.0001   0.0019   0.4623  -0.0000  -0.0000
   0.0000  -0.0002  -0.0000   0.0001   0.0000  -0.0000   0.0000   0.0000  -0.0000   0.0001  -0.0001   0.0001   0.4619  -0.0000
   0.0000  -0.0001  -0.0000   0.0001   0.0001   0.0000  -0.0001  -0.0001  -0.0002   0.0001  -0.0000   0.0001  -0.0000   0.4619
 imag part
  -0.0001  -0.0011   0.0003  -0.0052  -0.0002   0.0001   0.0001   0.0001  -0.0004   0.0003  -0.0000  -0.0001  -0.0000   0.0000
  -0.0024   0.0001  -0.0011  -0.0003  -0.0000   0.0000   0.0000  -0.0000  -0.0001  -0.0000   0.0000  -0.0000  -0.0000   0.0001
   0.0003  -0.0025   0.0002  -0.0044   0.0001  -0.0003  -0.0001  -0.0000   0.0000  -0.0001  -0.0000  -0.0001  -0.0001   0.0000
  -0.0023  -0.0004  -0.0039  -0.0002  -0.0000   0.0000   0.0000  -0.0000   0.0001  -0.0001  -0.0000   0.0000  -0.0002   0.0000
  -0.0000  -0.0000  -0.0000  -0.0000  -0.0004  -0.0014   0.0001   0.0003   0.0000  -0.0001   0.0001   0.0002  -0.0000   0.0000
   0.0000   0.0000  -0.0001  -0.0000  -0.0014   0.0004   0.0001  -0.0001   0.0002   0.0001  -0.0001  -0.0001  -0.0000   0.0001
   0.0000   0.0000  -0.0000   0.0000   0.0001   0.0001  -0.0002  -0.0013  -0.0002  -0.0002   0.0001   0.0002   0.0000   0.0000
   0.0000  -0.0000  -0.0000  -0.0000   0.0002  -0.0001  -0.0013   0.0002  -0.0002   0.0002  -0.0000  -0.0001   0.0000   0.0000
  -0.0000  -0.0000  -0.0000   0.0001  -0.0001   0.0002  -0.0002  -0.0003  -0.0001  -0.0011   0.0000   0.0002   0.0000  -0.0000
   0.0001   0.0000  -0.0000  -0.0000  -0.0001  -0.0000  -0.0002   0.0001  -0.0012   0.0001  -0.0000  -0.0001   0.0002  -0.0000
  -0.0000   0.0000  -0.0000  -0.0000   0.0001  -0.0001   0.0001  -0.0000   0.0001  -0.0000  -0.0000  -0.0010   0.0000   0.0000
  -0.0000  -0.0000  -0.0000  -0.0000   0.0002  -0.0000   0.0002  -0.0000   0.0002  -0.0000  -0.0011   0.0000   0.0001   0.0001
   0.0000  -0.0000   0.0000  -0.0002  -0.0001   0.0000  -0.0001   0.0000  -0.0001   0.0002   0.0001   0.0001  -0.0000   0.0000
  -0.0000   0.0001  -0.0000   0.0000   0.0001   0.0001  -0.0002   0.0000  -0.0002   0.0000  -0.0000   0.0001  -0.0000  -0.0000
************         r-out  ************
 imp=  1
 real part
   0.9894   0.0096  -0.0001  -0.0027  -0.0000  -0.0000  -0.0003  -0.0007   0.0004   0.0004  -0.0000   0.0003   0.0000  -0.0002
  -0.0053   0.9300   0.0049   0.0003  -0.0000  -0.0000   0.0000  -0.0003   0.0000  -0.0000   0.0002  -0.0002   0.0004   0.0002
   0.0006  -0.0092   0.9894   0.0045  -0.0003  -0.0001  -0.0003  -0.0003   0.0002  -0.0002  -0.0001   0.0001   0.0000   0.0001
   0.0016  -0.0004  -0.0026   0.9301   0.0000  -0.0001   0.0001  -0.0001   0.0001  -0.0000   0.0000   0.0000  -0.0002  -0.0002
   0.0000   0.0000   0.0001  -0.0001   0.9680  -0.0088   0.0001   0.0004  -0.0003   0.0000   0.0004  -0.0002   0.0000  -0.0000
   0.0000  -0.0000   0.0001  -0.0000  -0.0032   0.9307   0.0001  -0.0003  -0.0004   0.0001   0.0003  -0.0001   0.0001  -0.0001
   0.0001  -0.0001   0.0001  -0.0002  -0.0003  -0.0001   0.9683  -0.0095   0.0001   0.0005   0.0004   0.0003  -0.0000   0.0000
   0.0004  -0.0001   0.0002   0.0000  -0.0003   0.0001  -0.0027   0.9307   0.0000  -0.0001   0.0004  -0.0003  -0.0001   0.0002
  -0.0001  -0.0000   0.0000  -0.0001   0.0002   0.0005  -0.0002  -0.0000   0.9682  -0.0096   0.0003   0.0002  -0.0001  -0.0000
  -0.0003   0.0000   0.0001  -0.0000  -0.0000  -0.0004  -0.0004   0.0002  -0.0026   0.9310   0.0004  -0.0003  -0.0002  -0.0000
   0.0000  -0.0002  -0.0000  -0.0000   0.0000  -0.0005  -0.0003  -0.0006  -0.0002  -0.0004   0.9684  -0.0096  -0.0000  -0.0000
  -0.0002  -0.0000  -0.0000   0.0000   0.0001   0.0003  -0.0003   0.0004  -0.0002   0.0003  -0.0026   0.9309  -0.0000  -0.0001
   0.0000  -0.0004  -0.0000   0.0002   0.0001  -0.0001   0.0000   0.0001  -0.0000   0.0002  -0.0002   0.0001   0.9707  -0.0000
   0.0000  -0.0003  -0.0000   0.0002   0.0002   0.0001  -0.0002  -0.0002  -0.0005   0.0001  -0.0000   0.0001  -0.0000   0.9707
 imag part
  -0.0001  -0.0039   0.0008  -0.0104  -0.0003   0.0002   0.0001   0.0002  -0.0008   0.0007  -0.0000  -0.0002  -0.0001   0.0000
  -0.0038   0.0001  -0.0026  -0.0007  -0.0000   0.0000   0.0001  -0.0001  -0.0001  -0.0001   0.0001  -0.0001  -0.0001   0.0002
   0.0007  -0.0051   0.0005  -0.0107   0.0001  -0.0006  -0.0003  -0.0001   0.0000  -0.0002  -0.0001  -0.0002  -0.0002   0.0000
  -0.0054  -0.0007  -0.0072  -0.0005  -0.0000   0.0001   0.0001  -0.0000   0.0002  -0.0002  -0.0000   0.0001  -0.0003   0.0000
  -0.0000  -0.0000  -0.0000  -0.0001  -0.0008  -0.0041   0.0002   0.0006   0.0001  -0.0003   0.0001   0.0004  -0.0000   0.0000
   0.0001   0.0000  -0.0003  -0.0000  -0.0016   0.0008   0.0002  -0.0002   0.0003   0.0001  -0.0002  -0.0003  -0.0000   0.0002
   0.0001   0.0001  -0.0000   0.0001   0.0002   0.0002  -0.0004  -0.0039  -0.0004  -0.0004   0.0001   0.0005   0.0000   0.0000
   0.0001  -0.0000  -0.0001  -0.0001   0.0005  -0.0002  -0.0015   0.0004  -0.0004   0.0005  -0.0001  -0.0003   0.0000   0.0000
  -0.0000  -0.0001  -0.0000   0.0003  -0.0002   0.0004  -0.0003  -0.0006  -0.0002  -0.0036   0.0001   0.0004   0.0000  -0.0000
   0.0003   0.0001  -0.0001  -0.0000  -0.0002  -0.0000  -0.0004   0.0003  -0.0012   0.0002  -0.0000  -0.0003   0.0003  -0.0001
  -0.0000   0.0001  -0.0000  -0.0001   0.0002  -0.0002   0.0002  -0.0001   0.0003  -0.0000  -0.0000  -0.0033   0.0000   0.0000
  -0.0001  -0.0000  -0.0001  -0.0000   0.0004  -0.0001   0.0004  -0.0001   0.0004  -0.0000  -0.0010   0.0000   0.0001   0.0001
   0.0000  -0.0001   0.0000  -0.0003  -0.0003   0.0000  -0.0002   0.0001  -0.0001   0.0004   0.0003   0.0001  -0.0000   0.0001
  -0.0000   0.0002  -0.0000   0.0000   0.0002   0.0001  -0.0004   0.0001  -0.0005   0.0000  -0.0001   0.0002  -0.0001  -0.0000
************     r-out-sym  ************
 imp=  1
 real part
   0.9894   0.0070   0.0000   0.0000   0.0000   0.0000   0.0000   0.0000   0.0000   0.0000   0.0000   0.0000   0.0000   0.0000
  -0.0040   0.9300   0.0000   0.0000   0.0000   0.0000   0.0000   0.0000   0.0000   0.0000   0.0000   0.0000   0.0000   0.0000
   0.0000   0.0000   0.9894   0.0070   0.0000   0.0000   0.0000   0.0000   0.0000   0.0000   0.0000   0.0000   0.0000   0.0000
   0.0000   0.0000  -0.0040   0.9300   0.0000   0.0000   0.0000   0.0000   0.0000   0.0000   0.0000   0.0000   0.0000   0.0000
   0.0000   0.0000   0.0000   0.0000   0.9682  -0.0094   0.0000   0.0000   0.0000   0.0000   0.0000   0.0000   0.0000   0.0000
   0.0000   0.0000   0.0000   0.0000  -0.0028   0.9308   0.0000   0.0000   0.0000   0.0000   0.0000   0.0000   0.0000   0.0000
   0.0000   0.0000   0.0000   0.0000   0.0000   0.0000   0.9682  -0.0094   0.0000   0.0000   0.0000   0.0000   0.0000   0.0000
   0.0000   0.0000   0.0000   0.0000   0.0000   0.0000  -0.0028   0.9308   0.0000   0.0000   0.0000   0.0000   0.0000   0.0000
   0.0000   0.0000   0.0000   0.0000   0.0000   0.0000   0.0000   0.0000   0.9682  -0.0094   0.0000   0.0000   0.0000   0.0000
   0.0000   0.0000   0.0000   0.0000   0.0000   0.0000   0.0000   0.0000  -0.0028   0.9308   0.0000   0.0000   0.0000   0.0000
   0.0000   0.0000   0.0000   0.0000   0.0000   0.0000   0.0000   0.0000   0.0000   0.0000   0.9682  -0.0094   0.0000   0.0000
   0.0000   0.0000   0.0000   0.0000   0.0000   0.0000   0.0000   0.0000   0.0000   0.0000  -0.0028   0.9308   0.0000   0.0000
   0.0000   0.0000   0.0000   0.0000   0.0000   0.0000   0.0000   0.0000   0.0000   0.0000   0.0000   0.0000   0.9707   0.0000
   0.0000   0.0000   0.0000   0.0000   0.0000   0.0000   0.0000   0.0000   0.0000   0.0000   0.0000   0.0000   0.0000   0.9707
 imag part
   0.0002  -0.0073   0.0000   0.0000   0.0000   0.0000   0.0000   0.0000   0.0000   0.0000   0.0000   0.0000   0.0000   0.0000
  -0.0055  -0.0002   0.0000   0.0000   0.0000   0.0000   0.0000   0.0000   0.0000   0.0000   0.0000   0.0000   0.0000   0.0000
   0.0000   0.0000   0.0002  -0.0073   0.0000   0.0000   0.0000   0.0000   0.0000   0.0000   0.0000   0.0000   0.0000   0.0000
   0.0000   0.0000  -0.0055  -0.0002   0.0000   0.0000   0.0000   0.0000   0.0000   0.0000   0.0000   0.0000   0.0000   0.0000
   0.0000   0.0000   0.0000   0.0000  -0.0004  -0.0037   0.0000   0.0000   0.0000   0.0000   0.0000   0.0000   0.0000   0.0000
   0.0000   0.0000   0.0000   0.0000  -0.0013   0.0004   0.0000   0.0000   0.0000   0.0000   0.0000   0.0000   0.0000   0.0000
   0.0000   0.0000   0.0000   0.0000   0.0000   0.0000  -0.0004  -0.0037   0.0000   0.0000   0.0000   0.0000   0.0000   0.0000
   0.0000   0.0000   0.0000   0.0000   0.0000   0.0000  -0.0013   0.0004   0.0000   0.0000   0.0000   0.0000   0.0000   0.0000
   0.0000   0.0000   0.0000   0.0000   0.0000   0.0000   0.0000   0.0000  -0.0004  -0.0037   0.0000   0.0000   0.0000   0.0000
   0.0000   0.0000   0.0000   0.0000   0.0000   0.0000   0.0000   0.0000  -0.0013   0.0004   0.0000   0.0000   0.0000   0.0000
   0.0000   0.0000   0.0000   0.0000   0.0000   0.0000   0.0000   0.0000   0.0000   0.0000  -0.0004  -0.0037   0.0000   0.0000
   0.0000   0.0000   0.0000   0.0000   0.0000   0.0000   0.0000   0.0000   0.0000   0.0000  -0.0013   0.0004   0.0000   0.0000
   0.0000   0.0000   0.0000   0.0000   0.0000   0.0000   0.0000   0.0000   0.0000   0.0000   0.0000   0.0000  -0.0000   0.0000
   0.0000   0.0000   0.0000   0.0000   0.0000   0.0000   0.0000   0.0000   0.0000   0.0000   0.0000   0.0000   0.0000  -0.0000
 max error due to symm in r-out =     0.010737
************     z-out-sym  ************
 imp=  1
 real part
   0.9790   0.0026   0.0000   0.0000   0.0000   0.0000   0.0000   0.0000   0.0000   0.0000   0.0000   0.0000   0.0000   0.0000
   0.0026   0.8650   0.0000   0.0000   0.0000   0.0000   0.0000   0.0000   0.0000   0.0000   0.0000   0.0000   0.0000   0.0000
   0.0000   0.0000   0.9790   0.0026   0.0000   0.0000   0.0000   0.0000   0.0000   0.0000   0.0000   0.0000   0.0000   0.0000
   0.0000   0.0000   0.0026   0.8650   0.0000   0.0000   0.0000   0.0000   0.0000   0.0000   0.0000   0.0000   0.0000   0.0000
   0.0000   0.0000   0.0000   0.0000   0.9376  -0.0114   0.0000   0.0000   0.0000   0.0000   0.0000   0.0000   0.0000   0.0000
   0.0000   0.0000   0.0000   0.0000  -0.0114   0.8664   0.0000   0.0000   0.0000   0.0000   0.0000   0.0000   0.0000   0.0000
   0.0000   0.0000   0.0000   0.0000   0.0000   0.0000   0.9376  -0.0114   0.0000   0.0000   0.0000   0.0000   0.0000   0.0000
   0.0000   0.0000   0.0000   0.0000   0.0000   0.0000  -0.0114   0.8664   0.0000   0.0000   0.0000   0.0000   0.0000   0.0000
   0.0000   0.0000   0.0000   0.0000   0.0000   0.0000   0.0000   0.0000   0.9376  -0.0114   0.0000   0.0000   0.0000   0.0000
   0.0000   0.0000   0.0000   0.0000   0.0000   0.0000   0.0000   0.0000  -0.0114   0.8664   0.0000   0.0000   0.0000   0.0000
   0.0000   0.0000   0.0000   0.0000   0.0000   0.0000   0.0000   0.0000   0.0000   0.0000   0.9376  -0.0114   0.0000   0.0000
   0.0000   0.0000   0.0000   0.0000   0.0000   0.0000   0.0000   0.0000   0.0000   0.0000  -0.0114   0.8664   0.0000   0.0000
   0.0000   0.0000   0.0000   0.0000   0.0000   0.0000   0.0000   0.0000   0.0000   0.0000   0.0000   0.0000   0.9423   0.0000
   0.0000   0.0000   0.0000   0.0000   0.0000   0.0000   0.0000   0.0000   0.0000   0.0000   0.0000   0.0000   0.0000   0.9423
 imag part
   0.0000  -0.0013   0.0000   0.0000   0.0000   0.0000   0.0000   0.0000   0.0000   0.0000   0.0000   0.0000   0.0000   0.0000
   0.0013   0.0000   0.0000   0.0000   0.0000   0.0000   0.0000   0.0000   0.0000   0.0000   0.0000   0.0000   0.0000   0.0000
   0.0000   0.0000   0.0000  -0.0013   0.0000   0.0000   0.0000   0.0000   0.0000   0.0000   0.0000   0.0000   0.0000   0.0000
   0.0000   0.0000   0.0013   0.0000   0.0000   0.0000   0.0000   0.0000   0.0000   0.0000   0.0000   0.0000   0.0000   0.0000
   0.0000   0.0000   0.0000   0.0000   0.0000  -0.0022   0.0000   0.0000   0.0000   0.0000   0.0000   0.0000   0.0000   0.0000
   0.0000   0.0000   0.0000   0.0000   0.0022   0.0000   0.0000   0.0000   0.0000   0.0000   0.0000   0.0000   0.0000   0.0000
   0.0000   0.0000   0.0000   0.0000   0.0000   0.0000   0.0000  -0.0022   0.0000   0.0000   0.0000   0.0000   0.0000   0.0000
   0.0000   0.0000   0.0000   0.0000   0.0000   0.0000   0.0022   0.0000   0.0000   0.0000   0.0000   0.0000   0.0000   0.0000
   0.0000   0.0000   0.0000   0.0000   0.0000   0.0000   0.0000   0.0000   0.0000  -0.0022   0.0000   0.0000   0.0000   0.0000
   0.0000   0.0000   0.0000   0.0000   0.0000   0.0000   0.0000   0.0000   0.0022   0.0000   0.0000   0.0000   0.0000   0.0000
   0.0000   0.0000   0.0000   0.0000   0.0000   0.0000   0.0000   0.0000   0.0000   0.0000   0.0000  -0.0022   0.0000   0.0000
   0.0000   0.0000   0.0000   0.0000   0.0000   0.0000   0.0000   0.0000   0.0000   0.0000   0.0022   0.0000   0.0000   0.0000
   0.0000   0.0000   0.0000   0.0000   0.0000   0.0000   0.0000   0.0000   0.0000   0.0000   0.0000   0.0000  -0.0000   0.0000
   0.0000   0.0000   0.0000   0.0000   0.0000   0.0000   0.0000   0.0000   0.0000   0.0000   0.0000   0.0000   0.0000  -0.0000
 imp=  1 eigen values of         z:
    0.9791    0.9791    0.9423    0.9423    0.9394    0.9394    0.9394    0.9394    0.8649    0.8649    0.8646    0.8646    0.8646    0.8646
 maxerr =     0.228133
 CyGErr takes    0 h  0 m  0.07 s(cpu).
                 0 h  0 m  0.11 s(wall).
 total number of impurities =    1
 impurity imap indices:
       1
 impurity num_spin_orbitals:
      14
 imp =  1 v2e(1,1,1,1) = .31
 mott localized orbital info:
 i=  1 nsorb= 0 nelect= 0
 ispin_in= 1 iso= 2 ispin= 1 ispo= 2
************     h1e-unsym  ************
 imp=  1
 real part
   2.0738  -0.0054   0.0000   0.0055   0.0113   0.0140   0.0008   0.0138   0.0101  -0.0007  -0.0066   0.0041  -0.0001   0.0000
  -0.0054   2.0686   0.0123  -0.0000   0.0118  -0.0035  -0.0058  -0.0097   0.0199   0.0088   0.0072  -0.0004  -0.0000  -0.0000
   0.0000   0.0123   2.0738   0.0023  -0.0039  -0.0050   0.0015  -0.0147  -0.0047   0.0155  -0.0055   0.0061  -0.0000  -0.0001
   0.0055  -0.0000   0.0023   2.0686  -0.0081   0.0073  -0.0114   0.0081  -0.0039   0.0091   0.0236   0.0070  -0.0000   0.0000
   0.0113   0.0118  -0.0039  -0.0081   2.0837  -0.0016  -0.0036   0.0047  -0.0097   0.0013   0.0084   0.0007   0.0014   0.0038
   0.0140  -0.0035  -0.0050   0.0073  -0.0016   2.0628   0.0035  -0.0120  -0.0005  -0.0015  -0.0016  -0.0047  -0.0020  -0.0141
   0.0008  -0.0058   0.0015  -0.0114  -0.0036   0.0035   2.0902   0.0026   0.0069  -0.0018   0.0125  -0.0035   0.0035  -0.0023
   0.0138  -0.0097  -0.0147   0.0081   0.0047  -0.0120   0.0026   2.0578   0.0026  -0.0027   0.0003  -0.0017  -0.0037   0.0135
   0.0101   0.0199  -0.0047  -0.0039  -0.0097  -0.0005   0.0069   0.0026   2.0803  -0.0044  -0.0018   0.0029   0.0033  -0.0084
  -0.0007   0.0088   0.0155   0.0091   0.0013  -0.0015  -0.0018  -0.0027  -0.0044   2.0474  -0.0040  -0.0057   0.0135  -0.0051
  -0.0066   0.0072  -0.0055   0.0236   0.0084  -0.0016   0.0125   0.0003  -0.0018  -0.0040   2.0812  -0.0021   0.0039   0.0034
   0.0041  -0.0004   0.0061   0.0070   0.0007  -0.0047  -0.0035  -0.0017   0.0029  -0.0057  -0.0021   2.0634  -0.0234  -0.0003
  -0.0001  -0.0000  -0.0000  -0.0000   0.0014  -0.0020   0.0035  -0.0037   0.0033   0.0135   0.0039  -0.0234   2.0557   0.0000
   0.0000  -0.0000  -0.0001   0.0000   0.0038  -0.0141  -0.0023   0.0135  -0.0084  -0.0051   0.0034  -0.0003   0.0000   2.0557
 imag part
   0.0000  -0.0017   0.0000   0.0117  -0.0024   0.0105   0.0024   0.0106   0.0019   0.0128  -0.0072   0.0163  -0.0001   0.0000
   0.0017  -0.0000  -0.0042   0.0000  -0.0150  -0.0005  -0.0118   0.0040   0.0116   0.0046   0.0088  -0.0068   0.0000   0.0000
  -0.0000   0.0042   0.0000   0.0052   0.0061   0.0014   0.0085   0.0081  -0.0090   0.0207  -0.0090  -0.0066   0.0000   0.0001
  -0.0117  -0.0000  -0.0052   0.0000   0.0142  -0.0025  -0.0032   0.0009   0.0137   0.0026  -0.0052  -0.0014  -0.0000   0.0000
   0.0024   0.0150  -0.0061  -0.0142  -0.0000   0.0058   0.0008  -0.0001  -0.0103   0.0000   0.0011   0.0006  -0.0007   0.0090
  -0.0105   0.0005  -0.0014   0.0025  -0.0058  -0.0000   0.0016   0.0016   0.0033  -0.0011  -0.0039  -0.0076   0.0093   0.0241
  -0.0024   0.0118  -0.0085   0.0032  -0.0008  -0.0016   0.0000   0.0031   0.0010   0.0016  -0.0052  -0.0060  -0.0117  -0.0041
  -0.0106  -0.0040  -0.0081  -0.0009   0.0001  -0.0016  -0.0031   0.0000  -0.0024   0.0067   0.0025  -0.0072   0.0120  -0.0177
  -0.0019  -0.0116   0.0090  -0.0137   0.0103  -0.0033  -0.0010   0.0024  -0.0000   0.0025   0.0045   0.0009  -0.0007  -0.0016
  -0.0128  -0.0046  -0.0207  -0.0026  -0.0000   0.0011  -0.0016  -0.0067  -0.0025   0.0000  -0.0009   0.0076  -0.0039  -0.0031
   0.0072  -0.0088   0.0090   0.0052  -0.0011   0.0039   0.0052  -0.0025  -0.0045   0.0009   0.0000  -0.0033  -0.0065   0.0040
  -0.0163   0.0068   0.0066   0.0014  -0.0006   0.0076   0.0060   0.0072  -0.0009  -0.0076   0.0033   0.0000  -0.0181  -0.0033
   0.0001  -0.0000  -0.0000   0.0000   0.0007  -0.0093   0.0117  -0.0120   0.0007   0.0039   0.0065   0.0181  -0.0000  -0.0000
  -0.0000  -0.0000  -0.0001  -0.0000  -0.0090  -0.0241   0.0041   0.0177   0.0016   0.0031  -0.0040   0.0033   0.0000   0.0000
   orbital splitting:
   0.00000  -0.00516  -0.00000  -0.00516   0.00998  -0.01095   0.01649  -0.01593   0.00653  -0.02634   0.00740  -0.01037  -0.01806  -0.01806
 imp=  1 eigen values of h1e-unsym:
    2.1080    2.1080    2.1054    2.1054    2.1009    2.1009    2.1005    2.1005    2.0255    2.0255    2.0212    2.0212    2.0201    2.0201
************       h1e-sym  ************
 imp=  1
 real part
   2.0738  -0.0016   0.0000   0.0000   0.0000   0.0000   0.0000   0.0000   0.0000   0.0000   0.0000   0.0000   0.0000   0.0000
  -0.0016   2.0686   0.0000   0.0000   0.0000   0.0000   0.0000   0.0000   0.0000   0.0000   0.0000   0.0000   0.0000   0.0000
   0.0000   0.0000   2.0738  -0.0016   0.0000   0.0000   0.0000   0.0000   0.0000   0.0000   0.0000   0.0000   0.0000   0.0000
   0.0000   0.0000  -0.0016   2.0686   0.0000   0.0000   0.0000   0.0000   0.0000   0.0000   0.0000   0.0000   0.0000   0.0000
   0.0000   0.0000   0.0000   0.0000   2.0839  -0.0013   0.0000   0.0000   0.0000   0.0000   0.0000   0.0000   0.0000   0.0000
   0.0000   0.0000   0.0000   0.0000  -0.0013   2.0579   0.0000   0.0000   0.0000   0.0000   0.0000   0.0000   0.0000   0.0000
   0.0000   0.0000   0.0000   0.0000   0.0000   0.0000   2.0839  -0.0013   0.0000   0.0000   0.0000   0.0000   0.0000   0.0000
   0.0000   0.0000   0.0000   0.0000   0.0000   0.0000  -0.0013   2.0579   0.0000   0.0000   0.0000   0.0000   0.0000   0.0000
   0.0000   0.0000   0.0000   0.0000   0.0000   0.0000   0.0000   0.0000   2.0839  -0.0013   0.0000   0.0000   0.0000   0.0000
   0.0000   0.0000   0.0000   0.0000   0.0000   0.0000   0.0000   0.0000  -0.0013   2.0579   0.0000   0.0000   0.0000   0.0000
   0.0000   0.0000   0.0000   0.0000   0.0000   0.0000   0.0000   0.0000   0.0000   0.0000   2.0839  -0.0013   0.0000   0.0000
   0.0000   0.0000   0.0000   0.0000   0.0000   0.0000   0.0000   0.0000   0.0000   0.0000  -0.0013   2.0579   0.0000   0.0000
   0.0000   0.0000   0.0000   0.0000   0.0000   0.0000   0.0000   0.0000   0.0000   0.0000   0.0000   0.0000   2.0557   0.0000
   0.0000   0.0000   0.0000   0.0000   0.0000   0.0000   0.0000   0.0000   0.0000   0.0000   0.0000   0.0000   0.0000   2.0557
 imag part
   0.0000   0.0018   0.0000   0.0000   0.0000   0.0000   0.0000   0.0000   0.0000   0.0000   0.0000   0.0000   0.0000   0.0000
  -0.0018   0.0000   0.0000   0.0000   0.0000   0.0000   0.0000   0.0000   0.0000   0.0000   0.0000   0.0000   0.0000   0.0000
   0.0000   0.0000   0.0000   0.0018   0.0000   0.0000   0.0000   0.0000   0.0000   0.0000   0.0000   0.0000   0.0000   0.0000
   0.0000   0.0000  -0.0018   0.0000   0.0000   0.0000   0.0000   0.0000   0.0000   0.0000   0.0000   0.0000   0.0000   0.0000
   0.0000   0.0000   0.0000   0.0000   0.0000   0.0020   0.0000   0.0000   0.0000   0.0000   0.0000   0.0000   0.0000   0.0000
   0.0000   0.0000   0.0000   0.0000  -0.0020   0.0000   0.0000   0.0000   0.0000   0.0000   0.0000   0.0000   0.0000   0.0000
   0.0000   0.0000   0.0000   0.0000   0.0000   0.0000   0.0000   0.0020   0.0000   0.0000   0.0000   0.0000   0.0000   0.0000
   0.0000   0.0000   0.0000   0.0000   0.0000   0.0000  -0.0020   0.0000   0.0000   0.0000   0.0000   0.0000   0.0000   0.0000
   0.0000   0.0000   0.0000   0.0000   0.0000   0.0000   0.0000   0.0000   0.0000   0.0020   0.0000   0.0000   0.0000   0.0000
   0.0000   0.0000   0.0000   0.0000   0.0000   0.0000   0.0000   0.0000  -0.0020   0.0000   0.0000   0.0000   0.0000   0.0000
   0.0000   0.0000   0.0000   0.0000   0.0000   0.0000   0.0000   0.0000   0.0000   0.0000   0.0000   0.0020   0.0000   0.0000
   0.0000   0.0000   0.0000   0.0000   0.0000   0.0000   0.0000   0.0000   0.0000   0.0000  -0.0020   0.0000   0.0000   0.0000
   0.0000   0.0000   0.0000   0.0000   0.0000   0.0000   0.0000   0.0000   0.0000   0.0000   0.0000   0.0000   0.0000   0.0000
   0.0000   0.0000   0.0000   0.0000   0.0000   0.0000   0.0000   0.0000   0.0000   0.0000   0.0000   0.0000   0.0000   0.0000
   orbital splitting:
   0.00000  -0.00516   0.00000  -0.00516   0.01010  -0.01590   0.01010  -0.01590   0.01010  -0.01590   0.01010  -0.01590  -0.01806  -0.01806
 imp=  1 eigen values of   h1e-sym:
    2.0841    2.0841    2.0841    2.0841    2.0747    2.0747    2.0677    2.0677    2.0576    2.0576    2.0576    2.0576    2.0557    2.0557
 max error due to symm in h1e =     0.029602
************     h1u-unsym  ************
 imp=  1
 real part
   2.0738  -0.0054   0.0000   0.0055   0.0113   0.0140   0.0008   0.0138   0.0101  -0.0007  -0.0066   0.0041  -0.0001   0.0000
  -0.0054   2.0686   0.0123  -0.0000   0.0118  -0.0035  -0.0058  -0.0097   0.0199   0.0088   0.0072  -0.0004  -0.0000  -0.0000
   0.0000   0.0123   2.0738   0.0023  -0.0039  -0.0050   0.0015  -0.0147  -0.0047   0.0155  -0.0055   0.0061  -0.0000  -0.0001
   0.0055  -0.0000   0.0023   2.0686  -0.0081   0.0073  -0.0114   0.0081  -0.0039   0.0091   0.0236   0.0070  -0.0000   0.0000
   0.0113   0.0118  -0.0039  -0.0081   2.0837  -0.0016  -0.0036   0.0047  -0.0097   0.0013   0.0084   0.0007   0.0014   0.0038
   0.0140  -0.0035  -0.0050   0.0073  -0.0016   2.0628   0.0035  -0.0120  -0.0005  -0.0015  -0.0016  -0.0047  -0.0020  -0.0141
   0.0008  -0.0058   0.0015  -0.0114  -0.0036   0.0035   2.0902   0.0026   0.0069  -0.0018   0.0125  -0.0035   0.0035  -0.0023
   0.0138  -0.0097  -0.0147   0.0081   0.0047  -0.0120   0.0026   2.0578   0.0026  -0.0027   0.0003  -0.0017  -0.0037   0.0135
   0.0101   0.0199  -0.0047  -0.0039  -0.0097  -0.0005   0.0069   0.0026   2.0803  -0.0044  -0.0018   0.0029   0.0033  -0.0084
  -0.0007   0.0088   0.0155   0.0091   0.0013  -0.0015  -0.0018  -0.0027  -0.0044   2.0474  -0.0040  -0.0057   0.0135  -0.0051
  -0.0066   0.0072  -0.0055   0.0236   0.0084  -0.0016   0.0125   0.0003  -0.0018  -0.0040   2.0812  -0.0021   0.0039   0.0034
   0.0041  -0.0004   0.0061   0.0070   0.0007  -0.0047  -0.0035  -0.0017   0.0029  -0.0057  -0.0021   2.0634  -0.0234  -0.0003
  -0.0001  -0.0000  -0.0000  -0.0000   0.0014  -0.0020   0.0035  -0.0037   0.0033   0.0135   0.0039  -0.0234   2.0557   0.0000
   0.0000  -0.0000  -0.0001   0.0000   0.0038  -0.0141  -0.0023   0.0135  -0.0084  -0.0051   0.0034  -0.0003   0.0000   2.0557
 imag part
   0.0000  -0.0017   0.0000   0.0117  -0.0024   0.0105   0.0024   0.0106   0.0019   0.0128  -0.0072   0.0163  -0.0001   0.0000
   0.0017  -0.0000  -0.0042   0.0000  -0.0150  -0.0005  -0.0118   0.0040   0.0116   0.0046   0.0088  -0.0068   0.0000   0.0000
  -0.0000   0.0042   0.0000   0.0052   0.0061   0.0014   0.0085   0.0081  -0.0090   0.0207  -0.0090  -0.0066   0.0000   0.0001
  -0.0117  -0.0000  -0.0052   0.0000   0.0142  -0.0025  -0.0032   0.0009   0.0137   0.0026  -0.0052  -0.0014  -0.0000   0.0000
   0.0024   0.0150  -0.0061  -0.0142  -0.0000   0.0058   0.0008  -0.0001  -0.0103   0.0000   0.0011   0.0006  -0.0007   0.0090
  -0.0105   0.0005  -0.0014   0.0025  -0.0058  -0.0000   0.0016   0.0016   0.0033  -0.0011  -0.0039  -0.0076   0.0093   0.0241
  -0.0024   0.0118  -0.0085   0.0032  -0.0008  -0.0016   0.0000   0.0031   0.0010   0.0016  -0.0052  -0.0060  -0.0117  -0.0041
  -0.0106  -0.0040  -0.0081  -0.0009   0.0001  -0.0016  -0.0031   0.0000  -0.0024   0.0067   0.0025  -0.0072   0.0120  -0.0177
  -0.0019  -0.0116   0.0090  -0.0137   0.0103  -0.0033  -0.0010   0.0024  -0.0000   0.0025   0.0045   0.0009  -0.0007  -0.0016
  -0.0128  -0.0046  -0.0207  -0.0026  -0.0000   0.0011  -0.0016  -0.0067  -0.0025   0.0000  -0.0009   0.0076  -0.0039  -0.0031
   0.0072  -0.0088   0.0090   0.0052  -0.0011   0.0039   0.0052  -0.0025  -0.0045   0.0009   0.0000  -0.0033  -0.0065   0.0040
  -0.0163   0.0068   0.0066   0.0014  -0.0006   0.0076   0.0060   0.0072  -0.0009  -0.0076   0.0033   0.0000  -0.0181  -0.0033
   0.0001  -0.0000  -0.0000   0.0000   0.0007  -0.0093   0.0117  -0.0120   0.0007   0.0039   0.0065   0.0181  -0.0000  -0.0000
  -0.0000  -0.0000  -0.0001  -0.0000  -0.0090  -0.0241   0.0041   0.0177   0.0016   0.0031  -0.0040   0.0033   0.0000   0.0000
   orbital splitting:
   0.00000  -0.00516  -0.00000  -0.00516   0.00998  -0.01095   0.01649  -0.01593   0.00653  -0.02634   0.00740  -0.01037  -0.01806  -0.01806
 imp=  1 eigen values of h1u-unsym:
    2.1080    2.1080    2.1054    2.1054    2.1009    2.1009    2.1005    2.1005    2.0255    2.0255    2.0212    2.0212    2.0201    2.0201
************       h1u-sym  ************
 imp=  1
 real part
   2.0738  -0.0016   0.0000   0.0000   0.0000   0.0000   0.0000   0.0000   0.0000   0.0000   0.0000   0.0000   0.0000   0.0000
  -0.0016   2.0686   0.0000   0.0000   0.0000   0.0000   0.0000   0.0000   0.0000   0.0000   0.0000   0.0000   0.0000   0.0000
   0.0000   0.0000   2.0738  -0.0016   0.0000   0.0000   0.0000   0.0000   0.0000   0.0000   0.0000   0.0000   0.0000   0.0000
   0.0000   0.0000  -0.0016   2.0686   0.0000   0.0000   0.0000   0.0000   0.0000   0.0000   0.0000   0.0000   0.0000   0.0000
   0.0000   0.0000   0.0000   0.0000   2.0839  -0.0013   0.0000   0.0000   0.0000   0.0000   0.0000   0.0000   0.0000   0.0000
   0.0000   0.0000   0.0000   0.0000  -0.0013   2.0579   0.0000   0.0000   0.0000   0.0000   0.0000   0.0000   0.0000   0.0000
   0.0000   0.0000   0.0000   0.0000   0.0000   0.0000   2.0839  -0.0013   0.0000   0.0000   0.0000   0.0000   0.0000   0.0000
   0.0000   0.0000   0.0000   0.0000   0.0000   0.0000  -0.0013   2.0579   0.0000   0.0000   0.0000   0.0000   0.0000   0.0000
   0.0000   0.0000   0.0000   0.0000   0.0000   0.0000   0.0000   0.0000   2.0839  -0.0013   0.0000   0.0000   0.0000   0.0000
   0.0000   0.0000   0.0000   0.0000   0.0000   0.0000   0.0000   0.0000  -0.0013   2.0579   0.0000   0.0000   0.0000   0.0000
   0.0000   0.0000   0.0000   0.0000   0.0000   0.0000   0.0000   0.0000   0.0000   0.0000   2.0839  -0.0013   0.0000   0.0000
   0.0000   0.0000   0.0000   0.0000   0.0000   0.0000   0.0000   0.0000   0.0000   0.0000  -0.0013   2.0579   0.0000   0.0000
   0.0000   0.0000   0.0000   0.0000   0.0000   0.0000   0.0000   0.0000   0.0000   0.0000   0.0000   0.0000   2.0557   0.0000
   0.0000   0.0000   0.0000   0.0000   0.0000   0.0000   0.0000   0.0000   0.0000   0.0000   0.0000   0.0000   0.0000   2.0557
 imag part
   0.0000   0.0018   0.0000   0.0000   0.0000   0.0000   0.0000   0.0000   0.0000   0.0000   0.0000   0.0000   0.0000   0.0000
  -0.0018   0.0000   0.0000   0.0000   0.0000   0.0000   0.0000   0.0000   0.0000   0.0000   0.0000   0.0000   0.0000   0.0000
   0.0000   0.0000   0.0000   0.0018   0.0000   0.0000   0.0000   0.0000   0.0000   0.0000   0.0000   0.0000   0.0000   0.0000
   0.0000   0.0000  -0.0018   0.0000   0.0000   0.0000   0.0000   0.0000   0.0000   0.0000   0.0000   0.0000   0.0000   0.0000
   0.0000   0.0000   0.0000   0.0000   0.0000   0.0020   0.0000   0.0000   0.0000   0.0000   0.0000   0.0000   0.0000   0.0000
   0.0000   0.0000   0.0000   0.0000  -0.0020   0.0000   0.0000   0.0000   0.0000   0.0000   0.0000   0.0000   0.0000   0.0000
   0.0000   0.0000   0.0000   0.0000   0.0000   0.0000   0.0000   0.0020   0.0000   0.0000   0.0000   0.0000   0.0000   0.0000
   0.0000   0.0000   0.0000   0.0000   0.0000   0.0000  -0.0020   0.0000   0.0000   0.0000   0.0000   0.0000   0.0000   0.0000
   0.0000   0.0000   0.0000   0.0000   0.0000   0.0000   0.0000   0.0000   0.0000   0.0020   0.0000   0.0000   0.0000   0.0000
   0.0000   0.0000   0.0000   0.0000   0.0000   0.0000   0.0000   0.0000  -0.0020   0.0000   0.0000   0.0000   0.0000   0.0000
   0.0000   0.0000   0.0000   0.0000   0.0000   0.0000   0.0000   0.0000   0.0000   0.0000   0.0000   0.0020   0.0000   0.0000
   0.0000   0.0000   0.0000   0.0000   0.0000   0.0000   0.0000   0.0000   0.0000   0.0000  -0.0020   0.0000   0.0000   0.0000
   0.0000   0.0000   0.0000   0.0000   0.0000   0.0000   0.0000   0.0000   0.0000   0.0000   0.0000   0.0000   0.0000   0.0000
   0.0000   0.0000   0.0000   0.0000   0.0000   0.0000   0.0000   0.0000   0.0000   0.0000   0.0000   0.0000   0.0000   0.0000
   orbital splitting:
   0.00000  -0.00516   0.00000  -0.00516   0.01010  -0.01590   0.01010  -0.01590   0.01010  -0.01590   0.01010  -0.01590  -0.01806  -0.01806
 imp=  1 eigen values of   h1u-sym:
    2.0841    2.0841    2.0841    2.0841    2.0747    2.0747    2.0677    2.0677    2.0576    2.0576    2.0576    2.0576    2.0557    2.0557
 max error due to symm in h1u =     0.029602
 min/max(this%ne(1,:,:))=      40      48
 min/max(this%ne(2,:,:))=       9       9
 min/max(this%ne(3,:,:))=      26      34
 brillouin zone integration: ismear=-5 with delta=.00000
 this%nmax=  48
 valence electrons: total=    16.0
         correlated block=     8.0
 bz integration with tetra method, icor= 1
 equal occupancy of degenerate states, tol= 0.1E-05
 calc_band_all takes    0 h  0 m  0.03 s(cpu).
                        0 h  0 m  0.03 s(wall).
 iloop            1
 iloop            2
   fermi energy at    2.0175874901380966     
   sum rule of tetrahedron integration checked 
   number of occupied bands:          18
   highest energy:   2.0693915011917654     
 gutz fermi level=      2.01758749
 e_mol = 20.9207878 e_tot = -7.1959174
************     ncv-unsym  ************
 imp=  1
 real part
   0.2874  -0.0045   0.0003  -0.0020  -0.0000  -0.0000  -0.0002  -0.0006   0.0002   0.0003   0.0000   0.0002   0.0000  -0.0002
  -0.0045   0.5628  -0.0066  -0.0000   0.0001   0.0001  -0.0001   0.0007   0.0001  -0.0000  -0.0007   0.0005  -0.0007  -0.0005
   0.0003  -0.0066   0.2874  -0.0081  -0.0002  -0.0001  -0.0002  -0.0003   0.0002  -0.0002  -0.0001   0.0001  -0.0000   0.0000
  -0.0020  -0.0000  -0.0081   0.5624  -0.0001   0.0004  -0.0005   0.0001  -0.0002   0.0001  -0.0001  -0.0001   0.0003   0.0004
  -0.0000   0.0001  -0.0002  -0.0001   0.4283   0.0234  -0.0001   0.0019   0.0002   0.0000   0.0002  -0.0010   0.0002   0.0003
  -0.0000   0.0001  -0.0001   0.0004   0.0234   0.5581  -0.0007  -0.0001   0.0027   0.0001  -0.0025   0.0002  -0.0002   0.0002
  -0.0002  -0.0001  -0.0002  -0.0005  -0.0001  -0.0007   0.4283   0.0204  -0.0000   0.0024  -0.0000   0.0017   0.0001  -0.0003
  -0.0006   0.0007  -0.0003   0.0001   0.0019  -0.0001   0.0204   0.5587  -0.0004  -0.0004  -0.0029   0.0001   0.0001  -0.0004
   0.0002   0.0001   0.0002  -0.0002   0.0002   0.0027  -0.0000  -0.0004   0.4281   0.0196   0.0000   0.0011  -0.0000  -0.0008
   0.0003  -0.0000  -0.0002   0.0001   0.0000   0.0001   0.0024  -0.0004   0.0196   0.5579  -0.0022   0.0001   0.0004   0.0002
   0.0000  -0.0007  -0.0001  -0.0001   0.0002  -0.0025  -0.0000  -0.0029   0.0000  -0.0022   0.4286   0.0194  -0.0004  -0.0001
   0.0002   0.0005   0.0001  -0.0001  -0.0010   0.0002   0.0017   0.0001   0.0011   0.0001   0.0194   0.5583   0.0002   0.0002
   0.0000  -0.0007  -0.0000   0.0003   0.0002  -0.0002   0.0001   0.0001  -0.0000   0.0004  -0.0004   0.0002   0.4266  -0.0001
  -0.0002  -0.0005   0.0000   0.0004   0.0003   0.0002  -0.0003  -0.0004  -0.0008   0.0002  -0.0001   0.0002  -0.0001   0.4268
 imag part
   0.0000  -0.0054  -0.0000   0.0074   0.0002  -0.0001  -0.0001  -0.0001   0.0006  -0.0005   0.0000   0.0001   0.0001  -0.0000
   0.0054  -0.0000  -0.0036   0.0002  -0.0000   0.0000   0.0003  -0.0001  -0.0003  -0.0003   0.0002  -0.0001  -0.0001   0.0004
   0.0000   0.0036   0.0000  -0.0006  -0.0001   0.0004   0.0002   0.0000  -0.0000   0.0002   0.0001   0.0001   0.0002  -0.0001
  -0.0074  -0.0002   0.0006   0.0000  -0.0001   0.0002   0.0003  -0.0000   0.0007  -0.0006  -0.0002   0.0002  -0.0006   0.0001
  -0.0002   0.0000   0.0001   0.0001  -0.0000  -0.0032  -0.0001  -0.0028  -0.0000   0.0012  -0.0003  -0.0020  -0.0005   0.0003
   0.0001  -0.0000  -0.0004  -0.0002   0.0032   0.0000   0.0012   0.0002   0.0020  -0.0001  -0.0011   0.0000   0.0000   0.0003
   0.0001  -0.0003  -0.0002  -0.0003   0.0001  -0.0012   0.0000  -0.0044   0.0001   0.0024  -0.0001  -0.0025  -0.0004  -0.0007
   0.0001   0.0001  -0.0000   0.0000   0.0028  -0.0002   0.0044   0.0000  -0.0029   0.0004  -0.0003  -0.0002   0.0001   0.0002
  -0.0006   0.0003   0.0000  -0.0007   0.0000  -0.0020  -0.0001   0.0029   0.0000  -0.0058   0.0000  -0.0025  -0.0002  -0.0008
   0.0005   0.0003  -0.0002   0.0006  -0.0012   0.0001  -0.0024  -0.0004   0.0058   0.0000  -0.0003  -0.0003   0.0008   0.0001
  -0.0000  -0.0002  -0.0001   0.0002   0.0003   0.0011   0.0001   0.0003  -0.0000   0.0003   0.0000  -0.0072   0.0005  -0.0001
  -0.0001   0.0001  -0.0001  -0.0002   0.0020  -0.0000   0.0025   0.0002   0.0025   0.0003   0.0072  -0.0000   0.0002   0.0003
  -0.0001   0.0001  -0.0002   0.0006   0.0005  -0.0000   0.0004  -0.0001   0.0002  -0.0008  -0.0005  -0.0002   0.0000  -0.0003
   0.0000  -0.0004   0.0001  -0.0001  -0.0003  -0.0003   0.0007  -0.0002   0.0008  -0.0001   0.0001  -0.0003   0.0003   0.0000
   sub_tot=  6.499758  0.000000
************       ncv-sym  ************
 imp=  1
 real part
   0.2874  -0.0063   0.0000   0.0000   0.0000   0.0000   0.0000   0.0000   0.0000   0.0000   0.0000   0.0000   0.0000   0.0000
  -0.0063   0.5626   0.0000   0.0000   0.0000   0.0000   0.0000   0.0000   0.0000   0.0000   0.0000   0.0000   0.0000   0.0000
   0.0000   0.0000   0.2874  -0.0063   0.0000   0.0000   0.0000   0.0000   0.0000   0.0000   0.0000   0.0000   0.0000   0.0000
   0.0000   0.0000  -0.0063   0.5626   0.0000   0.0000   0.0000   0.0000   0.0000   0.0000   0.0000   0.0000   0.0000   0.0000
   0.0000   0.0000   0.0000   0.0000   0.4283   0.0207   0.0000   0.0000   0.0000   0.0000   0.0000   0.0000   0.0000   0.0000
   0.0000   0.0000   0.0000   0.0000   0.0207   0.5582   0.0000   0.0000   0.0000   0.0000   0.0000   0.0000   0.0000   0.0000
   0.0000   0.0000   0.0000   0.0000   0.0000   0.0000   0.4283   0.0207   0.0000   0.0000   0.0000   0.0000   0.0000   0.0000
   0.0000   0.0000   0.0000   0.0000   0.0000   0.0000   0.0207   0.5582   0.0000   0.0000   0.0000   0.0000   0.0000   0.0000
   0.0000   0.0000   0.0000   0.0000   0.0000   0.0000   0.0000   0.0000   0.4283   0.0207   0.0000   0.0000   0.0000   0.0000
   0.0000   0.0000   0.0000   0.0000   0.0000   0.0000   0.0000   0.0000   0.0207   0.5582   0.0000   0.0000   0.0000   0.0000
   0.0000   0.0000   0.0000   0.0000   0.0000   0.0000   0.0000   0.0000   0.0000   0.0000   0.4283   0.0207   0.0000   0.0000
   0.0000   0.0000   0.0000   0.0000   0.0000   0.0000   0.0000   0.0000   0.0000   0.0000   0.0207   0.5582   0.0000   0.0000
   0.0000   0.0000   0.0000   0.0000   0.0000   0.0000   0.0000   0.0000   0.0000   0.0000   0.0000   0.0000   0.4267   0.0000
   0.0000   0.0000   0.0000   0.0000   0.0000   0.0000   0.0000   0.0000   0.0000   0.0000   0.0000   0.0000   0.0000   0.4267
 imag part
   0.0000  -0.0030   0.0000   0.0000   0.0000   0.0000   0.0000   0.0000   0.0000   0.0000   0.0000   0.0000   0.0000   0.0000
   0.0030   0.0000   0.0000   0.0000   0.0000   0.0000   0.0000   0.0000   0.0000   0.0000   0.0000   0.0000   0.0000   0.0000
   0.0000   0.0000   0.0000  -0.0030   0.0000   0.0000   0.0000   0.0000   0.0000   0.0000   0.0000   0.0000   0.0000   0.0000
   0.0000   0.0000   0.0030   0.0000   0.0000   0.0000   0.0000   0.0000   0.0000   0.0000   0.0000   0.0000   0.0000   0.0000
   0.0000   0.0000   0.0000   0.0000   0.0000  -0.0052   0.0000   0.0000   0.0000   0.0000   0.0000   0.0000   0.0000   0.0000
   0.0000   0.0000   0.0000   0.0000   0.0052   0.0000   0.0000   0.0000   0.0000   0.0000   0.0000   0.0000   0.0000   0.0000
   0.0000   0.0000   0.0000   0.0000   0.0000   0.0000   0.0000  -0.0052   0.0000   0.0000   0.0000   0.0000   0.0000   0.0000
   0.0000   0.0000   0.0000   0.0000   0.0000   0.0000   0.0052   0.0000   0.0000   0.0000   0.0000   0.0000   0.0000   0.0000
   0.0000   0.0000   0.0000   0.0000   0.0000   0.0000   0.0000   0.0000   0.0000  -0.0052   0.0000   0.0000   0.0000   0.0000
   0.0000   0.0000   0.0000   0.0000   0.0000   0.0000   0.0000   0.0000   0.0052   0.0000   0.0000   0.0000   0.0000   0.0000
   0.0000   0.0000   0.0000   0.0000   0.0000   0.0000   0.0000   0.0000   0.0000   0.0000   0.0000  -0.0052   0.0000   0.0000
   0.0000   0.0000   0.0000   0.0000   0.0000   0.0000   0.0000   0.0000   0.0000   0.0000   0.0052   0.0000   0.0000   0.0000
   0.0000   0.0000   0.0000   0.0000   0.0000   0.0000   0.0000   0.0000   0.0000   0.0000   0.0000   0.0000   0.0000   0.0000
   0.0000   0.0000   0.0000   0.0000   0.0000   0.0000   0.0000   0.0000   0.0000   0.0000   0.0000   0.0000   0.0000   0.0000
   sub_tot=  6.499758  0.000000
 max error due to symm in ncv =     0.007670
************     ncp-unsym  ************
 imp=  1
 real part
   0.2916  -0.0023   0.0004  -0.0023  -0.0001  -0.0001  -0.0002  -0.0007   0.0003   0.0004   0.0001   0.0003   0.0000  -0.0002
  -0.0023   0.5600  -0.0078   0.0000   0.0000   0.0000  -0.0001   0.0006   0.0000  -0.0001  -0.0008   0.0006  -0.0007  -0.0005
   0.0004  -0.0078   0.2916  -0.0066  -0.0001  -0.0001  -0.0001  -0.0004   0.0002  -0.0002  -0.0000   0.0001   0.0000   0.0000
  -0.0023   0.0000  -0.0066   0.5595  -0.0000   0.0004  -0.0005   0.0001  -0.0002   0.0002  -0.0001  -0.0001   0.0003   0.0005
  -0.0001   0.0000  -0.0001  -0.0000   0.4283   0.0232  -0.0001   0.0023   0.0002  -0.0001   0.0002  -0.0013   0.0002   0.0003
  -0.0001   0.0000  -0.0001   0.0004   0.0232   0.5556  -0.0010  -0.0001   0.0035   0.0002  -0.0030   0.0001  -0.0002   0.0002
  -0.0002  -0.0001  -0.0001  -0.0005  -0.0001  -0.0010   0.4283   0.0193  -0.0000   0.0033   0.0000   0.0021   0.0002  -0.0004
  -0.0007   0.0006  -0.0004   0.0001   0.0023  -0.0001   0.0193   0.5563  -0.0004  -0.0004  -0.0038   0.0002   0.0001  -0.0003
   0.0003   0.0000   0.0002  -0.0002   0.0002   0.0035  -0.0000  -0.0004   0.4281   0.0183   0.0000   0.0014   0.0000  -0.0007
   0.0004  -0.0001  -0.0002   0.0002  -0.0001   0.0002   0.0033  -0.0004   0.0183   0.5555  -0.0029   0.0001   0.0004   0.0002
   0.0001  -0.0008  -0.0000  -0.0001   0.0002  -0.0030   0.0000  -0.0038   0.0000  -0.0029   0.4285   0.0181  -0.0004  -0.0001
   0.0003   0.0006   0.0001  -0.0001  -0.0013   0.0001   0.0021   0.0002   0.0014   0.0001   0.0181   0.5559   0.0002   0.0002
   0.0000  -0.0007   0.0000   0.0003   0.0002  -0.0002   0.0002   0.0001   0.0000   0.0004  -0.0004   0.0002   0.4301  -0.0001
  -0.0002  -0.0005   0.0000   0.0005   0.0003   0.0002  -0.0004  -0.0003  -0.0007   0.0002  -0.0001   0.0002  -0.0001   0.4304
 imag part
   0.0000  -0.0040  -0.0000   0.0089   0.0002  -0.0002  -0.0002  -0.0001   0.0006  -0.0007   0.0000   0.0001   0.0002  -0.0000
   0.0040   0.0000  -0.0043   0.0003   0.0001  -0.0000   0.0003  -0.0001  -0.0003  -0.0003   0.0002  -0.0002  -0.0002   0.0004
   0.0000   0.0043   0.0000   0.0018  -0.0001   0.0006   0.0002   0.0000   0.0000   0.0002   0.0001   0.0001   0.0002  -0.0001
  -0.0089  -0.0003  -0.0018   0.0000  -0.0001   0.0003   0.0003   0.0000   0.0007  -0.0006  -0.0002   0.0003  -0.0006   0.0000
  -0.0002  -0.0001   0.0001   0.0001   0.0000  -0.0021  -0.0001  -0.0037  -0.0000   0.0014  -0.0003  -0.0026  -0.0005   0.0003
   0.0002   0.0000  -0.0006  -0.0003   0.0021   0.0000   0.0014   0.0002   0.0026  -0.0001  -0.0014   0.0000   0.0001   0.0003
   0.0002  -0.0003  -0.0002  -0.0003   0.0001  -0.0014  -0.0000  -0.0037   0.0001   0.0031  -0.0000  -0.0033  -0.0004  -0.0006
   0.0001   0.0001  -0.0000  -0.0000   0.0037  -0.0002   0.0037   0.0000  -0.0038   0.0004  -0.0004  -0.0002   0.0001   0.0001
  -0.0006   0.0003  -0.0000  -0.0007   0.0000  -0.0026  -0.0001   0.0038   0.0000  -0.0056   0.0001  -0.0032  -0.0003  -0.0008
   0.0007   0.0003  -0.0002   0.0006  -0.0014   0.0001  -0.0031  -0.0004   0.0056   0.0000  -0.0005  -0.0002   0.0008   0.0001
  -0.0000  -0.0002  -0.0001   0.0002   0.0003   0.0014   0.0000   0.0004  -0.0001   0.0005  -0.0000  -0.0074   0.0006  -0.0001
  -0.0001   0.0002  -0.0001  -0.0003   0.0026  -0.0000   0.0033   0.0002   0.0032   0.0002   0.0074  -0.0000   0.0002   0.0004
  -0.0002   0.0002  -0.0002   0.0006   0.0005  -0.0001   0.0004  -0.0001   0.0003  -0.0008  -0.0006  -0.0002   0.0000  -0.0003
   0.0000  -0.0004   0.0001  -0.0000  -0.0003  -0.0003   0.0006  -0.0001   0.0008  -0.0001   0.0001  -0.0004   0.0003   0.0000
   sub_tot=  6.499758 -0.000000
************       ncp-sym  ************
 imp=  1
 real part
   0.2916  -0.0045   0.0000   0.0000   0.0000   0.0000   0.0000   0.0000   0.0000   0.0000   0.0000   0.0000   0.0000   0.0000
  -0.0045   0.5598   0.0000   0.0000   0.0000   0.0000   0.0000   0.0000   0.0000   0.0000   0.0000   0.0000   0.0000   0.0000
   0.0000   0.0000   0.2916  -0.0045   0.0000   0.0000   0.0000   0.0000   0.0000   0.0000   0.0000   0.0000   0.0000   0.0000
   0.0000   0.0000  -0.0045   0.5598   0.0000   0.0000   0.0000   0.0000   0.0000   0.0000   0.0000   0.0000   0.0000   0.0000
   0.0000   0.0000   0.0000   0.0000   0.4283   0.0197   0.0000   0.0000   0.0000   0.0000   0.0000   0.0000   0.0000   0.0000
   0.0000   0.0000   0.0000   0.0000   0.0197   0.5558   0.0000   0.0000   0.0000   0.0000   0.0000   0.0000   0.0000   0.0000
   0.0000   0.0000   0.0000   0.0000   0.0000   0.0000   0.4283   0.0197   0.0000   0.0000   0.0000   0.0000   0.0000   0.0000
   0.0000   0.0000   0.0000   0.0000   0.0000   0.0000   0.0197   0.5558   0.0000   0.0000   0.0000   0.0000   0.0000   0.0000
   0.0000   0.0000   0.0000   0.0000   0.0000   0.0000   0.0000   0.0000   0.4283   0.0197   0.0000   0.0000   0.0000   0.0000
   0.0000   0.0000   0.0000   0.0000   0.0000   0.0000   0.0000   0.0000   0.0197   0.5558   0.0000   0.0000   0.0000   0.0000
   0.0000   0.0000   0.0000   0.0000   0.0000   0.0000   0.0000   0.0000   0.0000   0.0000   0.4283   0.0197   0.0000   0.0000
   0.0000   0.0000   0.0000   0.0000   0.0000   0.0000   0.0000   0.0000   0.0000   0.0000   0.0197   0.5558   0.0000   0.0000
   0.0000   0.0000   0.0000   0.0000   0.0000   0.0000   0.0000   0.0000   0.0000   0.0000   0.0000   0.0000   0.4302   0.0000
   0.0000   0.0000   0.0000   0.0000   0.0000   0.0000   0.0000   0.0000   0.0000   0.0000   0.0000   0.0000   0.0000   0.4302
 imag part
   0.0000  -0.0011   0.0000   0.0000   0.0000   0.0000   0.0000   0.0000   0.0000   0.0000   0.0000   0.0000   0.0000   0.0000
   0.0011   0.0000   0.0000   0.0000   0.0000   0.0000   0.0000   0.0000   0.0000   0.0000   0.0000   0.0000   0.0000   0.0000
   0.0000   0.0000   0.0000  -0.0011   0.0000   0.0000   0.0000   0.0000   0.0000   0.0000   0.0000   0.0000   0.0000   0.0000
   0.0000   0.0000   0.0011   0.0000   0.0000   0.0000   0.0000   0.0000   0.0000   0.0000   0.0000   0.0000   0.0000   0.0000
   0.0000   0.0000   0.0000   0.0000   0.0000  -0.0047   0.0000   0.0000   0.0000   0.0000   0.0000   0.0000   0.0000   0.0000
   0.0000   0.0000   0.0000   0.0000   0.0047   0.0000   0.0000   0.0000   0.0000   0.0000   0.0000   0.0000   0.0000   0.0000
   0.0000   0.0000   0.0000   0.0000   0.0000   0.0000   0.0000  -0.0047   0.0000   0.0000   0.0000   0.0000   0.0000   0.0000
   0.0000   0.0000   0.0000   0.0000   0.0000   0.0000   0.0047   0.0000   0.0000   0.0000   0.0000   0.0000   0.0000   0.0000
   0.0000   0.0000   0.0000   0.0000   0.0000   0.0000   0.0000   0.0000   0.0000  -0.0047   0.0000   0.0000   0.0000   0.0000
   0.0000   0.0000   0.0000   0.0000   0.0000   0.0000   0.0000   0.0000   0.0047   0.0000   0.0000   0.0000   0.0000   0.0000
   0.0000   0.0000   0.0000   0.0000   0.0000   0.0000   0.0000   0.0000   0.0000   0.0000   0.0000  -0.0047   0.0000   0.0000
   0.0000   0.0000   0.0000   0.0000   0.0000   0.0000   0.0000   0.0000   0.0000   0.0000   0.0047   0.0000   0.0000   0.0000
   0.0000   0.0000   0.0000   0.0000   0.0000   0.0000   0.0000   0.0000   0.0000   0.0000   0.0000   0.0000   0.0000   0.0000
   0.0000   0.0000   0.0000   0.0000   0.0000   0.0000   0.0000   0.0000   0.0000   0.0000   0.0000   0.0000   0.0000   0.0000
   sub_tot=  6.499758  0.000000
 max error due to symm in ncp =     0.009175
 imp=  1 sum_phy-sum_var=     -0.00000000
        sum_phy-sum_ks =      1.25556335 would be renormalized!
************    ncp-renorm  ************
 imp=  1
 real part
   0.2353  -0.0036   0.0000   0.0000   0.0000   0.0000   0.0000   0.0000   0.0000   0.0000   0.0000   0.0000   0.0000   0.0000
  -0.0036   0.4516   0.0000   0.0000   0.0000   0.0000   0.0000   0.0000   0.0000   0.0000   0.0000   0.0000   0.0000   0.0000
   0.0000   0.0000   0.2353  -0.0036   0.0000   0.0000   0.0000   0.0000   0.0000   0.0000   0.0000   0.0000   0.0000   0.0000
   0.0000   0.0000  -0.0036   0.4516   0.0000   0.0000   0.0000   0.0000   0.0000   0.0000   0.0000   0.0000   0.0000   0.0000
   0.0000   0.0000   0.0000   0.0000   0.3456   0.0159   0.0000   0.0000   0.0000   0.0000   0.0000   0.0000   0.0000   0.0000
   0.0000   0.0000   0.0000   0.0000   0.0159   0.4484   0.0000   0.0000   0.0000   0.0000   0.0000   0.0000   0.0000   0.0000
   0.0000   0.0000   0.0000   0.0000   0.0000   0.0000   0.3456   0.0159   0.0000   0.0000   0.0000   0.0000   0.0000   0.0000
   0.0000   0.0000   0.0000   0.0000   0.0000   0.0000   0.0159   0.4484   0.0000   0.0000   0.0000   0.0000   0.0000   0.0000
   0.0000   0.0000   0.0000   0.0000   0.0000   0.0000   0.0000   0.0000   0.3456   0.0159   0.0000   0.0000   0.0000   0.0000
   0.0000   0.0000   0.0000   0.0000   0.0000   0.0000   0.0000   0.0000   0.0159   0.4484   0.0000   0.0000   0.0000   0.0000
   0.0000   0.0000   0.0000   0.0000   0.0000   0.0000   0.0000   0.0000   0.0000   0.0000   0.3456   0.0159   0.0000   0.0000
   0.0000   0.0000   0.0000   0.0000   0.0000   0.0000   0.0000   0.0000   0.0000   0.0000   0.0159   0.4484   0.0000   0.0000
   0.0000   0.0000   0.0000   0.0000   0.0000   0.0000   0.0000   0.0000   0.0000   0.0000   0.0000   0.0000   0.3471   0.0000
   0.0000   0.0000   0.0000   0.0000   0.0000   0.0000   0.0000   0.0000   0.0000   0.0000   0.0000   0.0000   0.0000   0.3471
 imag part
   0.0000  -0.0009   0.0000   0.0000   0.0000   0.0000   0.0000   0.0000   0.0000   0.0000   0.0000   0.0000   0.0000   0.0000
   0.0009   0.0000   0.0000   0.0000   0.0000   0.0000   0.0000   0.0000   0.0000   0.0000   0.0000   0.0000   0.0000   0.0000
   0.0000   0.0000   0.0000  -0.0009   0.0000   0.0000   0.0000   0.0000   0.0000   0.0000   0.0000   0.0000   0.0000   0.0000
   0.0000   0.0000   0.0009   0.0000   0.0000   0.0000   0.0000   0.0000   0.0000   0.0000   0.0000   0.0000   0.0000   0.0000
   0.0000   0.0000   0.0000   0.0000   0.0000  -0.0038   0.0000   0.0000   0.0000   0.0000   0.0000   0.0000   0.0000   0.0000
   0.0000   0.0000   0.0000   0.0000   0.0038   0.0000   0.0000   0.0000   0.0000   0.0000   0.0000   0.0000   0.0000   0.0000
   0.0000   0.0000   0.0000   0.0000   0.0000   0.0000   0.0000  -0.0038   0.0000   0.0000   0.0000   0.0000   0.0000   0.0000
   0.0000   0.0000   0.0000   0.0000   0.0000   0.0000   0.0038   0.0000   0.0000   0.0000   0.0000   0.0000   0.0000   0.0000
   0.0000   0.0000   0.0000   0.0000   0.0000   0.0000   0.0000   0.0000   0.0000  -0.0038   0.0000   0.0000   0.0000   0.0000
   0.0000   0.0000   0.0000   0.0000   0.0000   0.0000   0.0000   0.0000   0.0038   0.0000   0.0000   0.0000   0.0000   0.0000
   0.0000   0.0000   0.0000   0.0000   0.0000   0.0000   0.0000   0.0000   0.0000   0.0000   0.0000  -0.0038   0.0000   0.0000
   0.0000   0.0000   0.0000   0.0000   0.0000   0.0000   0.0000   0.0000   0.0000   0.0000   0.0038   0.0000   0.0000   0.0000
   0.0000   0.0000   0.0000   0.0000   0.0000   0.0000   0.0000   0.0000   0.0000   0.0000   0.0000   0.0000   0.0000   0.0000
   0.0000   0.0000   0.0000   0.0000   0.0000   0.0000   0.0000   0.0000   0.0000   0.0000   0.0000   0.0000   0.0000   0.0000
   sub_tot=  5.244195  0.000000
 nele_loc spin-respective total:
       2.62210   2.62210
 standard FLL dc with dc only updated at the electron density cycles.
 input nelf tot:
           6.647
 input nelf spin-resolved:
           3.323     3.323
 average hubbard u list:
           0.294
 average hund j list:
           0.026
************          r-in  ************
 imp=  1
 real part
   0.9885   0.0052   0.0000   0.0000   0.0000   0.0000   0.0000   0.0000   0.0000   0.0000   0.0000   0.0000   0.0000   0.0000
  -0.0023   0.9304   0.0000   0.0000   0.0000   0.0000   0.0000   0.0000   0.0000   0.0000   0.0000   0.0000   0.0000   0.0000
   0.0000   0.0000   0.9885   0.0052   0.0000   0.0000   0.0000   0.0000   0.0000   0.0000   0.0000   0.0000   0.0000   0.0000
   0.0000   0.0000  -0.0023   0.9304   0.0000   0.0000   0.0000   0.0000   0.0000   0.0000   0.0000   0.0000   0.0000   0.0000
   0.0000   0.0000   0.0000   0.0000   0.9682  -0.0083   0.0000   0.0000   0.0000   0.0000   0.0000   0.0000   0.0000   0.0000
   0.0000   0.0000   0.0000   0.0000  -0.0038   0.9309   0.0000   0.0000   0.0000   0.0000   0.0000   0.0000   0.0000   0.0000
   0.0000   0.0000   0.0000   0.0000   0.0000   0.0000   0.9682  -0.0083   0.0000   0.0000   0.0000   0.0000   0.0000   0.0000
   0.0000   0.0000   0.0000   0.0000   0.0000   0.0000  -0.0038   0.9309   0.0000   0.0000   0.0000   0.0000   0.0000   0.0000
   0.0000   0.0000   0.0000   0.0000   0.0000   0.0000   0.0000   0.0000   0.9682  -0.0083   0.0000   0.0000   0.0000   0.0000
   0.0000   0.0000   0.0000   0.0000   0.0000   0.0000   0.0000   0.0000  -0.0038   0.9309   0.0000   0.0000   0.0000   0.0000
   0.0000   0.0000   0.0000   0.0000   0.0000   0.0000   0.0000   0.0000   0.0000   0.0000   0.9682  -0.0083   0.0000   0.0000
   0.0000   0.0000   0.0000   0.0000   0.0000   0.0000   0.0000   0.0000   0.0000   0.0000  -0.0038   0.9309   0.0000   0.0000
   0.0000   0.0000   0.0000   0.0000   0.0000   0.0000   0.0000   0.0000   0.0000   0.0000   0.0000   0.0000   0.9707   0.0000
   0.0000   0.0000   0.0000   0.0000   0.0000   0.0000   0.0000   0.0000   0.0000   0.0000   0.0000   0.0000   0.0000   0.9707
 imag part
   0.0001  -0.0052   0.0000   0.0000   0.0000   0.0000   0.0000   0.0000   0.0000   0.0000   0.0000   0.0000   0.0000   0.0000
  -0.0035  -0.0001   0.0000   0.0000   0.0000   0.0000   0.0000   0.0000   0.0000   0.0000   0.0000   0.0000   0.0000   0.0000
   0.0000   0.0000   0.0001  -0.0052   0.0000   0.0000   0.0000   0.0000   0.0000   0.0000   0.0000   0.0000   0.0000   0.0000
   0.0000   0.0000  -0.0035  -0.0001   0.0000   0.0000   0.0000   0.0000   0.0000   0.0000   0.0000   0.0000   0.0000   0.0000
   0.0000   0.0000   0.0000   0.0000  -0.0002  -0.0029   0.0000   0.0000   0.0000   0.0000   0.0000   0.0000   0.0000   0.0000
   0.0000   0.0000   0.0000   0.0000  -0.0006   0.0003   0.0000   0.0000   0.0000   0.0000   0.0000   0.0000   0.0000   0.0000
   0.0000   0.0000   0.0000   0.0000   0.0000   0.0000  -0.0002  -0.0029   0.0000   0.0000   0.0000   0.0000   0.0000   0.0000
   0.0000   0.0000   0.0000   0.0000   0.0000   0.0000  -0.0006   0.0003   0.0000   0.0000   0.0000   0.0000   0.0000   0.0000
   0.0000   0.0000   0.0000   0.0000   0.0000   0.0000   0.0000   0.0000  -0.0002  -0.0029   0.0000   0.0000   0.0000   0.0000
   0.0000   0.0000   0.0000   0.0000   0.0000   0.0000   0.0000   0.0000  -0.0006   0.0003   0.0000   0.0000   0.0000   0.0000
   0.0000   0.0000   0.0000   0.0000   0.0000   0.0000   0.0000   0.0000   0.0000   0.0000  -0.0002  -0.0029   0.0000   0.0000
   0.0000   0.0000   0.0000   0.0000   0.0000   0.0000   0.0000   0.0000   0.0000   0.0000  -0.0006   0.0003   0.0000   0.0000
   0.0000   0.0000   0.0000   0.0000   0.0000   0.0000   0.0000   0.0000   0.0000   0.0000   0.0000   0.0000  -0.0000   0.0000
   0.0000   0.0000   0.0000   0.0000   0.0000   0.0000   0.0000   0.0000   0.0000   0.0000   0.0000   0.0000   0.0000  -0.0000
************        la1-in  ************
 imp=  1
 real part
   2.0738  -0.0016   0.0000   0.0000   0.0000   0.0000   0.0000   0.0000   0.0000   0.0000   0.0000   0.0000   0.0000   0.0000
  -0.0016   2.0686   0.0000   0.0000   0.0000   0.0000   0.0000   0.0000   0.0000   0.0000   0.0000   0.0000   0.0000   0.0000
   0.0000   0.0000   2.0738  -0.0016   0.0000   0.0000   0.0000   0.0000   0.0000   0.0000   0.0000   0.0000   0.0000   0.0000
   0.0000   0.0000  -0.0016   2.0686   0.0000   0.0000   0.0000   0.0000   0.0000   0.0000   0.0000   0.0000   0.0000   0.0000
   0.0000   0.0000   0.0000   0.0000   2.0839  -0.0013   0.0000   0.0000   0.0000   0.0000   0.0000   0.0000   0.0000   0.0000
   0.0000   0.0000   0.0000   0.0000  -0.0013   2.0579   0.0000   0.0000   0.0000   0.0000   0.0000   0.0000   0.0000   0.0000
   0.0000   0.0000   0.0000   0.0000   0.0000   0.0000   2.0839  -0.0013   0.0000   0.0000   0.0000   0.0000   0.0000   0.0000
   0.0000   0.0000   0.0000   0.0000   0.0000   0.0000  -0.0013   2.0579   0.0000   0.0000   0.0000   0.0000   0.0000   0.0000
   0.0000   0.0000   0.0000   0.0000   0.0000   0.0000   0.0000   0.0000   2.0839  -0.0013   0.0000   0.0000   0.0000   0.0000
   0.0000   0.0000   0.0000   0.0000   0.0000   0.0000   0.0000   0.0000  -0.0013   2.0579   0.0000   0.0000   0.0000   0.0000
   0.0000   0.0000   0.0000   0.0000   0.0000   0.0000   0.0000   0.0000   0.0000   0.0000   2.0839  -0.0013   0.0000   0.0000
   0.0000   0.0000   0.0000   0.0000   0.0000   0.0000   0.0000   0.0000   0.0000   0.0000  -0.0013   2.0579   0.0000   0.0000
   0.0000   0.0000   0.0000   0.0000   0.0000   0.0000   0.0000   0.0000   0.0000   0.0000   0.0000   0.0000   2.0557   0.0000
   0.0000   0.0000   0.0000   0.0000   0.0000   0.0000   0.0000   0.0000   0.0000   0.0000   0.0000   0.0000   0.0000   2.0557
 imag part
   0.0000   0.0018   0.0000   0.0000   0.0000   0.0000   0.0000   0.0000   0.0000   0.0000   0.0000   0.0000   0.0000   0.0000
  -0.0018   0.0000   0.0000   0.0000   0.0000   0.0000   0.0000   0.0000   0.0000   0.0000   0.0000   0.0000   0.0000   0.0000
   0.0000   0.0000   0.0000   0.0018   0.0000   0.0000   0.0000   0.0000   0.0000   0.0000   0.0000   0.0000   0.0000   0.0000
   0.0000   0.0000  -0.0018   0.0000   0.0000   0.0000   0.0000   0.0000   0.0000   0.0000   0.0000   0.0000   0.0000   0.0000
   0.0000   0.0000   0.0000   0.0000   0.0000   0.0020   0.0000   0.0000   0.0000   0.0000   0.0000   0.0000   0.0000   0.0000
   0.0000   0.0000   0.0000   0.0000  -0.0020   0.0000   0.0000   0.0000   0.0000   0.0000   0.0000   0.0000   0.0000   0.0000
   0.0000   0.0000   0.0000   0.0000   0.0000   0.0000   0.0000   0.0020   0.0000   0.0000   0.0000   0.0000   0.0000   0.0000
   0.0000   0.0000   0.0000   0.0000   0.0000   0.0000  -0.0020   0.0000   0.0000   0.0000   0.0000   0.0000   0.0000   0.0000
   0.0000   0.0000   0.0000   0.0000   0.0000   0.0000   0.0000   0.0000   0.0000   0.0020   0.0000   0.0000   0.0000   0.0000
   0.0000   0.0000   0.0000   0.0000   0.0000   0.0000   0.0000   0.0000  -0.0020   0.0000   0.0000   0.0000   0.0000   0.0000
   0.0000   0.0000   0.0000   0.0000   0.0000   0.0000   0.0000   0.0000   0.0000   0.0000   0.0000   0.0020   0.0000   0.0000
   0.0000   0.0000   0.0000   0.0000   0.0000   0.0000   0.0000   0.0000   0.0000   0.0000  -0.0020   0.0000   0.0000   0.0000
   0.0000   0.0000   0.0000   0.0000   0.0000   0.0000   0.0000   0.0000   0.0000   0.0000   0.0000   0.0000   0.0000   0.0000
   0.0000   0.0000   0.0000   0.0000   0.0000   0.0000   0.0000   0.0000   0.0000   0.0000   0.0000   0.0000   0.0000   0.0000
 calc_band_all takes    0 h  0 m  0.03 s(cpu).
                        0 h  0 m  0.03 s(wall).
 iloop            1
 iloop            2
   fermi energy at    2.0214951342472327     
   sum rule of tetrahedron integration checked 
   number of occupied bands:          18
   highest energy:   2.0697645195284666     
 gutz fermi level=      2.02149513
************     nks-unsym  ************
 imp=  1
 real part
   0.2472  -0.0218  -0.0002   0.0185   0.0002   0.0060  -0.0024   0.0053   0.0042   0.0023  -0.0033  -0.0060  -0.0024   0.0010
  -0.0218   0.4451   0.0604  -0.0004  -0.0017  -0.0287   0.0072   0.0360   0.0174  -0.0166   0.0064   0.0165   0.0022  -0.0045
  -0.0002   0.0604   0.2467   0.0122  -0.0006  -0.0090   0.0028   0.0020  -0.0042   0.0053  -0.0005   0.0002  -0.0010  -0.0026
   0.0185  -0.0004   0.0122   0.4447  -0.0134  -0.0181   0.0167  -0.0275   0.0105   0.0018   0.0460  -0.0176  -0.0075   0.0039
   0.0002  -0.0017  -0.0006  -0.0134   0.3431   0.0718  -0.0067   0.0256   0.0142  -0.0061   0.0021  -0.0206   0.0110  -0.0041
   0.0060  -0.0287  -0.0090  -0.0181   0.0718   0.4495  -0.0217   0.0070   0.0615  -0.0050  -0.0212  -0.0043  -0.0052  -0.0024
  -0.0024   0.0072   0.0028   0.0167  -0.0067  -0.0217   0.3595   0.0063   0.0020   0.0841  -0.0115   0.0337   0.0081  -0.0125
   0.0053   0.0360   0.0020  -0.0275   0.0256   0.0070   0.0063   0.4327   0.0168   0.0070  -0.0484  -0.0062  -0.0043   0.0100
   0.0042   0.0174  -0.0042   0.0105   0.0142   0.0615   0.0020   0.0168   0.3464  -0.0112  -0.0044  -0.0008   0.0177  -0.0155
   0.0023  -0.0166   0.0053   0.0018  -0.0061  -0.0050   0.0841   0.0070  -0.0112   0.4573  -0.0669   0.0085   0.0019  -0.0003
  -0.0033   0.0064  -0.0005   0.0460   0.0021  -0.0212  -0.0115  -0.0484  -0.0044  -0.0669   0.3421  -0.0038  -0.0027   0.0140
  -0.0060   0.0165   0.0002  -0.0176  -0.0206  -0.0043   0.0337  -0.0062  -0.0008   0.0085  -0.0038   0.4371  -0.0113  -0.0024
  -0.0024   0.0022  -0.0010  -0.0075   0.0110  -0.0052   0.0081  -0.0043   0.0177   0.0019  -0.0027  -0.0113   0.3463  -0.0001
   0.0010  -0.0045  -0.0026   0.0039  -0.0041  -0.0024  -0.0125   0.0100  -0.0155  -0.0003   0.0140  -0.0024  -0.0001   0.3466
 imag part
  -0.0000   0.0186   0.0001  -0.0661  -0.0003  -0.0023  -0.0058   0.0034  -0.0010  -0.0066  -0.0046  -0.0027   0.0022  -0.0006
  -0.0186  -0.0000   0.0326   0.0007   0.0407  -0.0046   0.0144   0.0088  -0.0343   0.0042   0.0071  -0.0159  -0.0027  -0.0081
  -0.0001  -0.0326   0.0000  -0.0238   0.0042   0.0031  -0.0053  -0.0036  -0.0028  -0.0060   0.0024  -0.0012  -0.0003  -0.0022
   0.0661  -0.0007   0.0238  -0.0000  -0.0230  -0.0092  -0.0104   0.0158  -0.0144   0.0087  -0.0025  -0.0354  -0.0066  -0.0011
   0.0003  -0.0407  -0.0042   0.0230   0.0000   0.0156  -0.0028  -0.0345   0.0026   0.0064  -0.0099  -0.0448  -0.0054  -0.0171
   0.0023   0.0046  -0.0031   0.0092  -0.0156   0.0000   0.0215   0.0071   0.0228   0.0058  -0.0444  -0.0125  -0.0031  -0.0062
   0.0058  -0.0144   0.0053   0.0104   0.0028  -0.0215   0.0000   0.0151   0.0059   0.0488  -0.0060  -0.0392   0.0283   0.0141
  -0.0034  -0.0088   0.0036  -0.0158   0.0345  -0.0071  -0.0151  -0.0000  -0.0475  -0.0020  -0.0058  -0.0074  -0.0042   0.0078
   0.0010   0.0343   0.0028   0.0144  -0.0026  -0.0228  -0.0059   0.0475   0.0000  -0.0241  -0.0109  -0.0565  -0.0042  -0.0071
   0.0066  -0.0042   0.0060  -0.0087  -0.0064  -0.0058  -0.0488   0.0020   0.0241   0.0000  -0.0110  -0.0056  -0.0044  -0.0045
   0.0046  -0.0071  -0.0024   0.0025   0.0099   0.0444   0.0060   0.0058   0.0109   0.0110  -0.0000  -0.0196   0.0055  -0.0165
   0.0027   0.0159   0.0012   0.0354   0.0448   0.0125   0.0392   0.0074   0.0565   0.0056   0.0196   0.0000   0.0023   0.0020
  -0.0022   0.0027   0.0003   0.0066   0.0054   0.0031  -0.0283   0.0042   0.0042   0.0044  -0.0055  -0.0023  -0.0000   0.0000
   0.0006   0.0081   0.0022   0.0011   0.0171   0.0062  -0.0141  -0.0078   0.0071   0.0045   0.0165  -0.0020  -0.0000   0.0000
   sub_tot=  5.244195  0.000000
 imp=  1 eigen values of nks-unsym:
    0.5636    0.5559    0.5394    0.5375    0.4068    0.4028    0.3465    0.3458    0.2925    0.2893    0.2652    0.2600    0.2196    0.2193
************       nks-sym  ************
 imp=  1
 real part
   0.2469  -0.0048   0.0000   0.0000   0.0000   0.0000   0.0000   0.0000   0.0000   0.0000   0.0000   0.0000   0.0000   0.0000
  -0.0048   0.4449   0.0000   0.0000   0.0000   0.0000   0.0000   0.0000   0.0000   0.0000   0.0000   0.0000   0.0000   0.0000
   0.0000   0.0000   0.2469  -0.0048   0.0000   0.0000   0.0000   0.0000   0.0000   0.0000   0.0000   0.0000   0.0000   0.0000
   0.0000   0.0000  -0.0048   0.4449   0.0000   0.0000   0.0000   0.0000   0.0000   0.0000   0.0000   0.0000   0.0000   0.0000
   0.0000   0.0000   0.0000   0.0000   0.3478   0.0158   0.0000   0.0000   0.0000   0.0000   0.0000   0.0000   0.0000   0.0000
   0.0000   0.0000   0.0000   0.0000   0.0158   0.4442   0.0000   0.0000   0.0000   0.0000   0.0000   0.0000   0.0000   0.0000
   0.0000   0.0000   0.0000   0.0000   0.0000   0.0000   0.3478   0.0158   0.0000   0.0000   0.0000   0.0000   0.0000   0.0000
   0.0000   0.0000   0.0000   0.0000   0.0000   0.0000   0.0158   0.4442   0.0000   0.0000   0.0000   0.0000   0.0000   0.0000
   0.0000   0.0000   0.0000   0.0000   0.0000   0.0000   0.0000   0.0000   0.3478   0.0158   0.0000   0.0000   0.0000   0.0000
   0.0000   0.0000   0.0000   0.0000   0.0000   0.0000   0.0000   0.0000   0.0158   0.4442   0.0000   0.0000   0.0000   0.0000
   0.0000   0.0000   0.0000   0.0000   0.0000   0.0000   0.0000   0.0000   0.0000   0.0000   0.3478   0.0158   0.0000   0.0000
   0.0000   0.0000   0.0000   0.0000   0.0000   0.0000   0.0000   0.0000   0.0000   0.0000   0.0158   0.4442   0.0000   0.0000
   0.0000   0.0000   0.0000   0.0000   0.0000   0.0000   0.0000   0.0000   0.0000   0.0000   0.0000   0.0000   0.3464   0.0000
   0.0000   0.0000   0.0000   0.0000   0.0000   0.0000   0.0000   0.0000   0.0000   0.0000   0.0000   0.0000   0.0000   0.3464
 imag part
   0.0000  -0.0026   0.0000   0.0000   0.0000   0.0000   0.0000   0.0000   0.0000   0.0000   0.0000   0.0000   0.0000   0.0000
   0.0026   0.0000   0.0000   0.0000   0.0000   0.0000   0.0000   0.0000   0.0000   0.0000   0.0000   0.0000   0.0000   0.0000
   0.0000   0.0000   0.0000  -0.0026   0.0000   0.0000   0.0000   0.0000   0.0000   0.0000   0.0000   0.0000   0.0000   0.0000
   0.0000   0.0000   0.0026   0.0000   0.0000   0.0000   0.0000   0.0000   0.0000   0.0000   0.0000   0.0000   0.0000   0.0000
   0.0000   0.0000   0.0000   0.0000   0.0000  -0.0032   0.0000   0.0000   0.0000   0.0000   0.0000   0.0000   0.0000   0.0000
   0.0000   0.0000   0.0000   0.0000   0.0032   0.0000   0.0000   0.0000   0.0000   0.0000   0.0000   0.0000   0.0000   0.0000
   0.0000   0.0000   0.0000   0.0000   0.0000   0.0000   0.0000  -0.0032   0.0000   0.0000   0.0000   0.0000   0.0000   0.0000
   0.0000   0.0000   0.0000   0.0000   0.0000   0.0000   0.0032   0.0000   0.0000   0.0000   0.0000   0.0000   0.0000   0.0000
   0.0000   0.0000   0.0000   0.0000   0.0000   0.0000   0.0000   0.0000   0.0000  -0.0032   0.0000   0.0000   0.0000   0.0000
   0.0000   0.0000   0.0000   0.0000   0.0000   0.0000   0.0000   0.0000   0.0032   0.0000   0.0000   0.0000   0.0000   0.0000
   0.0000   0.0000   0.0000   0.0000   0.0000   0.0000   0.0000   0.0000   0.0000   0.0000   0.0000  -0.0032   0.0000   0.0000
   0.0000   0.0000   0.0000   0.0000   0.0000   0.0000   0.0000   0.0000   0.0000   0.0000   0.0032   0.0000   0.0000   0.0000
   0.0000   0.0000   0.0000   0.0000   0.0000   0.0000   0.0000   0.0000   0.0000   0.0000   0.0000   0.0000   0.0000   0.0000
   0.0000   0.0000   0.0000   0.0000   0.0000   0.0000   0.0000   0.0000   0.0000   0.0000   0.0000   0.0000   0.0000   0.0000
   sub_tot=  5.244195  0.000000
 max error due to symm in nks =     0.097270
 imp=  1 eigen values of   nks-sym:
    0.4468    0.4468    0.4468    0.4468    0.4450    0.4450    0.3464    0.3464    0.3451    0.3451    0.3451    0.3451    0.2468    0.2468
************    isimix-var  ************
 imp=  1
 real part
   2.3192   0.0074   0.0000   0.0000   0.0000   0.0000   0.0000   0.0000   0.0000   0.0000   0.0000   0.0000   0.0000   0.0000
   0.0074   2.0124   0.0000   0.0000   0.0000   0.0000   0.0000   0.0000   0.0000   0.0000   0.0000   0.0000   0.0000   0.0000
   0.0000   0.0000   2.3192   0.0074   0.0000   0.0000   0.0000   0.0000   0.0000   0.0000   0.0000   0.0000   0.0000   0.0000
   0.0000   0.0000   0.0074   2.0124   0.0000   0.0000   0.0000   0.0000   0.0000   0.0000   0.0000   0.0000   0.0000   0.0000
   0.0000   0.0000   0.0000   0.0000   2.1011  -0.0143   0.0000   0.0000   0.0000   0.0000   0.0000   0.0000   0.0000   0.0000
   0.0000   0.0000   0.0000   0.0000  -0.0143   2.0138   0.0000   0.0000   0.0000   0.0000   0.0000   0.0000   0.0000   0.0000
   0.0000   0.0000   0.0000   0.0000   0.0000   0.0000   2.1011  -0.0143   0.0000   0.0000   0.0000   0.0000   0.0000   0.0000
   0.0000   0.0000   0.0000   0.0000   0.0000   0.0000  -0.0143   2.0138   0.0000   0.0000   0.0000   0.0000   0.0000   0.0000
   0.0000   0.0000   0.0000   0.0000   0.0000   0.0000   0.0000   0.0000   2.1011  -0.0143   0.0000   0.0000   0.0000   0.0000
   0.0000   0.0000   0.0000   0.0000   0.0000   0.0000   0.0000   0.0000  -0.0143   2.0138   0.0000   0.0000   0.0000   0.0000
   0.0000   0.0000   0.0000   0.0000   0.0000   0.0000   0.0000   0.0000   0.0000   0.0000   2.1011  -0.0143   0.0000   0.0000
   0.0000   0.0000   0.0000   0.0000   0.0000   0.0000   0.0000   0.0000   0.0000   0.0000  -0.0143   2.0138   0.0000   0.0000
   0.0000   0.0000   0.0000   0.0000   0.0000   0.0000   0.0000   0.0000   0.0000   0.0000   0.0000   0.0000   2.1016   0.0000
   0.0000   0.0000   0.0000   0.0000   0.0000   0.0000   0.0000   0.0000   0.0000   0.0000   0.0000   0.0000   0.0000   2.1016
 imag part
   0.0000   0.0040   0.0000   0.0000   0.0000   0.0000   0.0000   0.0000   0.0000   0.0000   0.0000   0.0000   0.0000   0.0000
  -0.0040   0.0000   0.0000   0.0000   0.0000   0.0000   0.0000   0.0000   0.0000   0.0000   0.0000   0.0000   0.0000   0.0000
   0.0000   0.0000   0.0000   0.0040   0.0000   0.0000   0.0000   0.0000   0.0000   0.0000   0.0000   0.0000   0.0000   0.0000
   0.0000   0.0000  -0.0040   0.0000   0.0000   0.0000   0.0000   0.0000   0.0000   0.0000   0.0000   0.0000   0.0000   0.0000
   0.0000   0.0000   0.0000   0.0000   0.0000   0.0029   0.0000   0.0000   0.0000   0.0000   0.0000   0.0000   0.0000   0.0000
   0.0000   0.0000   0.0000   0.0000  -0.0029  -0.0000   0.0000   0.0000   0.0000   0.0000   0.0000   0.0000   0.0000   0.0000
   0.0000   0.0000   0.0000   0.0000   0.0000   0.0000   0.0000   0.0029   0.0000   0.0000   0.0000   0.0000   0.0000   0.0000
   0.0000   0.0000   0.0000   0.0000   0.0000   0.0000  -0.0029  -0.0000   0.0000   0.0000   0.0000   0.0000   0.0000   0.0000
   0.0000   0.0000   0.0000   0.0000   0.0000   0.0000   0.0000   0.0000   0.0000   0.0029   0.0000   0.0000   0.0000   0.0000
   0.0000   0.0000   0.0000   0.0000   0.0000   0.0000   0.0000   0.0000  -0.0029  -0.0000   0.0000   0.0000   0.0000   0.0000
   0.0000   0.0000   0.0000   0.0000   0.0000   0.0000   0.0000   0.0000   0.0000   0.0000   0.0000   0.0029   0.0000   0.0000
   0.0000   0.0000   0.0000   0.0000   0.0000   0.0000   0.0000   0.0000   0.0000   0.0000  -0.0029  -0.0000   0.0000   0.0000
   0.0000   0.0000   0.0000   0.0000   0.0000   0.0000   0.0000   0.0000   0.0000   0.0000   0.0000   0.0000   0.0000   0.0000
   0.0000   0.0000   0.0000   0.0000   0.0000   0.0000   0.0000   0.0000   0.0000   0.0000   0.0000   0.0000   0.0000   0.0000
************      d0-unsym  ************
 imp=  1
 real part
  -0.0565   0.0000   0.0001  -0.0004  -0.0005  -0.0012   0.0002  -0.0011  -0.0008   0.0000   0.0006  -0.0002   0.0002  -0.0001
   0.0000  -0.0530  -0.0004  -0.0001   0.0004   0.0015  -0.0009  -0.0004  -0.0017  -0.0003  -0.0006  -0.0006  -0.0002   0.0005
  -0.0001  -0.0007  -0.0565  -0.0005   0.0003   0.0005  -0.0003   0.0010   0.0007  -0.0012   0.0003  -0.0004   0.0001   0.0002
  -0.0003   0.0001  -0.0003  -0.0530   0.0014  -0.0000  -0.0021   0.0003  -0.0013  -0.0010  -0.0048  -0.0000   0.0008  -0.0004
  -0.0005   0.0003   0.0003   0.0015  -0.0517  -0.0021  -0.0001  -0.0016   0.0020  -0.0001  -0.0006   0.0010  -0.0007  -0.0000
  -0.0011   0.0010   0.0004  -0.0002  -0.0006  -0.0528  -0.0006  -0.0009  -0.0009   0.0002  -0.0001  -0.0001   0.0022  -0.0012
   0.0003  -0.0009  -0.0004  -0.0023  -0.0000   0.0001  -0.0509  -0.0006  -0.0008  -0.0030  -0.0020  -0.0008  -0.0007   0.0009
  -0.0011  -0.0001   0.0011   0.0000  -0.0009  -0.0010  -0.0008  -0.0522  -0.0007  -0.0004  -0.0000   0.0002   0.0017  -0.0028
  -0.0010  -0.0019   0.0007  -0.0014   0.0020  -0.0025  -0.0007  -0.0011  -0.0508   0.0011  -0.0000   0.0002  -0.0012   0.0015
   0.0001  -0.0004  -0.0012  -0.0009  -0.0002   0.0002  -0.0008  -0.0005   0.0004  -0.0540   0.0015  -0.0008   0.0010  -0.0008
   0.0007  -0.0007   0.0002  -0.0054  -0.0008   0.0005  -0.0020   0.0013  -0.0001   0.0033  -0.0512   0.0003  -0.0001  -0.0010
  -0.0003  -0.0004  -0.0005  -0.0002   0.0004   0.0001   0.0001   0.0002   0.0002  -0.0007  -0.0001  -0.0522   0.0020   0.0010
   0.0001  -0.0002   0.0001   0.0006  -0.0004   0.0021  -0.0005   0.0016  -0.0007   0.0010  -0.0002   0.0019  -0.0540  -0.0000
  -0.0001   0.0004   0.0001  -0.0003  -0.0002  -0.0011   0.0005  -0.0027   0.0011  -0.0007  -0.0006   0.0009  -0.0000  -0.0539
 imag part
  -0.0001  -0.0004   0.0001   0.0006   0.0001   0.0008   0.0009   0.0007   0.0002   0.0010   0.0002   0.0012  -0.0002   0.0000
   0.0002   0.0001   0.0001  -0.0002  -0.0044   0.0002  -0.0014   0.0001   0.0037   0.0002  -0.0010  -0.0001   0.0003   0.0009
   0.0001   0.0001   0.0001  -0.0001  -0.0003  -0.0000   0.0010   0.0007  -0.0000   0.0016  -0.0007  -0.0005  -0.0000   0.0001
  -0.0003  -0.0001   0.0001  -0.0001   0.0025   0.0001   0.0012  -0.0006   0.0015  -0.0001   0.0003   0.0012   0.0007   0.0001
  -0.0000   0.0048   0.0003  -0.0027   0.0001   0.0008  -0.0000   0.0001  -0.0008   0.0001  -0.0006   0.0015   0.0003   0.0016
  -0.0008  -0.0001  -0.0001   0.0001  -0.0012  -0.0001  -0.0001  -0.0005   0.0011  -0.0003   0.0001   0.0011   0.0001  -0.0007
  -0.0009   0.0016  -0.0011  -0.0014   0.0001   0.0007  -0.0000  -0.0005   0.0007  -0.0014  -0.0007   0.0000  -0.0025  -0.0011
  -0.0008  -0.0002  -0.0007   0.0003   0.0009   0.0004   0.0001   0.0000  -0.0004  -0.0003   0.0002   0.0007   0.0003  -0.0011
  -0.0003  -0.0041   0.0000  -0.0016   0.0010  -0.0005  -0.0006  -0.0008  -0.0000   0.0011  -0.0004   0.0022   0.0002   0.0003
  -0.0010  -0.0003  -0.0016  -0.0000  -0.0003   0.0001   0.0001   0.0002  -0.0005   0.0000  -0.0003  -0.0000   0.0025   0.0029
  -0.0003   0.0011   0.0008  -0.0003   0.0005  -0.0013   0.0008  -0.0003   0.0003   0.0000   0.0000  -0.0009  -0.0008   0.0013
  -0.0012   0.0002   0.0005  -0.0009  -0.0003  -0.0010   0.0011  -0.0007  -0.0007   0.0002   0.0015  -0.0000   0.0014  -0.0006
   0.0001  -0.0002  -0.0000  -0.0006  -0.0001  -0.0002   0.0017  -0.0003  -0.0001  -0.0025   0.0006  -0.0014  -0.0000   0.0000
  -0.0000  -0.0007  -0.0001  -0.0001  -0.0012   0.0006   0.0007   0.0010  -0.0001  -0.0027  -0.0008   0.0006  -0.0000  -0.0000
************        d0-sym  ************
 imp=  1
 real part
  -0.0565  -0.0002   0.0000   0.0000   0.0000   0.0000   0.0000   0.0000   0.0000   0.0000   0.0000   0.0000   0.0000   0.0000
  -0.0002  -0.0530   0.0000   0.0000   0.0000   0.0000   0.0000   0.0000   0.0000   0.0000   0.0000   0.0000   0.0000   0.0000
   0.0000   0.0000  -0.0565  -0.0002   0.0000   0.0000   0.0000   0.0000   0.0000   0.0000   0.0000   0.0000   0.0000   0.0000
   0.0000   0.0000  -0.0002  -0.0530   0.0000   0.0000   0.0000   0.0000   0.0000   0.0000   0.0000   0.0000   0.0000   0.0000
   0.0000   0.0000   0.0000   0.0000  -0.0511  -0.0003   0.0000   0.0000   0.0000   0.0000   0.0000   0.0000   0.0000   0.0000
   0.0000   0.0000   0.0000   0.0000  -0.0003  -0.0528   0.0000   0.0000   0.0000   0.0000   0.0000   0.0000   0.0000   0.0000
   0.0000   0.0000   0.0000   0.0000   0.0000   0.0000  -0.0511  -0.0003   0.0000   0.0000   0.0000   0.0000   0.0000   0.0000
   0.0000   0.0000   0.0000   0.0000   0.0000   0.0000  -0.0003  -0.0528   0.0000   0.0000   0.0000   0.0000   0.0000   0.0000
   0.0000   0.0000   0.0000   0.0000   0.0000   0.0000   0.0000   0.0000  -0.0511  -0.0003   0.0000   0.0000   0.0000   0.0000
   0.0000   0.0000   0.0000   0.0000   0.0000   0.0000   0.0000   0.0000  -0.0003  -0.0528   0.0000   0.0000   0.0000   0.0000
   0.0000   0.0000   0.0000   0.0000   0.0000   0.0000   0.0000   0.0000   0.0000   0.0000  -0.0511  -0.0003   0.0000   0.0000
   0.0000   0.0000   0.0000   0.0000   0.0000   0.0000   0.0000   0.0000   0.0000   0.0000  -0.0003  -0.0528   0.0000   0.0000
   0.0000   0.0000   0.0000   0.0000   0.0000   0.0000   0.0000   0.0000   0.0000   0.0000   0.0000   0.0000  -0.0540   0.0000
   0.0000   0.0000   0.0000   0.0000   0.0000   0.0000   0.0000   0.0000   0.0000   0.0000   0.0000   0.0000   0.0000  -0.0540
 imag part
   0.0000  -0.0002   0.0000   0.0000   0.0000   0.0000   0.0000   0.0000   0.0000   0.0000   0.0000   0.0000   0.0000   0.0000
   0.0001  -0.0000   0.0000   0.0000   0.0000   0.0000   0.0000   0.0000   0.0000   0.0000   0.0000   0.0000   0.0000   0.0000
   0.0000   0.0000   0.0000  -0.0002   0.0000   0.0000   0.0000   0.0000   0.0000   0.0000   0.0000   0.0000   0.0000   0.0000
   0.0000   0.0000   0.0001  -0.0000   0.0000   0.0000   0.0000   0.0000   0.0000   0.0000   0.0000   0.0000   0.0000   0.0000
   0.0000   0.0000   0.0000   0.0000   0.0000   0.0001   0.0000   0.0000   0.0000   0.0000   0.0000   0.0000   0.0000   0.0000
   0.0000   0.0000   0.0000   0.0000  -0.0000  -0.0000   0.0000   0.0000   0.0000   0.0000   0.0000   0.0000   0.0000   0.0000
   0.0000   0.0000   0.0000   0.0000   0.0000   0.0000   0.0000   0.0001   0.0000   0.0000   0.0000   0.0000   0.0000   0.0000
   0.0000   0.0000   0.0000   0.0000   0.0000   0.0000  -0.0000  -0.0000   0.0000   0.0000   0.0000   0.0000   0.0000   0.0000
   0.0000   0.0000   0.0000   0.0000   0.0000   0.0000   0.0000   0.0000   0.0000   0.0001   0.0000   0.0000   0.0000   0.0000
   0.0000   0.0000   0.0000   0.0000   0.0000   0.0000   0.0000   0.0000  -0.0000  -0.0000   0.0000   0.0000   0.0000   0.0000
   0.0000   0.0000   0.0000   0.0000   0.0000   0.0000   0.0000   0.0000   0.0000   0.0000   0.0000   0.0001   0.0000   0.0000
   0.0000   0.0000   0.0000   0.0000   0.0000   0.0000   0.0000   0.0000   0.0000   0.0000  -0.0000  -0.0000   0.0000   0.0000
   0.0000   0.0000   0.0000   0.0000   0.0000   0.0000   0.0000   0.0000   0.0000   0.0000   0.0000   0.0000  -0.0000   0.0000
   0.0000   0.0000   0.0000   0.0000   0.0000   0.0000   0.0000   0.0000   0.0000   0.0000   0.0000   0.0000   0.0000  -0.0000
 max error due to symm in d0 =     0.005447
************         d-sym  ************
 imp=  1
 real part
  -0.1310  -0.0009   0.0000   0.0000   0.0000   0.0000   0.0000   0.0000   0.0000   0.0000   0.0000   0.0000   0.0000   0.0000
  -0.0008  -0.1066   0.0000   0.0000   0.0000   0.0000   0.0000   0.0000   0.0000   0.0000   0.0000   0.0000   0.0000   0.0000
   0.0000   0.0000  -0.1310  -0.0009   0.0000   0.0000   0.0000   0.0000   0.0000   0.0000   0.0000   0.0000   0.0000   0.0000
   0.0000   0.0000  -0.0008  -0.1066   0.0000   0.0000   0.0000   0.0000   0.0000   0.0000   0.0000   0.0000   0.0000   0.0000
   0.0000   0.0000   0.0000   0.0000  -0.1074   0.0001   0.0000   0.0000   0.0000   0.0000   0.0000   0.0000   0.0000   0.0000
   0.0000   0.0000   0.0000   0.0000   0.0002  -0.1063   0.0000   0.0000   0.0000   0.0000   0.0000   0.0000   0.0000   0.0000
   0.0000   0.0000   0.0000   0.0000   0.0000   0.0000  -0.1074   0.0001   0.0000   0.0000   0.0000   0.0000   0.0000   0.0000
   0.0000   0.0000   0.0000   0.0000   0.0000   0.0000   0.0002  -0.1063   0.0000   0.0000   0.0000   0.0000   0.0000   0.0000
   0.0000   0.0000   0.0000   0.0000   0.0000   0.0000   0.0000   0.0000  -0.1074   0.0001   0.0000   0.0000   0.0000   0.0000
   0.0000   0.0000   0.0000   0.0000   0.0000   0.0000   0.0000   0.0000   0.0002  -0.1063   0.0000   0.0000   0.0000   0.0000
   0.0000   0.0000   0.0000   0.0000   0.0000   0.0000   0.0000   0.0000   0.0000   0.0000  -0.1074   0.0001   0.0000   0.0000
   0.0000   0.0000   0.0000   0.0000   0.0000   0.0000   0.0000   0.0000   0.0000   0.0000   0.0002  -0.1063   0.0000   0.0000
   0.0000   0.0000   0.0000   0.0000   0.0000   0.0000   0.0000   0.0000   0.0000   0.0000   0.0000   0.0000  -0.1134   0.0000
   0.0000   0.0000   0.0000   0.0000   0.0000   0.0000   0.0000   0.0000   0.0000   0.0000   0.0000   0.0000   0.0000  -0.1134
 imag part
   0.0000  -0.0007   0.0000   0.0000   0.0000   0.0000   0.0000   0.0000   0.0000   0.0000   0.0000   0.0000   0.0000   0.0000
   0.0005  -0.0000   0.0000   0.0000   0.0000   0.0000   0.0000   0.0000   0.0000   0.0000   0.0000   0.0000   0.0000   0.0000
   0.0000   0.0000   0.0000  -0.0007   0.0000   0.0000   0.0000   0.0000   0.0000   0.0000   0.0000   0.0000   0.0000   0.0000
   0.0000   0.0000   0.0005  -0.0000   0.0000   0.0000   0.0000   0.0000   0.0000   0.0000   0.0000   0.0000   0.0000   0.0000
   0.0000   0.0000   0.0000   0.0000   0.0000   0.0001   0.0000   0.0000   0.0000   0.0000   0.0000   0.0000   0.0000   0.0000
   0.0000   0.0000   0.0000   0.0000   0.0001  -0.0000   0.0000   0.0000   0.0000   0.0000   0.0000   0.0000   0.0000   0.0000
   0.0000   0.0000   0.0000   0.0000   0.0000   0.0000   0.0000   0.0001   0.0000   0.0000   0.0000   0.0000   0.0000   0.0000
   0.0000   0.0000   0.0000   0.0000   0.0000   0.0000   0.0001  -0.0000   0.0000   0.0000   0.0000   0.0000   0.0000   0.0000
   0.0000   0.0000   0.0000   0.0000   0.0000   0.0000   0.0000   0.0000   0.0000   0.0001   0.0000   0.0000   0.0000   0.0000
   0.0000   0.0000   0.0000   0.0000   0.0000   0.0000   0.0000   0.0000   0.0001  -0.0000   0.0000   0.0000   0.0000   0.0000
   0.0000   0.0000   0.0000   0.0000   0.0000   0.0000   0.0000   0.0000   0.0000   0.0000   0.0000   0.0001   0.0000   0.0000
   0.0000   0.0000   0.0000   0.0000   0.0000   0.0000   0.0000   0.0000   0.0000   0.0000   0.0001  -0.0000   0.0000   0.0000
   0.0000   0.0000   0.0000   0.0000   0.0000   0.0000   0.0000   0.0000   0.0000   0.0000   0.0000   0.0000  -0.0000   0.0000
   0.0000   0.0000   0.0000   0.0000   0.0000   0.0000   0.0000   0.0000   0.0000   0.0000   0.0000   0.0000   0.0000  -0.0000
************           la2  ************
 imp=  1
 real part
  -1.9217   0.0049   0.0000   0.0000   0.0000   0.0000   0.0000   0.0000   0.0000   0.0000   0.0000   0.0000   0.0000   0.0000
   0.0049  -2.0466   0.0000   0.0000   0.0000   0.0000   0.0000   0.0000   0.0000   0.0000   0.0000   0.0000   0.0000   0.0000
   0.0000   0.0000  -1.9217   0.0049   0.0000   0.0000   0.0000   0.0000   0.0000   0.0000   0.0000   0.0000   0.0000   0.0000
   0.0000   0.0000   0.0049  -2.0466   0.0000   0.0000   0.0000   0.0000   0.0000   0.0000   0.0000   0.0000   0.0000   0.0000
   0.0000   0.0000   0.0000   0.0000  -2.0172  -0.0059   0.0000   0.0000   0.0000   0.0000   0.0000   0.0000   0.0000   0.0000
   0.0000   0.0000   0.0000   0.0000  -0.0059  -2.0355   0.0000   0.0000   0.0000   0.0000   0.0000   0.0000   0.0000   0.0000
   0.0000   0.0000   0.0000   0.0000   0.0000   0.0000  -2.0172  -0.0059   0.0000   0.0000   0.0000   0.0000   0.0000   0.0000
   0.0000   0.0000   0.0000   0.0000   0.0000   0.0000  -0.0059  -2.0355   0.0000   0.0000   0.0000   0.0000   0.0000   0.0000
   0.0000   0.0000   0.0000   0.0000   0.0000   0.0000   0.0000   0.0000  -2.0172  -0.0059   0.0000   0.0000   0.0000   0.0000
   0.0000   0.0000   0.0000   0.0000   0.0000   0.0000   0.0000   0.0000  -0.0059  -2.0355   0.0000   0.0000   0.0000   0.0000
   0.0000   0.0000   0.0000   0.0000   0.0000   0.0000   0.0000   0.0000   0.0000   0.0000  -2.0172  -0.0059   0.0000   0.0000
   0.0000   0.0000   0.0000   0.0000   0.0000   0.0000   0.0000   0.0000   0.0000   0.0000  -0.0059  -2.0355   0.0000   0.0000
   0.0000   0.0000   0.0000   0.0000   0.0000   0.0000   0.0000   0.0000   0.0000   0.0000   0.0000   0.0000  -1.9847   0.0000
   0.0000   0.0000   0.0000   0.0000   0.0000   0.0000   0.0000   0.0000   0.0000   0.0000   0.0000   0.0000   0.0000  -1.9847
 imag part
   0.0000  -0.0037   0.0000   0.0000   0.0000   0.0000   0.0000   0.0000   0.0000   0.0000   0.0000   0.0000   0.0000   0.0000
   0.0037   0.0000   0.0000   0.0000   0.0000   0.0000   0.0000   0.0000   0.0000   0.0000   0.0000   0.0000   0.0000   0.0000
   0.0000   0.0000   0.0000  -0.0037   0.0000   0.0000   0.0000   0.0000   0.0000   0.0000   0.0000   0.0000   0.0000   0.0000
   0.0000   0.0000   0.0037   0.0000   0.0000   0.0000   0.0000   0.0000   0.0000   0.0000   0.0000   0.0000   0.0000   0.0000
   0.0000   0.0000   0.0000   0.0000   0.0000  -0.0035   0.0000   0.0000   0.0000   0.0000   0.0000   0.0000   0.0000   0.0000
   0.0000   0.0000   0.0000   0.0000   0.0035   0.0000   0.0000   0.0000   0.0000   0.0000   0.0000   0.0000   0.0000   0.0000
   0.0000   0.0000   0.0000   0.0000   0.0000   0.0000   0.0000  -0.0035   0.0000   0.0000   0.0000   0.0000   0.0000   0.0000
   0.0000   0.0000   0.0000   0.0000   0.0000   0.0000   0.0035   0.0000   0.0000   0.0000   0.0000   0.0000   0.0000   0.0000
   0.0000   0.0000   0.0000   0.0000   0.0000   0.0000   0.0000   0.0000   0.0000  -0.0035   0.0000   0.0000   0.0000   0.0000
   0.0000   0.0000   0.0000   0.0000   0.0000   0.0000   0.0000   0.0000   0.0035   0.0000   0.0000   0.0000   0.0000   0.0000
   0.0000   0.0000   0.0000   0.0000   0.0000   0.0000   0.0000   0.0000   0.0000   0.0000   0.0000  -0.0035   0.0000   0.0000
   0.0000   0.0000   0.0000   0.0000   0.0000   0.0000   0.0000   0.0000   0.0000   0.0000   0.0035   0.0000   0.0000   0.0000
   0.0000   0.0000   0.0000   0.0000   0.0000   0.0000   0.0000   0.0000   0.0000   0.0000   0.0000   0.0000   0.0000   0.0000
   0.0000   0.0000   0.0000   0.0000   0.0000   0.0000   0.0000   0.0000   0.0000   0.0000   0.0000   0.0000   0.0000   0.0000
 imp =   1 s_xyz(nphysical   ) =     0.00210     0.00073    -0.00685
           l_xyz(nphysical   ) =    -0.00413     0.00884     0.01038
************    isimix-var  ************
 imp=  1
 real part
   2.3192   0.0074   0.0000   0.0000   0.0000   0.0000   0.0000   0.0000   0.0000   0.0000   0.0000   0.0000   0.0000   0.0000
   0.0074   2.0124   0.0000   0.0000   0.0000   0.0000   0.0000   0.0000   0.0000   0.0000   0.0000   0.0000   0.0000   0.0000
   0.0000   0.0000   2.3192   0.0074   0.0000   0.0000   0.0000   0.0000   0.0000   0.0000   0.0000   0.0000   0.0000   0.0000
   0.0000   0.0000   0.0074   2.0124   0.0000   0.0000   0.0000   0.0000   0.0000   0.0000   0.0000   0.0000   0.0000   0.0000
   0.0000   0.0000   0.0000   0.0000   2.1011  -0.0143   0.0000   0.0000   0.0000   0.0000   0.0000   0.0000   0.0000   0.0000
   0.0000   0.0000   0.0000   0.0000  -0.0143   2.0138   0.0000   0.0000   0.0000   0.0000   0.0000   0.0000   0.0000   0.0000
   0.0000   0.0000   0.0000   0.0000   0.0000   0.0000   2.1011  -0.0143   0.0000   0.0000   0.0000   0.0000   0.0000   0.0000
   0.0000   0.0000   0.0000   0.0000   0.0000   0.0000  -0.0143   2.0138   0.0000   0.0000   0.0000   0.0000   0.0000   0.0000
   0.0000   0.0000   0.0000   0.0000   0.0000   0.0000   0.0000   0.0000   2.1011  -0.0143   0.0000   0.0000   0.0000   0.0000
   0.0000   0.0000   0.0000   0.0000   0.0000   0.0000   0.0000   0.0000  -0.0143   2.0138   0.0000   0.0000   0.0000   0.0000
   0.0000   0.0000   0.0000   0.0000   0.0000   0.0000   0.0000   0.0000   0.0000   0.0000   2.1011  -0.0143   0.0000   0.0000
   0.0000   0.0000   0.0000   0.0000   0.0000   0.0000   0.0000   0.0000   0.0000   0.0000  -0.0143   2.0138   0.0000   0.0000
   0.0000   0.0000   0.0000   0.0000   0.0000   0.0000   0.0000   0.0000   0.0000   0.0000   0.0000   0.0000   2.1016   0.0000
   0.0000   0.0000   0.0000   0.0000   0.0000   0.0000   0.0000   0.0000   0.0000   0.0000   0.0000   0.0000   0.0000   2.1016
 imag part
   0.0000   0.0040   0.0000   0.0000   0.0000   0.0000   0.0000   0.0000   0.0000   0.0000   0.0000   0.0000   0.0000   0.0000
  -0.0040   0.0000   0.0000   0.0000   0.0000   0.0000   0.0000   0.0000   0.0000   0.0000   0.0000   0.0000   0.0000   0.0000
   0.0000   0.0000   0.0000   0.0040   0.0000   0.0000   0.0000   0.0000   0.0000   0.0000   0.0000   0.0000   0.0000   0.0000
   0.0000   0.0000  -0.0040   0.0000   0.0000   0.0000   0.0000   0.0000   0.0000   0.0000   0.0000   0.0000   0.0000   0.0000
   0.0000   0.0000   0.0000   0.0000   0.0000   0.0029   0.0000   0.0000   0.0000   0.0000   0.0000   0.0000   0.0000   0.0000
   0.0000   0.0000   0.0000   0.0000  -0.0029  -0.0000   0.0000   0.0000   0.0000   0.0000   0.0000   0.0000   0.0000   0.0000
   0.0000   0.0000   0.0000   0.0000   0.0000   0.0000   0.0000   0.0029   0.0000   0.0000   0.0000   0.0000   0.0000   0.0000
   0.0000   0.0000   0.0000   0.0000   0.0000   0.0000  -0.0029  -0.0000   0.0000   0.0000   0.0000   0.0000   0.0000   0.0000
   0.0000   0.0000   0.0000   0.0000   0.0000   0.0000   0.0000   0.0000   0.0000   0.0029   0.0000   0.0000   0.0000   0.0000
   0.0000   0.0000   0.0000   0.0000   0.0000   0.0000   0.0000   0.0000  -0.0029  -0.0000   0.0000   0.0000   0.0000   0.0000
   0.0000   0.0000   0.0000   0.0000   0.0000   0.0000   0.0000   0.0000   0.0000   0.0000   0.0000   0.0029   0.0000   0.0000
   0.0000   0.0000   0.0000   0.0000   0.0000   0.0000   0.0000   0.0000   0.0000   0.0000  -0.0029  -0.0000   0.0000   0.0000
   0.0000   0.0000   0.0000   0.0000   0.0000   0.0000   0.0000   0.0000   0.0000   0.0000   0.0000   0.0000   0.0000   0.0000
   0.0000   0.0000   0.0000   0.0000   0.0000   0.0000   0.0000   0.0000   0.0000   0.0000   0.0000   0.0000   0.0000   0.0000
************        r0-out  ************
 imp=  1
 real part
   0.4266   0.0032  -0.0000  -0.0014  -0.0000  -0.0000  -0.0001  -0.0003   0.0002   0.0002  -0.0000   0.0001   0.0000  -0.0001
  -0.0038   0.4622   0.0021   0.0001  -0.0000  -0.0000   0.0000  -0.0001   0.0000  -0.0000   0.0001  -0.0001   0.0002   0.0001
   0.0003  -0.0046   0.4266   0.0007  -0.0001  -0.0000  -0.0001  -0.0001   0.0001  -0.0001  -0.0000   0.0000   0.0000   0.0000
   0.0007  -0.0002  -0.0026   0.4622   0.0000  -0.0001   0.0001  -0.0000   0.0000  -0.0000   0.0000   0.0000  -0.0001  -0.0001
   0.0000   0.0000   0.0000  -0.0000   0.4607  -0.0011   0.0001   0.0002  -0.0001   0.0000   0.0002  -0.0001   0.0000  -0.0000
   0.0000  -0.0000   0.0000  -0.0000   0.0016   0.4622   0.0001  -0.0001  -0.0002   0.0001   0.0002  -0.0001   0.0000  -0.0001
   0.0000  -0.0001   0.0000  -0.0001  -0.0001  -0.0001   0.4608  -0.0014   0.0001   0.0002   0.0002   0.0002  -0.0000   0.0000
   0.0002  -0.0000   0.0001   0.0000  -0.0001   0.0001   0.0019   0.4622   0.0000  -0.0001   0.0002  -0.0002  -0.0000   0.0001
  -0.0000  -0.0000   0.0000  -0.0001   0.0001   0.0003  -0.0001  -0.0000   0.4608  -0.0015   0.0002   0.0001  -0.0000  -0.0000
  -0.0001   0.0000   0.0000  -0.0000  -0.0000  -0.0002  -0.0002   0.0001   0.0019   0.4623   0.0002  -0.0001  -0.0001  -0.0000
   0.0000  -0.0001  -0.0000  -0.0000   0.0000  -0.0002  -0.0002  -0.0003  -0.0001  -0.0002   0.4609  -0.0015  -0.0000  -0.0000
  -0.0001  -0.0000  -0.0000   0.0000   0.0001   0.0001  -0.0001   0.0002  -0.0001   0.0001   0.0019   0.4623  -0.0000  -0.0000
   0.0000  -0.0002  -0.0000   0.0001   0.0000  -0.0000   0.0000   0.0000  -0.0000   0.0001  -0.0001   0.0001   0.4619  -0.0000
   0.0000  -0.0001  -0.0000   0.0001   0.0001   0.0000  -0.0001  -0.0001  -0.0002   0.0001  -0.0000   0.0001  -0.0000   0.4619
 imag part
  -0.0001  -0.0011   0.0003  -0.0052  -0.0002   0.0001   0.0001   0.0001  -0.0004   0.0003  -0.0000  -0.0001  -0.0000   0.0000
  -0.0024   0.0001  -0.0011  -0.0003  -0.0000   0.0000   0.0000  -0.0000  -0.0001  -0.0000   0.0000  -0.0000  -0.0000   0.0001
   0.0003  -0.0025   0.0002  -0.0044   0.0001  -0.0003  -0.0001  -0.0000   0.0000  -0.0001  -0.0000  -0.0001  -0.0001   0.0000
  -0.0023  -0.0004  -0.0039  -0.0002  -0.0000   0.0000   0.0000  -0.0000   0.0001  -0.0001  -0.0000   0.0000  -0.0002   0.0000
  -0.0000  -0.0000  -0.0000  -0.0000  -0.0004  -0.0014   0.0001   0.0003   0.0000  -0.0001   0.0001   0.0002  -0.0000   0.0000
   0.0000   0.0000  -0.0001  -0.0000  -0.0014   0.0004   0.0001  -0.0001   0.0002   0.0001  -0.0001  -0.0001  -0.0000   0.0001
   0.0000   0.0000  -0.0000   0.0000   0.0001   0.0001  -0.0002  -0.0013  -0.0002  -0.0002   0.0001   0.0002   0.0000   0.0000
   0.0000  -0.0000  -0.0000  -0.0000   0.0002  -0.0001  -0.0013   0.0002  -0.0002   0.0002  -0.0000  -0.0001   0.0000   0.0000
  -0.0000  -0.0000  -0.0000   0.0001  -0.0001   0.0002  -0.0002  -0.0003  -0.0001  -0.0011   0.0000   0.0002   0.0000  -0.0000
   0.0001   0.0000  -0.0000  -0.0000  -0.0001  -0.0000  -0.0002   0.0001  -0.0012   0.0001  -0.0000  -0.0001   0.0002  -0.0000
  -0.0000   0.0000  -0.0000  -0.0000   0.0001  -0.0001   0.0001  -0.0000   0.0001  -0.0000  -0.0000  -0.0010   0.0000   0.0000
  -0.0000  -0.0000  -0.0000  -0.0000   0.0002  -0.0000   0.0002  -0.0000   0.0002  -0.0000  -0.0011   0.0000   0.0001   0.0001
   0.0000  -0.0000   0.0000  -0.0002  -0.0001   0.0000  -0.0001   0.0000  -0.0001   0.0002   0.0001   0.0001  -0.0000   0.0000
  -0.0000   0.0001  -0.0000   0.0000   0.0001   0.0001  -0.0002   0.0000  -0.0002   0.0000  -0.0000   0.0001  -0.0000  -0.0000
************         r-out  ************
 imp=  1
 real part
   0.9894   0.0096  -0.0001  -0.0027  -0.0000  -0.0000  -0.0003  -0.0007   0.0004   0.0004  -0.0000   0.0003   0.0000  -0.0002
  -0.0053   0.9300   0.0049   0.0003  -0.0000  -0.0000   0.0000  -0.0003   0.0000  -0.0000   0.0002  -0.0002   0.0004   0.0002
   0.0006  -0.0092   0.9894   0.0045  -0.0003  -0.0001  -0.0003  -0.0003   0.0002  -0.0002  -0.0001   0.0001   0.0000   0.0001
   0.0016  -0.0004  -0.0026   0.9301   0.0000  -0.0001   0.0001  -0.0001   0.0001  -0.0000   0.0000   0.0000  -0.0002  -0.0002
   0.0000   0.0000   0.0001  -0.0001   0.9680  -0.0088   0.0001   0.0004  -0.0003   0.0000   0.0004  -0.0002   0.0000  -0.0000
   0.0000  -0.0000   0.0001  -0.0000  -0.0032   0.9307   0.0001  -0.0003  -0.0004   0.0001   0.0003  -0.0001   0.0001  -0.0001
   0.0001  -0.0001   0.0001  -0.0002  -0.0003  -0.0001   0.9683  -0.0095   0.0001   0.0005   0.0004   0.0003  -0.0000   0.0000
   0.0004  -0.0001   0.0002   0.0000  -0.0003   0.0001  -0.0027   0.9307   0.0000  -0.0001   0.0004  -0.0003  -0.0001   0.0002
  -0.0001  -0.0000   0.0000  -0.0001   0.0002   0.0005  -0.0002  -0.0000   0.9682  -0.0096   0.0003   0.0002  -0.0001  -0.0000
  -0.0003   0.0000   0.0001  -0.0000  -0.0000  -0.0004  -0.0004   0.0002  -0.0026   0.9310   0.0004  -0.0003  -0.0002  -0.0000
   0.0000  -0.0002  -0.0000  -0.0000   0.0000  -0.0005  -0.0003  -0.0006  -0.0002  -0.0004   0.9684  -0.0096  -0.0000  -0.0000
  -0.0002  -0.0000  -0.0000   0.0000   0.0001   0.0003  -0.0003   0.0004  -0.0002   0.0003  -0.0026   0.9309  -0.0000  -0.0001
   0.0000  -0.0004  -0.0000   0.0002   0.0001  -0.0001   0.0000   0.0001  -0.0000   0.0002  -0.0002   0.0001   0.9707  -0.0000
   0.0000  -0.0003  -0.0000   0.0002   0.0002   0.0001  -0.0002  -0.0002  -0.0005   0.0001  -0.0000   0.0001  -0.0000   0.9707
 imag part
  -0.0001  -0.0039   0.0008  -0.0104  -0.0003   0.0002   0.0001   0.0002  -0.0008   0.0007  -0.0000  -0.0002  -0.0001   0.0000
  -0.0038   0.0001  -0.0026  -0.0007  -0.0000   0.0000   0.0001  -0.0001  -0.0001  -0.0001   0.0001  -0.0001  -0.0001   0.0002
   0.0007  -0.0051   0.0005  -0.0107   0.0001  -0.0006  -0.0003  -0.0001   0.0000  -0.0002  -0.0001  -0.0002  -0.0002   0.0000
  -0.0054  -0.0007  -0.0072  -0.0005  -0.0000   0.0001   0.0001  -0.0000   0.0002  -0.0002  -0.0000   0.0001  -0.0003   0.0000
  -0.0000  -0.0000  -0.0000  -0.0001  -0.0008  -0.0041   0.0002   0.0006   0.0001  -0.0003   0.0001   0.0004  -0.0000   0.0000
   0.0001   0.0000  -0.0003  -0.0000  -0.0016   0.0008   0.0002  -0.0002   0.0003   0.0001  -0.0002  -0.0003  -0.0000   0.0002
   0.0001   0.0001  -0.0000   0.0001   0.0002   0.0002  -0.0004  -0.0039  -0.0004  -0.0004   0.0001   0.0005   0.0000   0.0000
   0.0001  -0.0000  -0.0001  -0.0001   0.0005  -0.0002  -0.0015   0.0004  -0.0004   0.0005  -0.0001  -0.0003   0.0000   0.0000
  -0.0000  -0.0001  -0.0000   0.0003  -0.0002   0.0004  -0.0003  -0.0006  -0.0002  -0.0036   0.0001   0.0004   0.0000  -0.0000
   0.0003   0.0001  -0.0001  -0.0000  -0.0002  -0.0000  -0.0004   0.0003  -0.0012   0.0002  -0.0000  -0.0003   0.0003  -0.0001
  -0.0000   0.0001  -0.0000  -0.0001   0.0002  -0.0002   0.0002  -0.0001   0.0003  -0.0000  -0.0000  -0.0033   0.0000   0.0000
  -0.0001  -0.0000  -0.0001  -0.0000   0.0004  -0.0001   0.0004  -0.0001   0.0004  -0.0000  -0.0010   0.0000   0.0001   0.0001
   0.0000  -0.0001   0.0000  -0.0003  -0.0003   0.0000  -0.0002   0.0001  -0.0001   0.0004   0.0003   0.0001  -0.0000   0.0001
  -0.0000   0.0002  -0.0000   0.0000   0.0002   0.0001  -0.0004   0.0001  -0.0005   0.0000  -0.0001   0.0002  -0.0001  -0.0000
************     r-out-sym  ************
 imp=  1
 real part
   0.9894   0.0070   0.0000   0.0000   0.0000   0.0000   0.0000   0.0000   0.0000   0.0000   0.0000   0.0000   0.0000   0.0000
  -0.0040   0.9300   0.0000   0.0000   0.0000   0.0000   0.0000   0.0000   0.0000   0.0000   0.0000   0.0000   0.0000   0.0000
   0.0000   0.0000   0.9894   0.0070   0.0000   0.0000   0.0000   0.0000   0.0000   0.0000   0.0000   0.0000   0.0000   0.0000
   0.0000   0.0000  -0.0040   0.9300   0.0000   0.0000   0.0000   0.0000   0.0000   0.0000   0.0000   0.0000   0.0000   0.0000
   0.0000   0.0000   0.0000   0.0000   0.9682  -0.0094   0.0000   0.0000   0.0000   0.0000   0.0000   0.0000   0.0000   0.0000
   0.0000   0.0000   0.0000   0.0000  -0.0028   0.9308   0.0000   0.0000   0.0000   0.0000   0.0000   0.0000   0.0000   0.0000
   0.0000   0.0000   0.0000   0.0000   0.0000   0.0000   0.9682  -0.0094   0.0000   0.0000   0.0000   0.0000   0.0000   0.0000
   0.0000   0.0000   0.0000   0.0000   0.0000   0.0000  -0.0028   0.9308   0.0000   0.0000   0.0000   0.0000   0.0000   0.0000
   0.0000   0.0000   0.0000   0.0000   0.0000   0.0000   0.0000   0.0000   0.9682  -0.0094   0.0000   0.0000   0.0000   0.0000
   0.0000   0.0000   0.0000   0.0000   0.0000   0.0000   0.0000   0.0000  -0.0028   0.9308   0.0000   0.0000   0.0000   0.0000
   0.0000   0.0000   0.0000   0.0000   0.0000   0.0000   0.0000   0.0000   0.0000   0.0000   0.9682  -0.0094   0.0000   0.0000
   0.0000   0.0000   0.0000   0.0000   0.0000   0.0000   0.0000   0.0000   0.0000   0.0000  -0.0028   0.9308   0.0000   0.0000
   0.0000   0.0000   0.0000   0.0000   0.0000   0.0000   0.0000   0.0000   0.0000   0.0000   0.0000   0.0000   0.9707   0.0000
   0.0000   0.0000   0.0000   0.0000   0.0000   0.0000   0.0000   0.0000   0.0000   0.0000   0.0000   0.0000   0.0000   0.9707
 imag part
   0.0002  -0.0073   0.0000   0.0000   0.0000   0.0000   0.0000   0.0000   0.0000   0.0000   0.0000   0.0000   0.0000   0.0000
  -0.0055  -0.0002   0.0000   0.0000   0.0000   0.0000   0.0000   0.0000   0.0000   0.0000   0.0000   0.0000   0.0000   0.0000
   0.0000   0.0000   0.0002  -0.0073   0.0000   0.0000   0.0000   0.0000   0.0000   0.0000   0.0000   0.0000   0.0000   0.0000
   0.0000   0.0000  -0.0055  -0.0002   0.0000   0.0000   0.0000   0.0000   0.0000   0.0000   0.0000   0.0000   0.0000   0.0000
   0.0000   0.0000   0.0000   0.0000  -0.0004  -0.0037   0.0000   0.0000   0.0000   0.0000   0.0000   0.0000   0.0000   0.0000
   0.0000   0.0000   0.0000   0.0000  -0.0013   0.0004   0.0000   0.0000   0.0000   0.0000   0.0000   0.0000   0.0000   0.0000
   0.0000   0.0000   0.0000   0.0000   0.0000   0.0000  -0.0004  -0.0037   0.0000   0.0000   0.0000   0.0000   0.0000   0.0000
   0.0000   0.0000   0.0000   0.0000   0.0000   0.0000  -0.0013   0.0004   0.0000   0.0000   0.0000   0.0000   0.0000   0.0000
   0.0000   0.0000   0.0000   0.0000   0.0000   0.0000   0.0000   0.0000  -0.0004  -0.0037   0.0000   0.0000   0.0000   0.0000
   0.0000   0.0000   0.0000   0.0000   0.0000   0.0000   0.0000   0.0000  -0.0013   0.0004   0.0000   0.0000   0.0000   0.0000
   0.0000   0.0000   0.0000   0.0000   0.0000   0.0000   0.0000   0.0000   0.0000   0.0000  -0.0004  -0.0037   0.0000   0.0000
   0.0000   0.0000   0.0000   0.0000   0.0000   0.0000   0.0000   0.0000   0.0000   0.0000  -0.0013   0.0004   0.0000   0.0000
   0.0000   0.0000   0.0000   0.0000   0.0000   0.0000   0.0000   0.0000   0.0000   0.0000   0.0000   0.0000  -0.0000   0.0000
   0.0000   0.0000   0.0000   0.0000   0.0000   0.0000   0.0000   0.0000   0.0000   0.0000   0.0000   0.0000   0.0000  -0.0000
 max error due to symm in r-out =     0.010737
************     z-out-sym  ************
 imp=  1
 real part
   0.9790   0.0026   0.0000   0.0000   0.0000   0.0000   0.0000   0.0000   0.0000   0.0000   0.0000   0.0000   0.0000   0.0000
   0.0026   0.8650   0.0000   0.0000   0.0000   0.0000   0.0000   0.0000   0.0000   0.0000   0.0000   0.0000   0.0000   0.0000
   0.0000   0.0000   0.9790   0.0026   0.0000   0.0000   0.0000   0.0000   0.0000   0.0000   0.0000   0.0000   0.0000   0.0000
   0.0000   0.0000   0.0026   0.8650   0.0000   0.0000   0.0000   0.0000   0.0000   0.0000   0.0000   0.0000   0.0000   0.0000
   0.0000   0.0000   0.0000   0.0000   0.9376  -0.0114   0.0000   0.0000   0.0000   0.0000   0.0000   0.0000   0.0000   0.0000
   0.0000   0.0000   0.0000   0.0000  -0.0114   0.8664   0.0000   0.0000   0.0000   0.0000   0.0000   0.0000   0.0000   0.0000
   0.0000   0.0000   0.0000   0.0000   0.0000   0.0000   0.9376  -0.0114   0.0000   0.0000   0.0000   0.0000   0.0000   0.0000
   0.0000   0.0000   0.0000   0.0000   0.0000   0.0000  -0.0114   0.8664   0.0000   0.0000   0.0000   0.0000   0.0000   0.0000
   0.0000   0.0000   0.0000   0.0000   0.0000   0.0000   0.0000   0.0000   0.9376  -0.0114   0.0000   0.0000   0.0000   0.0000
   0.0000   0.0000   0.0000   0.0000   0.0000   0.0000   0.0000   0.0000  -0.0114   0.8664   0.0000   0.0000   0.0000   0.0000
   0.0000   0.0000   0.0000   0.0000   0.0000   0.0000   0.0000   0.0000   0.0000   0.0000   0.9376  -0.0114   0.0000   0.0000
   0.0000   0.0000   0.0000   0.0000   0.0000   0.0000   0.0000   0.0000   0.0000   0.0000  -0.0114   0.8664   0.0000   0.0000
   0.0000   0.0000   0.0000   0.0000   0.0000   0.0000   0.0000   0.0000   0.0000   0.0000   0.0000   0.0000   0.9423   0.0000
   0.0000   0.0000   0.0000   0.0000   0.0000   0.0000   0.0000   0.0000   0.0000   0.0000   0.0000   0.0000   0.0000   0.9423
 imag part
   0.0000  -0.0013   0.0000   0.0000   0.0000   0.0000   0.0000   0.0000   0.0000   0.0000   0.0000   0.0000   0.0000   0.0000
   0.0013   0.0000   0.0000   0.0000   0.0000   0.0000   0.0000   0.0000   0.0000   0.0000   0.0000   0.0000   0.0000   0.0000
   0.0000   0.0000   0.0000  -0.0013   0.0000   0.0000   0.0000   0.0000   0.0000   0.0000   0.0000   0.0000   0.0000   0.0000
   0.0000   0.0000   0.0013   0.0000   0.0000   0.0000   0.0000   0.0000   0.0000   0.0000   0.0000   0.0000   0.0000   0.0000
   0.0000   0.0000   0.0000   0.0000   0.0000  -0.0022   0.0000   0.0000   0.0000   0.0000   0.0000   0.0000   0.0000   0.0000
   0.0000   0.0000   0.0000   0.0000   0.0022   0.0000   0.0000   0.0000   0.0000   0.0000   0.0000   0.0000   0.0000   0.0000
   0.0000   0.0000   0.0000   0.0000   0.0000   0.0000   0.0000  -0.0022   0.0000   0.0000   0.0000   0.0000   0.0000   0.0000
   0.0000   0.0000   0.0000   0.0000   0.0000   0.0000   0.0022   0.0000   0.0000   0.0000   0.0000   0.0000   0.0000   0.0000
   0.0000   0.0000   0.0000   0.0000   0.0000   0.0000   0.0000   0.0000   0.0000  -0.0022   0.0000   0.0000   0.0000   0.0000
   0.0000   0.0000   0.0000   0.0000   0.0000   0.0000   0.0000   0.0000   0.0022   0.0000   0.0000   0.0000   0.0000   0.0000
   0.0000   0.0000   0.0000   0.0000   0.0000   0.0000   0.0000   0.0000   0.0000   0.0000   0.0000  -0.0022   0.0000   0.0000
   0.0000   0.0000   0.0000   0.0000   0.0000   0.0000   0.0000   0.0000   0.0000   0.0000   0.0022   0.0000   0.0000   0.0000
   0.0000   0.0000   0.0000   0.0000   0.0000   0.0000   0.0000   0.0000   0.0000   0.0000   0.0000   0.0000  -0.0000   0.0000
   0.0000   0.0000   0.0000   0.0000   0.0000   0.0000   0.0000   0.0000   0.0000   0.0000   0.0000   0.0000   0.0000  -0.0000
 imp=  1 eigen values of         z:
    0.9791    0.9791    0.9423    0.9423    0.9394    0.9394    0.9394    0.9394    0.8649    0.8649    0.8646    0.8646    0.8646    0.8646
 e_total_model = 17.5462796
 max nelf diff=    1.40267437 for imp=1
 total number of electrons in simulation: 16.00000
 maximal local symmetrization error =    0.09727
 WARNING: LARGE LOCAL SYMM ERROR!
   YOU ARE USING TOO HIGH SYMMETRY FOR THIS SYSTEM!
 CyGFinal takes    0 h  0 m  0.90 s(cpu).
                   0 h  0 m  1.88 s(wall).
 total number of impurities =    1
 impurity imap indices:
       1
 impurity num_spin_orbitals:
      14
 imp =  1 v2e(1,1,1,1) = .31
 mott localized orbital info:
 i=  1 nsorb= 0 nelect= 0
 ispin_in= 1 iso= 2 ispin= 1 ispo= 2
************     h1e-unsym  ************
 imp=  1
 real part
   2.0738  -0.0054   0.0000   0.0055   0.0113   0.0140   0.0008   0.0138   0.0101  -0.0007  -0.0066   0.0041  -0.0001   0.0000
  -0.0054   2.0686   0.0123  -0.0000   0.0118  -0.0035  -0.0058  -0.0097   0.0199   0.0088   0.0072  -0.0004  -0.0000  -0.0000
   0.0000   0.0123   2.0738   0.0023  -0.0039  -0.0050   0.0015  -0.0147  -0.0047   0.0155  -0.0055   0.0061  -0.0000  -0.0001
   0.0055  -0.0000   0.0023   2.0686  -0.0081   0.0073  -0.0114   0.0081  -0.0039   0.0091   0.0236   0.0070  -0.0000   0.0000
   0.0113   0.0118  -0.0039  -0.0081   2.0837  -0.0016  -0.0036   0.0047  -0.0097   0.0013   0.0084   0.0007   0.0014   0.0038
   0.0140  -0.0035  -0.0050   0.0073  -0.0016   2.0628   0.0035  -0.0120  -0.0005  -0.0015  -0.0016  -0.0047  -0.0020  -0.0141
   0.0008  -0.0058   0.0015  -0.0114  -0.0036   0.0035   2.0902   0.0026   0.0069  -0.0018   0.0125  -0.0035   0.0035  -0.0023
   0.0138  -0.0097  -0.0147   0.0081   0.0047  -0.0120   0.0026   2.0578   0.0026  -0.0027   0.0003  -0.0017  -0.0037   0.0135
   0.0101   0.0199  -0.0047  -0.0039  -0.0097  -0.0005   0.0069   0.0026   2.0803  -0.0044  -0.0018   0.0029   0.0033  -0.0084
  -0.0007   0.0088   0.0155   0.0091   0.0013  -0.0015  -0.0018  -0.0027  -0.0044   2.0474  -0.0040  -0.0057   0.0135  -0.0051
  -0.0066   0.0072  -0.0055   0.0236   0.0084  -0.0016   0.0125   0.0003  -0.0018  -0.0040   2.0812  -0.0021   0.0039   0.0034
   0.0041  -0.0004   0.0061   0.0070   0.0007  -0.0047  -0.0035  -0.0017   0.0029  -0.0057  -0.0021   2.0634  -0.0234  -0.0003
  -0.0001  -0.0000  -0.0000  -0.0000   0.0014  -0.0020   0.0035  -0.0037   0.0033   0.0135   0.0039  -0.0234   2.0557   0.0000
   0.0000  -0.0000  -0.0001   0.0000   0.0038  -0.0141  -0.0023   0.0135  -0.0084  -0.0051   0.0034  -0.0003   0.0000   2.0557
 imag part
   0.0000  -0.0017   0.0000   0.0117  -0.0024   0.0105   0.0024   0.0106   0.0019   0.0128  -0.0072   0.0163  -0.0001   0.0000
   0.0017  -0.0000  -0.0042   0.0000  -0.0150  -0.0005  -0.0118   0.0040   0.0116   0.0046   0.0088  -0.0068   0.0000   0.0000
  -0.0000   0.0042   0.0000   0.0052   0.0061   0.0014   0.0085   0.0081  -0.0090   0.0207  -0.0090  -0.0066   0.0000   0.0001
  -0.0117  -0.0000  -0.0052   0.0000   0.0142  -0.0025  -0.0032   0.0009   0.0137   0.0026  -0.0052  -0.0014  -0.0000   0.0000
   0.0024   0.0150  -0.0061  -0.0142  -0.0000   0.0058   0.0008  -0.0001  -0.0103   0.0000   0.0011   0.0006  -0.0007   0.0090
  -0.0105   0.0005  -0.0014   0.0025  -0.0058  -0.0000   0.0016   0.0016   0.0033  -0.0011  -0.0039  -0.0076   0.0093   0.0241
  -0.0024   0.0118  -0.0085   0.0032  -0.0008  -0.0016   0.0000   0.0031   0.0010   0.0016  -0.0052  -0.0060  -0.0117  -0.0041
  -0.0106  -0.0040  -0.0081  -0.0009   0.0001  -0.0016  -0.0031   0.0000  -0.0024   0.0067   0.0025  -0.0072   0.0120  -0.0177
  -0.0019  -0.0116   0.0090  -0.0137   0.0103  -0.0033  -0.0010   0.0024  -0.0000   0.0025   0.0045   0.0009  -0.0007  -0.0016
  -0.0128  -0.0046  -0.0207  -0.0026  -0.0000   0.0011  -0.0016  -0.0067  -0.0025   0.0000  -0.0009   0.0076  -0.0039  -0.0031
   0.0072  -0.0088   0.0090   0.0052  -0.0011   0.0039   0.0052  -0.0025  -0.0045   0.0009   0.0000  -0.0033  -0.0065   0.0040
  -0.0163   0.0068   0.0066   0.0014  -0.0006   0.0076   0.0060   0.0072  -0.0009  -0.0076   0.0033   0.0000  -0.0181  -0.0033
   0.0001  -0.0000  -0.0000   0.0000   0.0007  -0.0093   0.0117  -0.0120   0.0007   0.0039   0.0065   0.0181  -0.0000  -0.0000
  -0.0000  -0.0000  -0.0001  -0.0000  -0.0090  -0.0241   0.0041   0.0177   0.0016   0.0031  -0.0040   0.0033   0.0000   0.0000
   orbital splitting:
   0.00000  -0.00516  -0.00000  -0.00516   0.00998  -0.01095   0.01649  -0.01593   0.00653  -0.02634   0.00740  -0.01037  -0.01806  -0.01806
 imp=  1 eigen values of h1e-unsym:
    2.1080    2.1080    2.1054    2.1054    2.1009    2.1009    2.1005    2.1005    2.0255    2.0255    2.0212    2.0212    2.0201    2.0201
************       h1e-sym  ************
 imp=  1
 real part
   2.0738  -0.0016   0.0000   0.0000   0.0000   0.0000   0.0000   0.0000   0.0000   0.0000   0.0000   0.0000   0.0000   0.0000
  -0.0016   2.0686   0.0000   0.0000   0.0000   0.0000   0.0000   0.0000   0.0000   0.0000   0.0000   0.0000   0.0000   0.0000
   0.0000   0.0000   2.0738  -0.0016   0.0000   0.0000   0.0000   0.0000   0.0000   0.0000   0.0000   0.0000   0.0000   0.0000
   0.0000   0.0000  -0.0016   2.0686   0.0000   0.0000   0.0000   0.0000   0.0000   0.0000   0.0000   0.0000   0.0000   0.0000
   0.0000   0.0000   0.0000   0.0000   2.0839  -0.0013   0.0000   0.0000   0.0000   0.0000   0.0000   0.0000   0.0000   0.0000
   0.0000   0.0000   0.0000   0.0000  -0.0013   2.0579   0.0000   0.0000   0.0000   0.0000   0.0000   0.0000   0.0000   0.0000
   0.0000   0.0000   0.0000   0.0000   0.0000   0.0000   2.0839  -0.0013   0.0000   0.0000   0.0000   0.0000   0.0000   0.0000
   0.0000   0.0000   0.0000   0.0000   0.0000   0.0000  -0.0013   2.0579   0.0000   0.0000   0.0000   0.0000   0.0000   0.0000
   0.0000   0.0000   0.0000   0.0000   0.0000   0.0000   0.0000   0.0000   2.0839  -0.0013   0.0000   0.0000   0.0000   0.0000
   0.0000   0.0000   0.0000   0.0000   0.0000   0.0000   0.0000   0.0000  -0.0013   2.0579   0.0000   0.0000   0.0000   0.0000
   0.0000   0.0000   0.0000   0.0000   0.0000   0.0000   0.0000   0.0000   0.0000   0.0000   2.0839  -0.0013   0.0000   0.0000
   0.0000   0.0000   0.0000   0.0000   0.0000   0.0000   0.0000   0.0000   0.0000   0.0000  -0.0013   2.0579   0.0000   0.0000
   0.0000   0.0000   0.0000   0.0000   0.0000   0.0000   0.0000   0.0000   0.0000   0.0000   0.0000   0.0000   2.0557   0.0000
   0.0000   0.0000   0.0000   0.0000   0.0000   0.0000   0.0000   0.0000   0.0000   0.0000   0.0000   0.0000   0.0000   2.0557
 imag part
   0.0000   0.0018   0.0000   0.0000   0.0000   0.0000   0.0000   0.0000   0.0000   0.0000   0.0000   0.0000   0.0000   0.0000
  -0.0018   0.0000   0.0000   0.0000   0.0000   0.0000   0.0000   0.0000   0.0000   0.0000   0.0000   0.0000   0.0000   0.0000
   0.0000   0.0000   0.0000   0.0018   0.0000   0.0000   0.0000   0.0000   0.0000   0.0000   0.0000   0.0000   0.0000   0.0000
   0.0000   0.0000  -0.0018   0.0000   0.0000   0.0000   0.0000   0.0000   0.0000   0.0000   0.0000   0.0000   0.0000   0.0000
   0.0000   0.0000   0.0000   0.0000   0.0000   0.0020   0.0000   0.0000   0.0000   0.0000   0.0000   0.0000   0.0000   0.0000
   0.0000   0.0000   0.0000   0.0000  -0.0020   0.0000   0.0000   0.0000   0.0000   0.0000   0.0000   0.0000   0.0000   0.0000
   0.0000   0.0000   0.0000   0.0000   0.0000   0.0000   0.0000   0.0020   0.0000   0.0000   0.0000   0.0000   0.0000   0.0000
   0.0000   0.0000   0.0000   0.0000   0.0000   0.0000  -0.0020   0.0000   0.0000   0.0000   0.0000   0.0000   0.0000   0.0000
   0.0000   0.0000   0.0000   0.0000   0.0000   0.0000   0.0000   0.0000   0.0000   0.0020   0.0000   0.0000   0.0000   0.0000
   0.0000   0.0000   0.0000   0.0000   0.0000   0.0000   0.0000   0.0000  -0.0020   0.0000   0.0000   0.0000   0.0000   0.0000
   0.0000   0.0000   0.0000   0.0000   0.0000   0.0000   0.0000   0.0000   0.0000   0.0000   0.0000   0.0020   0.0000   0.0000
   0.0000   0.0000   0.0000   0.0000   0.0000   0.0000   0.0000   0.0000   0.0000   0.0000  -0.0020   0.0000   0.0000   0.0000
   0.0000   0.0000   0.0000   0.0000   0.0000   0.0000   0.0000   0.0000   0.0000   0.0000   0.0000   0.0000   0.0000   0.0000
   0.0000   0.0000   0.0000   0.0000   0.0000   0.0000   0.0000   0.0000   0.0000   0.0000   0.0000   0.0000   0.0000   0.0000
   orbital splitting:
   0.00000  -0.00516   0.00000  -0.00516   0.01010  -0.01590   0.01010  -0.01590   0.01010  -0.01590   0.01010  -0.01590  -0.01806  -0.01806
 imp=  1 eigen values of   h1e-sym:
    2.0841    2.0841    2.0841    2.0841    2.0747    2.0747    2.0677    2.0677    2.0576    2.0576    2.0576    2.0576    2.0557    2.0557
 max error due to symm in h1e =     0.029602
************     h1u-unsym  ************
 imp=  1
 real part
   2.0738  -0.0054   0.0000   0.0055   0.0113   0.0140   0.0008   0.0138   0.0101  -0.0007  -0.0066   0.0041  -0.0001   0.0000
  -0.0054   2.0686   0.0123  -0.0000   0.0118  -0.0035  -0.0058  -0.0097   0.0199   0.0088   0.0072  -0.0004  -0.0000  -0.0000
   0.0000   0.0123   2.0738   0.0023  -0.0039  -0.0050   0.0015  -0.0147  -0.0047   0.0155  -0.0055   0.0061  -0.0000  -0.0001
   0.0055  -0.0000   0.0023   2.0686  -0.0081   0.0073  -0.0114   0.0081  -0.0039   0.0091   0.0236   0.0070  -0.0000   0.0000
   0.0113   0.0118  -0.0039  -0.0081   2.0837  -0.0016  -0.0036   0.0047  -0.0097   0.0013   0.0084   0.0007   0.0014   0.0038
   0.0140  -0.0035  -0.0050   0.0073  -0.0016   2.0628   0.0035  -0.0120  -0.0005  -0.0015  -0.0016  -0.0047  -0.0020  -0.0141
   0.0008  -0.0058   0.0015  -0.0114  -0.0036   0.0035   2.0902   0.0026   0.0069  -0.0018   0.0125  -0.0035   0.0035  -0.0023
   0.0138  -0.0097  -0.0147   0.0081   0.0047  -0.0120   0.0026   2.0578   0.0026  -0.0027   0.0003  -0.0017  -0.0037   0.0135
   0.0101   0.0199  -0.0047  -0.0039  -0.0097  -0.0005   0.0069   0.0026   2.0803  -0.0044  -0.0018   0.0029   0.0033  -0.0084
  -0.0007   0.0088   0.0155   0.0091   0.0013  -0.0015  -0.0018  -0.0027  -0.0044   2.0474  -0.0040  -0.0057   0.0135  -0.0051
  -0.0066   0.0072  -0.0055   0.0236   0.0084  -0.0016   0.0125   0.0003  -0.0018  -0.0040   2.0812  -0.0021   0.0039   0.0034
   0.0041  -0.0004   0.0061   0.0070   0.0007  -0.0047  -0.0035  -0.0017   0.0029  -0.0057  -0.0021   2.0634  -0.0234  -0.0003
  -0.0001  -0.0000  -0.0000  -0.0000   0.0014  -0.0020   0.0035  -0.0037   0.0033   0.0135   0.0039  -0.0234   2.0557   0.0000
   0.0000  -0.0000  -0.0001   0.0000   0.0038  -0.0141  -0.0023   0.0135  -0.0084  -0.0051   0.0034  -0.0003   0.0000   2.0557
 imag part
   0.0000  -0.0017   0.0000   0.0117  -0.0024   0.0105   0.0024   0.0106   0.0019   0.0128  -0.0072   0.0163  -0.0001   0.0000
   0.0017  -0.0000  -0.0042   0.0000  -0.0150  -0.0005  -0.0118   0.0040   0.0116   0.0046   0.0088  -0.0068   0.0000   0.0000
  -0.0000   0.0042   0.0000   0.0052   0.0061   0.0014   0.0085   0.0081  -0.0090   0.0207  -0.0090  -0.0066   0.0000   0.0001
  -0.0117  -0.0000  -0.0052   0.0000   0.0142  -0.0025  -0.0032   0.0009   0.0137   0.0026  -0.0052  -0.0014  -0.0000   0.0000
   0.0024   0.0150  -0.0061  -0.0142  -0.0000   0.0058   0.0008  -0.0001  -0.0103   0.0000   0.0011   0.0006  -0.0007   0.0090
  -0.0105   0.0005  -0.0014   0.0025  -0.0058  -0.0000   0.0016   0.0016   0.0033  -0.0011  -0.0039  -0.0076   0.0093   0.0241
  -0.0024   0.0118  -0.0085   0.0032  -0.0008  -0.0016   0.0000   0.0031   0.0010   0.0016  -0.0052  -0.0060  -0.0117  -0.0041
  -0.0106  -0.0040  -0.0081  -0.0009   0.0001  -0.0016  -0.0031   0.0000  -0.0024   0.0067   0.0025  -0.0072   0.0120  -0.0177
  -0.0019  -0.0116   0.0090  -0.0137   0.0103  -0.0033  -0.0010   0.0024  -0.0000   0.0025   0.0045   0.0009  -0.0007  -0.0016
  -0.0128  -0.0046  -0.0207  -0.0026  -0.0000   0.0011  -0.0016  -0.0067  -0.0025   0.0000  -0.0009   0.0076  -0.0039  -0.0031
   0.0072  -0.0088   0.0090   0.0052  -0.0011   0.0039   0.0052  -0.0025  -0.0045   0.0009   0.0000  -0.0033  -0.0065   0.0040
  -0.0163   0.0068   0.0066   0.0014  -0.0006   0.0076   0.0060   0.0072  -0.0009  -0.0076   0.0033   0.0000  -0.0181  -0.0033
   0.0001  -0.0000  -0.0000   0.0000   0.0007  -0.0093   0.0117  -0.0120   0.0007   0.0039   0.0065   0.0181  -0.0000  -0.0000
  -0.0000  -0.0000  -0.0001  -0.0000  -0.0090  -0.0241   0.0041   0.0177   0.0016   0.0031  -0.0040   0.0033   0.0000   0.0000
   orbital splitting:
   0.00000  -0.00516  -0.00000  -0.00516   0.00998  -0.01095   0.01649  -0.01593   0.00653  -0.02634   0.00740  -0.01037  -0.01806  -0.01806
 imp=  1 eigen values of h1u-unsym:
    2.1080    2.1080    2.1054    2.1054    2.1009    2.1009    2.1005    2.1005    2.0255    2.0255    2.0212    2.0212    2.0201    2.0201
************       h1u-sym  ************
 imp=  1
 real part
   2.0738  -0.0016   0.0000   0.0000   0.0000   0.0000   0.0000   0.0000   0.0000   0.0000   0.0000   0.0000   0.0000   0.0000
  -0.0016   2.0686   0.0000   0.0000   0.0000   0.0000   0.0000   0.0000   0.0000   0.0000   0.0000   0.0000   0.0000   0.0000
   0.0000   0.0000   2.0738  -0.0016   0.0000   0.0000   0.0000   0.0000   0.0000   0.0000   0.0000   0.0000   0.0000   0.0000
   0.0000   0.0000  -0.0016   2.0686   0.0000   0.0000   0.0000   0.0000   0.0000   0.0000   0.0000   0.0000   0.0000   0.0000
   0.0000   0.0000   0.0000   0.0000   2.0839  -0.0013   0.0000   0.0000   0.0000   0.0000   0.0000   0.0000   0.0000   0.0000
   0.0000   0.0000   0.0000   0.0000  -0.0013   2.0579   0.0000   0.0000   0.0000   0.0000   0.0000   0.0000   0.0000   0.0000
   0.0000   0.0000   0.0000   0.0000   0.0000   0.0000   2.0839  -0.0013   0.0000   0.0000   0.0000   0.0000   0.0000   0.0000
   0.0000   0.0000   0.0000   0.0000   0.0000   0.0000  -0.0013   2.0579   0.0000   0.0000   0.0000   0.0000   0.0000   0.0000
   0.0000   0.0000   0.0000   0.0000   0.0000   0.0000   0.0000   0.0000   2.0839  -0.0013   0.0000   0.0000   0.0000   0.0000
   0.0000   0.0000   0.0000   0.0000   0.0000   0.0000   0.0000   0.0000  -0.0013   2.0579   0.0000   0.0000   0.0000   0.0000
   0.0000   0.0000   0.0000   0.0000   0.0000   0.0000   0.0000   0.0000   0.0000   0.0000   2.0839  -0.0013   0.0000   0.0000
   0.0000   0.0000   0.0000   0.0000   0.0000   0.0000   0.0000   0.0000   0.0000   0.0000  -0.0013   2.0579   0.0000   0.0000
   0.0000   0.0000   0.0000   0.0000   0.0000   0.0000   0.0000   0.0000   0.0000   0.0000   0.0000   0.0000   2.0557   0.0000
   0.0000   0.0000   0.0000   0.0000   0.0000   0.0000   0.0000   0.0000   0.0000   0.0000   0.0000   0.0000   0.0000   2.0557
 imag part
   0.0000   0.0018   0.0000   0.0000   0.0000   0.0000   0.0000   0.0000   0.0000   0.0000   0.0000   0.0000   0.0000   0.0000
  -0.0018   0.0000   0.0000   0.0000   0.0000   0.0000   0.0000   0.0000   0.0000   0.0000   0.0000   0.0000   0.0000   0.0000
   0.0000   0.0000   0.0000   0.0018   0.0000   0.0000   0.0000   0.0000   0.0000   0.0000   0.0000   0.0000   0.0000   0.0000
   0.0000   0.0000  -0.0018   0.0000   0.0000   0.0000   0.0000   0.0000   0.0000   0.0000   0.0000   0.0000   0.0000   0.0000
   0.0000   0.0000   0.0000   0.0000   0.0000   0.0020   0.0000   0.0000   0.0000   0.0000   0.0000   0.0000   0.0000   0.0000
   0.0000   0.0000   0.0000   0.0000  -0.0020   0.0000   0.0000   0.0000   0.0000   0.0000   0.0000   0.0000   0.0000   0.0000
   0.0000   0.0000   0.0000   0.0000   0.0000   0.0000   0.0000   0.0020   0.0000   0.0000   0.0000   0.0000   0.0000   0.0000
   0.0000   0.0000   0.0000   0.0000   0.0000   0.0000  -0.0020   0.0000   0.0000   0.0000   0.0000   0.0000   0.0000   0.0000
   0.0000   0.0000   0.0000   0.0000   0.0000   0.0000   0.0000   0.0000   0.0000   0.0020   0.0000   0.0000   0.0000   0.0000
   0.0000   0.0000   0.0000   0.0000   0.0000   0.0000   0.0000   0.0000  -0.0020   0.0000   0.0000   0.0000   0.0000   0.0000
   0.0000   0.0000   0.0000   0.0000   0.0000   0.0000   0.0000   0.0000   0.0000   0.0000   0.0000   0.0020   0.0000   0.0000
   0.0000   0.0000   0.0000   0.0000   0.0000   0.0000   0.0000   0.0000   0.0000   0.0000  -0.0020   0.0000   0.0000   0.0000
   0.0000   0.0000   0.0000   0.0000   0.0000   0.0000   0.0000   0.0000   0.0000   0.0000   0.0000   0.0000   0.0000   0.0000
   0.0000   0.0000   0.0000   0.0000   0.0000   0.0000   0.0000   0.0000   0.0000   0.0000   0.0000   0.0000   0.0000   0.0000
   orbital splitting:
   0.00000  -0.00516   0.00000  -0.00516   0.01010  -0.01590   0.01010  -0.01590   0.01010  -0.01590   0.01010  -0.01590  -0.01806  -0.01806
 imp=  1 eigen values of   h1u-sym:
    2.0841    2.0841    2.0841    2.0841    2.0747    2.0747    2.0677    2.0677    2.0576    2.0576    2.0576    2.0576    2.0557    2.0557
 max error due to symm in h1u =     0.029602
 min/max(this%ne(1,:,:))=      40      48
 min/max(this%ne(2,:,:))=       9       9
 min/max(this%ne(3,:,:))=      26      34
 brillouin zone integration: ismear=-5 with delta=.00000
 this%nmax=  48
 valence electrons: total=    16.0
         correlated block=     8.0
 bz integration with tetra method, icor= 1
 equal occupancy of degenerate states, tol= 0.1E-05
 standard FLL dc with dc only updated at the electron density cycles.
 input nelf tot:
           6.647
 input nelf spin-resolved:
           3.323     3.323
 average hubbard u list:
           0.294
 average hund j list:
           0.026
************          r-in  ************
 imp=  1
 real part
   0.9785   0.0049   0.0000   0.0000   0.0000   0.0000   0.0000   0.0000   0.0000   0.0000   0.0000   0.0000   0.0000   0.0000
  -0.0025   0.9307   0.0000   0.0000   0.0000   0.0000   0.0000   0.0000   0.0000   0.0000   0.0000   0.0000   0.0000   0.0000
   0.0000   0.0000   0.9785   0.0049   0.0000   0.0000   0.0000   0.0000   0.0000   0.0000   0.0000   0.0000   0.0000   0.0000
   0.0000   0.0000  -0.0025   0.9307   0.0000   0.0000   0.0000   0.0000   0.0000   0.0000   0.0000   0.0000   0.0000   0.0000
   0.0000   0.0000   0.0000   0.0000   0.9603  -0.0070   0.0000   0.0000   0.0000   0.0000   0.0000   0.0000   0.0000   0.0000
   0.0000   0.0000   0.0000   0.0000  -0.0025   0.9310   0.0000   0.0000   0.0000   0.0000   0.0000   0.0000   0.0000   0.0000
   0.0000   0.0000   0.0000   0.0000   0.0000   0.0000   0.9603  -0.0070   0.0000   0.0000   0.0000   0.0000   0.0000   0.0000
   0.0000   0.0000   0.0000   0.0000   0.0000   0.0000  -0.0025   0.9310   0.0000   0.0000   0.0000   0.0000   0.0000   0.0000
   0.0000   0.0000   0.0000   0.0000   0.0000   0.0000   0.0000   0.0000   0.9603  -0.0070   0.0000   0.0000   0.0000   0.0000
   0.0000   0.0000   0.0000   0.0000   0.0000   0.0000   0.0000   0.0000  -0.0025   0.9310   0.0000   0.0000   0.0000   0.0000
   0.0000   0.0000   0.0000   0.0000   0.0000   0.0000   0.0000   0.0000   0.0000   0.0000   0.9603  -0.0070   0.0000   0.0000
   0.0000   0.0000   0.0000   0.0000   0.0000   0.0000   0.0000   0.0000   0.0000   0.0000  -0.0025   0.9310   0.0000   0.0000
   0.0000   0.0000   0.0000   0.0000   0.0000   0.0000   0.0000   0.0000   0.0000   0.0000   0.0000   0.0000   0.9626   0.0000
   0.0000   0.0000   0.0000   0.0000   0.0000   0.0000   0.0000   0.0000   0.0000   0.0000   0.0000   0.0000   0.0000   0.9626
 imag part
   0.0001  -0.0050   0.0000   0.0000   0.0000   0.0000   0.0000   0.0000   0.0000   0.0000   0.0000   0.0000   0.0000   0.0000
  -0.0036  -0.0001   0.0000   0.0000   0.0000   0.0000   0.0000   0.0000   0.0000   0.0000   0.0000   0.0000   0.0000   0.0000
   0.0000   0.0000   0.0001  -0.0050   0.0000   0.0000   0.0000   0.0000   0.0000   0.0000   0.0000   0.0000   0.0000   0.0000
   0.0000   0.0000  -0.0036  -0.0001   0.0000   0.0000   0.0000   0.0000   0.0000   0.0000   0.0000   0.0000   0.0000   0.0000
   0.0000   0.0000   0.0000   0.0000  -0.0002  -0.0027   0.0000   0.0000   0.0000   0.0000   0.0000   0.0000   0.0000   0.0000
   0.0000   0.0000   0.0000   0.0000  -0.0008   0.0003   0.0000   0.0000   0.0000   0.0000   0.0000   0.0000   0.0000   0.0000
   0.0000   0.0000   0.0000   0.0000   0.0000   0.0000  -0.0002  -0.0027   0.0000   0.0000   0.0000   0.0000   0.0000   0.0000
   0.0000   0.0000   0.0000   0.0000   0.0000   0.0000  -0.0008   0.0003   0.0000   0.0000   0.0000   0.0000   0.0000   0.0000
   0.0000   0.0000   0.0000   0.0000   0.0000   0.0000   0.0000   0.0000  -0.0002  -0.0027   0.0000   0.0000   0.0000   0.0000
   0.0000   0.0000   0.0000   0.0000   0.0000   0.0000   0.0000   0.0000  -0.0008   0.0003   0.0000   0.0000   0.0000   0.0000
   0.0000   0.0000   0.0000   0.0000   0.0000   0.0000   0.0000   0.0000   0.0000   0.0000  -0.0002  -0.0027   0.0000   0.0000
   0.0000   0.0000   0.0000   0.0000   0.0000   0.0000   0.0000   0.0000   0.0000   0.0000  -0.0008   0.0003   0.0000   0.0000
   0.0000   0.0000   0.0000   0.0000   0.0000   0.0000   0.0000   0.0000   0.0000   0.0000   0.0000   0.0000  -0.0000   0.0000
   0.0000   0.0000   0.0000   0.0000   0.0000   0.0000   0.0000   0.0000   0.0000   0.0000   0.0000   0.0000   0.0000  -0.0000
************        la1-in  ************
 imp=  1
 real part
   2.0659  -0.0016   0.0000   0.0000   0.0000   0.0000   0.0000   0.0000   0.0000   0.0000   0.0000   0.0000   0.0000   0.0000
  -0.0016   2.0583   0.0000   0.0000   0.0000   0.0000   0.0000   0.0000   0.0000   0.0000   0.0000   0.0000   0.0000   0.0000
   0.0000   0.0000   2.0659  -0.0016   0.0000   0.0000   0.0000   0.0000   0.0000   0.0000   0.0000   0.0000   0.0000   0.0000
   0.0000   0.0000  -0.0016   2.0583   0.0000   0.0000   0.0000   0.0000   0.0000   0.0000   0.0000   0.0000   0.0000   0.0000
   0.0000   0.0000   0.0000   0.0000   2.0756  -0.0016   0.0000   0.0000   0.0000   0.0000   0.0000   0.0000   0.0000   0.0000
   0.0000   0.0000   0.0000   0.0000  -0.0016   2.0479   0.0000   0.0000   0.0000   0.0000   0.0000   0.0000   0.0000   0.0000
   0.0000   0.0000   0.0000   0.0000   0.0000   0.0000   2.0756  -0.0016   0.0000   0.0000   0.0000   0.0000   0.0000   0.0000
   0.0000   0.0000   0.0000   0.0000   0.0000   0.0000  -0.0016   2.0479   0.0000   0.0000   0.0000   0.0000   0.0000   0.0000
   0.0000   0.0000   0.0000   0.0000   0.0000   0.0000   0.0000   0.0000   2.0756  -0.0016   0.0000   0.0000   0.0000   0.0000
   0.0000   0.0000   0.0000   0.0000   0.0000   0.0000   0.0000   0.0000  -0.0016   2.0479   0.0000   0.0000   0.0000   0.0000
   0.0000   0.0000   0.0000   0.0000   0.0000   0.0000   0.0000   0.0000   0.0000   0.0000   2.0756  -0.0016   0.0000   0.0000
   0.0000   0.0000   0.0000   0.0000   0.0000   0.0000   0.0000   0.0000   0.0000   0.0000  -0.0016   2.0479   0.0000   0.0000
   0.0000   0.0000   0.0000   0.0000   0.0000   0.0000   0.0000   0.0000   0.0000   0.0000   0.0000   0.0000   2.0470   0.0000
   0.0000   0.0000   0.0000   0.0000   0.0000   0.0000   0.0000   0.0000   0.0000   0.0000   0.0000   0.0000   0.0000   2.0470
 imag part
   0.0000   0.0018   0.0000   0.0000   0.0000   0.0000   0.0000   0.0000   0.0000   0.0000   0.0000   0.0000   0.0000   0.0000
  -0.0018   0.0000   0.0000   0.0000   0.0000   0.0000   0.0000   0.0000   0.0000   0.0000   0.0000   0.0000   0.0000   0.0000
   0.0000   0.0000   0.0000   0.0018   0.0000   0.0000   0.0000   0.0000   0.0000   0.0000   0.0000   0.0000   0.0000   0.0000
   0.0000   0.0000  -0.0018   0.0000   0.0000   0.0000   0.0000   0.0000   0.0000   0.0000   0.0000   0.0000   0.0000   0.0000
   0.0000   0.0000   0.0000   0.0000   0.0000   0.0019   0.0000   0.0000   0.0000   0.0000   0.0000   0.0000   0.0000   0.0000
   0.0000   0.0000   0.0000   0.0000  -0.0019   0.0000   0.0000   0.0000   0.0000   0.0000   0.0000   0.0000   0.0000   0.0000
   0.0000   0.0000   0.0000   0.0000   0.0000   0.0000   0.0000   0.0019   0.0000   0.0000   0.0000   0.0000   0.0000   0.0000
   0.0000   0.0000   0.0000   0.0000   0.0000   0.0000  -0.0019   0.0000   0.0000   0.0000   0.0000   0.0000   0.0000   0.0000
   0.0000   0.0000   0.0000   0.0000   0.0000   0.0000   0.0000   0.0000   0.0000   0.0019   0.0000   0.0000   0.0000   0.0000
   0.0000   0.0000   0.0000   0.0000   0.0000   0.0000   0.0000   0.0000  -0.0019   0.0000   0.0000   0.0000   0.0000   0.0000
   0.0000   0.0000   0.0000   0.0000   0.0000   0.0000   0.0000   0.0000   0.0000   0.0000   0.0000   0.0019   0.0000   0.0000
   0.0000   0.0000   0.0000   0.0000   0.0000   0.0000   0.0000   0.0000   0.0000   0.0000  -0.0019   0.0000   0.0000   0.0000
   0.0000   0.0000   0.0000   0.0000   0.0000   0.0000   0.0000   0.0000   0.0000   0.0000   0.0000   0.0000   0.0000   0.0000
   0.0000   0.0000   0.0000   0.0000   0.0000   0.0000   0.0000   0.0000   0.0000   0.0000   0.0000   0.0000   0.0000   0.0000
 calc_band_all takes    0 h  0 m  0.03 s(cpu).
                        0 h  0 m  0.03 s(wall).
 iloop            1
 iloop            2
   fermi energy at    2.0140220247839533     
   sum rule of tetrahedron integration checked 
   number of occupied bands:          18
   highest energy:   2.0385270068956367     
 gutz fermi level=      2.01402202
************     nks-unsym  ************
 imp=  1
 real part
   0.2475  -0.0212  -0.0003   0.0181   0.0001   0.0058  -0.0024   0.0051   0.0040   0.0023  -0.0033  -0.0062  -0.0024   0.0010
  -0.0212   0.4542   0.0591  -0.0005  -0.0015  -0.0288   0.0072   0.0365   0.0173  -0.0169   0.0064   0.0166   0.0023  -0.0046
  -0.0003   0.0591   0.2470   0.0121  -0.0006  -0.0090   0.0028   0.0023  -0.0041   0.0050  -0.0004   0.0001  -0.0010  -0.0025
   0.0181  -0.0005   0.0121   0.4539  -0.0134  -0.0185   0.0163  -0.0279   0.0104   0.0016   0.0456  -0.0179  -0.0075   0.0040
   0.0001  -0.0015  -0.0006  -0.0134   0.3406   0.0730  -0.0067   0.0254   0.0137  -0.0061   0.0021  -0.0205   0.0112  -0.0042
   0.0058  -0.0288  -0.0090  -0.0185   0.0730   0.4598  -0.0218   0.0068   0.0613  -0.0050  -0.0213  -0.0045  -0.0051  -0.0027
  -0.0024   0.0072   0.0028   0.0163  -0.0067  -0.0218   0.3562   0.0077   0.0023   0.0837  -0.0109   0.0336   0.0082  -0.0126
   0.0051   0.0365   0.0023  -0.0279   0.0254   0.0068   0.0077   0.4425   0.0166   0.0071  -0.0484  -0.0062  -0.0043   0.0100
   0.0040   0.0173  -0.0041   0.0104   0.0137   0.0613   0.0023   0.0166   0.3435  -0.0097  -0.0044  -0.0007   0.0179  -0.0157
   0.0023  -0.0169   0.0050   0.0016  -0.0061  -0.0050   0.0837   0.0071  -0.0097   0.4675  -0.0665   0.0084   0.0022  -0.0004
  -0.0033   0.0064  -0.0004   0.0456   0.0021  -0.0213  -0.0109  -0.0484  -0.0044  -0.0665   0.3392  -0.0024  -0.0028   0.0141
  -0.0062   0.0166   0.0001  -0.0179  -0.0205  -0.0045   0.0336  -0.0062  -0.0007   0.0084  -0.0024   0.4470  -0.0116  -0.0023
  -0.0024   0.0023  -0.0010  -0.0075   0.0112  -0.0051   0.0082  -0.0043   0.0179   0.0022  -0.0028  -0.0116   0.3489  -0.0000
   0.0010  -0.0046  -0.0025   0.0040  -0.0042  -0.0027  -0.0126   0.0100  -0.0157  -0.0004   0.0141  -0.0023  -0.0000   0.3492
 imag part
   0.0000   0.0186   0.0001  -0.0648  -0.0002  -0.0020  -0.0056   0.0037  -0.0009  -0.0065  -0.0044  -0.0025   0.0021  -0.0006
  -0.0186  -0.0000   0.0319   0.0007   0.0402  -0.0047   0.0143   0.0088  -0.0340   0.0043   0.0069  -0.0162  -0.0028  -0.0081
  -0.0001  -0.0319   0.0000  -0.0230   0.0041   0.0031  -0.0051  -0.0034  -0.0028  -0.0056   0.0023  -0.0014  -0.0003  -0.0022
   0.0648  -0.0007   0.0230   0.0000  -0.0229  -0.0093  -0.0103   0.0160  -0.0143   0.0088  -0.0025  -0.0357  -0.0067  -0.0011
   0.0002  -0.0402  -0.0041   0.0229   0.0000   0.0154  -0.0027  -0.0348   0.0027   0.0065  -0.0098  -0.0446  -0.0055  -0.0173
   0.0020   0.0047  -0.0031   0.0093  -0.0154  -0.0000   0.0214   0.0072   0.0230   0.0059  -0.0442  -0.0127  -0.0033  -0.0067
   0.0056  -0.0143   0.0051   0.0103   0.0027  -0.0214   0.0000   0.0146   0.0057   0.0488  -0.0058  -0.0393   0.0284   0.0141
  -0.0037  -0.0088   0.0034  -0.0160   0.0348  -0.0072  -0.0146   0.0000  -0.0475  -0.0020  -0.0057  -0.0074  -0.0043   0.0080
   0.0009   0.0340   0.0028   0.0143  -0.0027  -0.0230  -0.0057   0.0475  -0.0000  -0.0245  -0.0108  -0.0563  -0.0042  -0.0071
   0.0065  -0.0043   0.0056  -0.0088  -0.0065  -0.0059  -0.0488   0.0020   0.0245   0.0000  -0.0112  -0.0059  -0.0042  -0.0043
   0.0044  -0.0069  -0.0023   0.0025   0.0098   0.0442   0.0058   0.0057   0.0108   0.0112   0.0000  -0.0205   0.0055  -0.0167
   0.0025   0.0162   0.0014   0.0357   0.0446   0.0127   0.0393   0.0074   0.0563   0.0059   0.0205  -0.0000   0.0027   0.0020
  -0.0021   0.0028   0.0003   0.0067   0.0055   0.0033  -0.0284   0.0043   0.0042   0.0042  -0.0055  -0.0027  -0.0000  -0.0000
   0.0006   0.0081   0.0022   0.0011   0.0173   0.0067  -0.0141  -0.0080   0.0071   0.0043   0.0167  -0.0020   0.0000   0.0000
   sub_tot=  5.297039  0.000000
 imp=  1 eigen values of nks-unsym:
    0.5695    0.5618    0.5465    0.5448    0.4135    0.4095    0.3499    0.3493    0.2922    0.2891    0.2665    0.2608    0.2219    0.2215
************       nks-sym  ************
 imp=  1
 real part
   0.2472  -0.0046   0.0000   0.0000   0.0000   0.0000   0.0000   0.0000   0.0000   0.0000   0.0000   0.0000   0.0000   0.0000
  -0.0046   0.4541   0.0000   0.0000   0.0000   0.0000   0.0000   0.0000   0.0000   0.0000   0.0000   0.0000   0.0000   0.0000
   0.0000   0.0000   0.2472  -0.0046   0.0000   0.0000   0.0000   0.0000   0.0000   0.0000   0.0000   0.0000   0.0000   0.0000
   0.0000   0.0000  -0.0046   0.4541   0.0000   0.0000   0.0000   0.0000   0.0000   0.0000   0.0000   0.0000   0.0000   0.0000
   0.0000   0.0000   0.0000   0.0000   0.3449   0.0171   0.0000   0.0000   0.0000   0.0000   0.0000   0.0000   0.0000   0.0000
   0.0000   0.0000   0.0000   0.0000   0.0171   0.4542   0.0000   0.0000   0.0000   0.0000   0.0000   0.0000   0.0000   0.0000
   0.0000   0.0000   0.0000   0.0000   0.0000   0.0000   0.3449   0.0171   0.0000   0.0000   0.0000   0.0000   0.0000   0.0000
   0.0000   0.0000   0.0000   0.0000   0.0000   0.0000   0.0171   0.4542   0.0000   0.0000   0.0000   0.0000   0.0000   0.0000
   0.0000   0.0000   0.0000   0.0000   0.0000   0.0000   0.0000   0.0000   0.3449   0.0171   0.0000   0.0000   0.0000   0.0000
   0.0000   0.0000   0.0000   0.0000   0.0000   0.0000   0.0000   0.0000   0.0171   0.4542   0.0000   0.0000   0.0000   0.0000
   0.0000   0.0000   0.0000   0.0000   0.0000   0.0000   0.0000   0.0000   0.0000   0.0000   0.3449   0.0171   0.0000   0.0000
   0.0000   0.0000   0.0000   0.0000   0.0000   0.0000   0.0000   0.0000   0.0000   0.0000   0.0171   0.4542   0.0000   0.0000
   0.0000   0.0000   0.0000   0.0000   0.0000   0.0000   0.0000   0.0000   0.0000   0.0000   0.0000   0.0000   0.3491   0.0000
   0.0000   0.0000   0.0000   0.0000   0.0000   0.0000   0.0000   0.0000   0.0000   0.0000   0.0000   0.0000   0.0000   0.3491
 imag part
   0.0000  -0.0022   0.0000   0.0000   0.0000   0.0000   0.0000   0.0000   0.0000   0.0000   0.0000   0.0000   0.0000   0.0000
   0.0022   0.0000   0.0000   0.0000   0.0000   0.0000   0.0000   0.0000   0.0000   0.0000   0.0000   0.0000   0.0000   0.0000
   0.0000   0.0000   0.0000  -0.0022   0.0000   0.0000   0.0000   0.0000   0.0000   0.0000   0.0000   0.0000   0.0000   0.0000
   0.0000   0.0000   0.0022   0.0000   0.0000   0.0000   0.0000   0.0000   0.0000   0.0000   0.0000   0.0000   0.0000   0.0000
   0.0000   0.0000   0.0000   0.0000   0.0000  -0.0038   0.0000   0.0000   0.0000   0.0000   0.0000   0.0000   0.0000   0.0000
   0.0000   0.0000   0.0000   0.0000   0.0038   0.0000   0.0000   0.0000   0.0000   0.0000   0.0000   0.0000   0.0000   0.0000
   0.0000   0.0000   0.0000   0.0000   0.0000   0.0000   0.0000  -0.0038   0.0000   0.0000   0.0000   0.0000   0.0000   0.0000
   0.0000   0.0000   0.0000   0.0000   0.0000   0.0000   0.0038   0.0000   0.0000   0.0000   0.0000   0.0000   0.0000   0.0000
   0.0000   0.0000   0.0000   0.0000   0.0000   0.0000   0.0000   0.0000   0.0000  -0.0038   0.0000   0.0000   0.0000   0.0000
   0.0000   0.0000   0.0000   0.0000   0.0000   0.0000   0.0000   0.0000   0.0038   0.0000   0.0000   0.0000   0.0000   0.0000
   0.0000   0.0000   0.0000   0.0000   0.0000   0.0000   0.0000   0.0000   0.0000   0.0000   0.0000  -0.0038   0.0000   0.0000
   0.0000   0.0000   0.0000   0.0000   0.0000   0.0000   0.0000   0.0000   0.0000   0.0000   0.0038   0.0000   0.0000   0.0000
   0.0000   0.0000   0.0000   0.0000   0.0000   0.0000   0.0000   0.0000   0.0000   0.0000   0.0000   0.0000   0.0000   0.0000
   0.0000   0.0000   0.0000   0.0000   0.0000   0.0000   0.0000   0.0000   0.0000   0.0000   0.0000   0.0000   0.0000   0.0000
   sub_tot=  5.297039  0.000000
 max error due to symm in nks =     0.096862
 imp=  1 eigen values of   nks-sym:
    0.4570    0.4570    0.4570    0.4570    0.4542    0.4542    0.3491    0.3491    0.3421    0.3421    0.3421    0.3421    0.2471    0.2471
************    isimix-var  ************
 imp=  1
 real part
   2.3183   0.0068   0.0000   0.0000   0.0000   0.0000   0.0000   0.0000   0.0000   0.0000   0.0000   0.0000   0.0000   0.0000
   0.0068   2.0086   0.0000   0.0000   0.0000   0.0000   0.0000   0.0000   0.0000   0.0000   0.0000   0.0000   0.0000   0.0000
   0.0000   0.0000   2.3183   0.0068   0.0000   0.0000   0.0000   0.0000   0.0000   0.0000   0.0000   0.0000   0.0000   0.0000
   0.0000   0.0000   0.0068   2.0086   0.0000   0.0000   0.0000   0.0000   0.0000   0.0000   0.0000   0.0000   0.0000   0.0000
   0.0000   0.0000   0.0000   0.0000   2.1054  -0.0150   0.0000   0.0000   0.0000   0.0000   0.0000   0.0000   0.0000   0.0000
   0.0000   0.0000   0.0000   0.0000  -0.0150   2.0099   0.0000   0.0000   0.0000   0.0000   0.0000   0.0000   0.0000   0.0000
   0.0000   0.0000   0.0000   0.0000   0.0000   0.0000   2.1054  -0.0150   0.0000   0.0000   0.0000   0.0000   0.0000   0.0000
   0.0000   0.0000   0.0000   0.0000   0.0000   0.0000  -0.0150   2.0099   0.0000   0.0000   0.0000   0.0000   0.0000   0.0000
   0.0000   0.0000   0.0000   0.0000   0.0000   0.0000   0.0000   0.0000   2.1054  -0.0150   0.0000   0.0000   0.0000   0.0000
   0.0000   0.0000   0.0000   0.0000   0.0000   0.0000   0.0000   0.0000  -0.0150   2.0099   0.0000   0.0000   0.0000   0.0000
   0.0000   0.0000   0.0000   0.0000   0.0000   0.0000   0.0000   0.0000   0.0000   0.0000   2.1054  -0.0150   0.0000   0.0000
   0.0000   0.0000   0.0000   0.0000   0.0000   0.0000   0.0000   0.0000   0.0000   0.0000  -0.0150   2.0099   0.0000   0.0000
   0.0000   0.0000   0.0000   0.0000   0.0000   0.0000   0.0000   0.0000   0.0000   0.0000   0.0000   0.0000   2.0979   0.0000
   0.0000   0.0000   0.0000   0.0000   0.0000   0.0000   0.0000   0.0000   0.0000   0.0000   0.0000   0.0000   0.0000   2.0979
 imag part
   0.0000   0.0033   0.0000   0.0000   0.0000   0.0000   0.0000   0.0000   0.0000   0.0000   0.0000   0.0000   0.0000   0.0000
  -0.0033   0.0000   0.0000   0.0000   0.0000   0.0000   0.0000   0.0000   0.0000   0.0000   0.0000   0.0000   0.0000   0.0000
   0.0000   0.0000   0.0000   0.0033   0.0000   0.0000   0.0000   0.0000   0.0000   0.0000   0.0000   0.0000   0.0000   0.0000
   0.0000   0.0000  -0.0033   0.0000   0.0000   0.0000   0.0000   0.0000   0.0000   0.0000   0.0000   0.0000   0.0000   0.0000
   0.0000   0.0000   0.0000   0.0000   0.0000   0.0033   0.0000   0.0000   0.0000   0.0000   0.0000   0.0000   0.0000   0.0000
   0.0000   0.0000   0.0000   0.0000  -0.0033   0.0000   0.0000   0.0000   0.0000   0.0000   0.0000   0.0000   0.0000   0.0000
   0.0000   0.0000   0.0000   0.0000   0.0000   0.0000   0.0000   0.0033   0.0000   0.0000   0.0000   0.0000   0.0000   0.0000
   0.0000   0.0000   0.0000   0.0000   0.0000   0.0000  -0.0033   0.0000   0.0000   0.0000   0.0000   0.0000   0.0000   0.0000
   0.0000   0.0000   0.0000   0.0000   0.0000   0.0000   0.0000   0.0000   0.0000   0.0033   0.0000   0.0000   0.0000   0.0000
   0.0000   0.0000   0.0000   0.0000   0.0000   0.0000   0.0000   0.0000  -0.0033   0.0000   0.0000   0.0000   0.0000   0.0000
   0.0000   0.0000   0.0000   0.0000   0.0000   0.0000   0.0000   0.0000   0.0000   0.0000   0.0000   0.0033   0.0000   0.0000
   0.0000   0.0000   0.0000   0.0000   0.0000   0.0000   0.0000   0.0000   0.0000   0.0000  -0.0033   0.0000   0.0000   0.0000
   0.0000   0.0000   0.0000   0.0000   0.0000   0.0000   0.0000   0.0000   0.0000   0.0000   0.0000   0.0000   0.0000   0.0000
   0.0000   0.0000   0.0000   0.0000   0.0000   0.0000   0.0000   0.0000   0.0000   0.0000   0.0000   0.0000   0.0000   0.0000
************      d0-unsym  ************
 imp=  1
 real part
  -0.0563   0.0000   0.0001  -0.0004  -0.0005  -0.0011   0.0002  -0.0011  -0.0008   0.0000   0.0006  -0.0002   0.0002  -0.0001
  -0.0001  -0.0531  -0.0003  -0.0001   0.0004   0.0014  -0.0009  -0.0004  -0.0017  -0.0003  -0.0006  -0.0005  -0.0002   0.0005
  -0.0001  -0.0007  -0.0563  -0.0005   0.0003   0.0005  -0.0003   0.0009   0.0007  -0.0012   0.0003  -0.0004   0.0001   0.0002
  -0.0003   0.0001  -0.0003  -0.0531   0.0014  -0.0001  -0.0020   0.0002  -0.0013  -0.0010  -0.0047  -0.0001   0.0008  -0.0004
  -0.0005   0.0003   0.0003   0.0015  -0.0513  -0.0022  -0.0001  -0.0016   0.0020  -0.0001  -0.0006   0.0010  -0.0007  -0.0000
  -0.0011   0.0010   0.0004  -0.0002  -0.0005  -0.0528  -0.0006  -0.0009  -0.0007   0.0002  -0.0001  -0.0001   0.0022  -0.0012
   0.0003  -0.0009  -0.0004  -0.0023  -0.0000   0.0001  -0.0505  -0.0006  -0.0008  -0.0029  -0.0021  -0.0007  -0.0007   0.0009
  -0.0011   0.0000   0.0011  -0.0000  -0.0009  -0.0010  -0.0008  -0.0522  -0.0006  -0.0004  -0.0001   0.0002   0.0017  -0.0028
  -0.0010  -0.0019   0.0007  -0.0014   0.0020  -0.0025  -0.0007  -0.0011  -0.0504   0.0010  -0.0001   0.0002  -0.0012   0.0015
   0.0001  -0.0004  -0.0012  -0.0009  -0.0002   0.0002  -0.0006  -0.0005   0.0003  -0.0540   0.0014  -0.0008   0.0010  -0.0008
   0.0007  -0.0007   0.0002  -0.0055  -0.0008   0.0005  -0.0020   0.0013  -0.0001   0.0033  -0.0508   0.0003  -0.0002  -0.0010
  -0.0003  -0.0003  -0.0005  -0.0002   0.0004   0.0001   0.0002   0.0002   0.0002  -0.0007  -0.0002  -0.0522   0.0020   0.0010
   0.0001  -0.0002   0.0001   0.0006  -0.0004   0.0021  -0.0005   0.0016  -0.0007   0.0010  -0.0002   0.0019  -0.0538  -0.0000
  -0.0001   0.0004   0.0001  -0.0003  -0.0002  -0.0011   0.0005  -0.0027   0.0010  -0.0007  -0.0006   0.0009  -0.0000  -0.0538
 imag part
  -0.0001  -0.0004   0.0001   0.0006   0.0001   0.0007   0.0009   0.0007   0.0002   0.0010   0.0002   0.0012  -0.0002   0.0000
   0.0001   0.0001   0.0001  -0.0002  -0.0043   0.0001  -0.0014   0.0001   0.0036   0.0002  -0.0010  -0.0001   0.0003   0.0009
   0.0002   0.0001   0.0001  -0.0001  -0.0003  -0.0000   0.0010   0.0006  -0.0000   0.0016  -0.0007  -0.0005  -0.0000   0.0001
  -0.0001  -0.0001   0.0001  -0.0001   0.0024   0.0001   0.0012  -0.0005   0.0014  -0.0001   0.0003   0.0011   0.0007   0.0001
  -0.0000   0.0048   0.0003  -0.0027   0.0001   0.0008  -0.0000   0.0002  -0.0008   0.0000  -0.0006   0.0015   0.0003   0.0016
  -0.0008  -0.0001  -0.0001   0.0001  -0.0012  -0.0001  -0.0001  -0.0005   0.0011  -0.0003  -0.0000   0.0010   0.0001  -0.0007
  -0.0009   0.0016  -0.0011  -0.0014   0.0001   0.0007  -0.0000  -0.0004   0.0007  -0.0014  -0.0007   0.0000  -0.0025  -0.0011
  -0.0007  -0.0002  -0.0006   0.0003   0.0009   0.0004   0.0000   0.0000  -0.0005  -0.0003   0.0002   0.0007   0.0003  -0.0010
  -0.0003  -0.0042   0.0000  -0.0016   0.0010  -0.0005  -0.0006  -0.0008   0.0000   0.0012  -0.0004   0.0022   0.0002   0.0003
  -0.0010  -0.0003  -0.0015  -0.0000  -0.0003   0.0001   0.0000   0.0002  -0.0004   0.0000  -0.0004  -0.0001   0.0025   0.0029
  -0.0003   0.0011   0.0008  -0.0003   0.0005  -0.0012   0.0008  -0.0003   0.0003   0.0000   0.0000  -0.0008  -0.0008   0.0012
  -0.0012   0.0002   0.0005  -0.0008  -0.0002  -0.0010   0.0012  -0.0007  -0.0005   0.0002   0.0015  -0.0000   0.0014  -0.0006
   0.0001  -0.0002  -0.0000  -0.0006  -0.0001  -0.0002   0.0016  -0.0002  -0.0001  -0.0025   0.0006  -0.0014  -0.0000   0.0000
  -0.0000  -0.0007  -0.0001  -0.0001  -0.0011   0.0006   0.0007   0.0010  -0.0000  -0.0028  -0.0007   0.0006  -0.0000  -0.0000
************        d0-sym  ************
 imp=  1
 real part
  -0.0563  -0.0002   0.0000   0.0000   0.0000   0.0000   0.0000   0.0000   0.0000   0.0000   0.0000   0.0000   0.0000   0.0000
  -0.0002  -0.0531   0.0000   0.0000   0.0000   0.0000   0.0000   0.0000   0.0000   0.0000   0.0000   0.0000   0.0000   0.0000
   0.0000   0.0000  -0.0563  -0.0002   0.0000   0.0000   0.0000   0.0000   0.0000   0.0000   0.0000   0.0000   0.0000   0.0000
   0.0000   0.0000  -0.0002  -0.0531   0.0000   0.0000   0.0000   0.0000   0.0000   0.0000   0.0000   0.0000   0.0000   0.0000
   0.0000   0.0000   0.0000   0.0000  -0.0507  -0.0004   0.0000   0.0000   0.0000   0.0000   0.0000   0.0000   0.0000   0.0000
   0.0000   0.0000   0.0000   0.0000  -0.0003  -0.0528   0.0000   0.0000   0.0000   0.0000   0.0000   0.0000   0.0000   0.0000
   0.0000   0.0000   0.0000   0.0000   0.0000   0.0000  -0.0507  -0.0004   0.0000   0.0000   0.0000   0.0000   0.0000   0.0000
   0.0000   0.0000   0.0000   0.0000   0.0000   0.0000  -0.0003  -0.0528   0.0000   0.0000   0.0000   0.0000   0.0000   0.0000
   0.0000   0.0000   0.0000   0.0000   0.0000   0.0000   0.0000   0.0000  -0.0507  -0.0004   0.0000   0.0000   0.0000   0.0000
   0.0000   0.0000   0.0000   0.0000   0.0000   0.0000   0.0000   0.0000  -0.0003  -0.0528   0.0000   0.0000   0.0000   0.0000
   0.0000   0.0000   0.0000   0.0000   0.0000   0.0000   0.0000   0.0000   0.0000   0.0000  -0.0507  -0.0004   0.0000   0.0000
   0.0000   0.0000   0.0000   0.0000   0.0000   0.0000   0.0000   0.0000   0.0000   0.0000  -0.0003  -0.0528   0.0000   0.0000
   0.0000   0.0000   0.0000   0.0000   0.0000   0.0000   0.0000   0.0000   0.0000   0.0000   0.0000   0.0000  -0.0538   0.0000
   0.0000   0.0000   0.0000   0.0000   0.0000   0.0000   0.0000   0.0000   0.0000   0.0000   0.0000   0.0000   0.0000  -0.0538
 imag part
   0.0000  -0.0002   0.0000   0.0000   0.0000   0.0000   0.0000   0.0000   0.0000   0.0000   0.0000   0.0000   0.0000   0.0000
   0.0001  -0.0000   0.0000   0.0000   0.0000   0.0000   0.0000   0.0000   0.0000   0.0000   0.0000   0.0000   0.0000   0.0000
   0.0000   0.0000   0.0000  -0.0002   0.0000   0.0000   0.0000   0.0000   0.0000   0.0000   0.0000   0.0000   0.0000   0.0000
   0.0000   0.0000   0.0001  -0.0000   0.0000   0.0000   0.0000   0.0000   0.0000   0.0000   0.0000   0.0000   0.0000   0.0000
   0.0000   0.0000   0.0000   0.0000   0.0000   0.0002   0.0000   0.0000   0.0000   0.0000   0.0000   0.0000   0.0000   0.0000
   0.0000   0.0000   0.0000   0.0000  -0.0000  -0.0000   0.0000   0.0000   0.0000   0.0000   0.0000   0.0000   0.0000   0.0000
   0.0000   0.0000   0.0000   0.0000   0.0000   0.0000   0.0000   0.0002   0.0000   0.0000   0.0000   0.0000   0.0000   0.0000
   0.0000   0.0000   0.0000   0.0000   0.0000   0.0000  -0.0000  -0.0000   0.0000   0.0000   0.0000   0.0000   0.0000   0.0000
   0.0000   0.0000   0.0000   0.0000   0.0000   0.0000   0.0000   0.0000   0.0000   0.0002   0.0000   0.0000   0.0000   0.0000
   0.0000   0.0000   0.0000   0.0000   0.0000   0.0000   0.0000   0.0000  -0.0000  -0.0000   0.0000   0.0000   0.0000   0.0000
   0.0000   0.0000   0.0000   0.0000   0.0000   0.0000   0.0000   0.0000   0.0000   0.0000   0.0000   0.0002   0.0000   0.0000
   0.0000   0.0000   0.0000   0.0000   0.0000   0.0000   0.0000   0.0000   0.0000   0.0000  -0.0000  -0.0000   0.0000   0.0000
   0.0000   0.0000   0.0000   0.0000   0.0000   0.0000   0.0000   0.0000   0.0000   0.0000   0.0000   0.0000  -0.0000   0.0000
   0.0000   0.0000   0.0000   0.0000   0.0000   0.0000   0.0000   0.0000   0.0000   0.0000   0.0000   0.0000   0.0000  -0.0000
 max error due to symm in d0 =     0.005461
************         d-sym  ************
 imp=  1
 real part
  -0.1306  -0.0008   0.0000   0.0000   0.0000   0.0000   0.0000   0.0000   0.0000   0.0000   0.0000   0.0000   0.0000   0.0000
  -0.0008  -0.1067   0.0000   0.0000   0.0000   0.0000   0.0000   0.0000   0.0000   0.0000   0.0000   0.0000   0.0000   0.0000
   0.0000   0.0000  -0.1306  -0.0008   0.0000   0.0000   0.0000   0.0000   0.0000   0.0000   0.0000   0.0000   0.0000   0.0000
   0.0000   0.0000  -0.0008  -0.1067   0.0000   0.0000   0.0000   0.0000   0.0000   0.0000   0.0000   0.0000   0.0000   0.0000
   0.0000   0.0000   0.0000   0.0000  -0.1068  -0.0000   0.0000   0.0000   0.0000   0.0000   0.0000   0.0000   0.0000   0.0000
   0.0000   0.0000   0.0000   0.0000   0.0001  -0.1061   0.0000   0.0000   0.0000   0.0000   0.0000   0.0000   0.0000   0.0000
   0.0000   0.0000   0.0000   0.0000   0.0000   0.0000  -0.1068  -0.0000   0.0000   0.0000   0.0000   0.0000   0.0000   0.0000
   0.0000   0.0000   0.0000   0.0000   0.0000   0.0000   0.0001  -0.1061   0.0000   0.0000   0.0000   0.0000   0.0000   0.0000
   0.0000   0.0000   0.0000   0.0000   0.0000   0.0000   0.0000   0.0000  -0.1068  -0.0000   0.0000   0.0000   0.0000   0.0000
   0.0000   0.0000   0.0000   0.0000   0.0000   0.0000   0.0000   0.0000   0.0001  -0.1061   0.0000   0.0000   0.0000   0.0000
   0.0000   0.0000   0.0000   0.0000   0.0000   0.0000   0.0000   0.0000   0.0000   0.0000  -0.1068  -0.0000   0.0000   0.0000
   0.0000   0.0000   0.0000   0.0000   0.0000   0.0000   0.0000   0.0000   0.0000   0.0000   0.0001  -0.1061   0.0000   0.0000
   0.0000   0.0000   0.0000   0.0000   0.0000   0.0000   0.0000   0.0000   0.0000   0.0000   0.0000   0.0000  -0.1128   0.0000
   0.0000   0.0000   0.0000   0.0000   0.0000   0.0000   0.0000   0.0000   0.0000   0.0000   0.0000   0.0000   0.0000  -0.1128
 imag part
   0.0000  -0.0006   0.0000   0.0000   0.0000   0.0000   0.0000   0.0000   0.0000   0.0000   0.0000   0.0000   0.0000   0.0000
   0.0005  -0.0000   0.0000   0.0000   0.0000   0.0000   0.0000   0.0000   0.0000   0.0000   0.0000   0.0000   0.0000   0.0000
   0.0000   0.0000   0.0000  -0.0006   0.0000   0.0000   0.0000   0.0000   0.0000   0.0000   0.0000   0.0000   0.0000   0.0000
   0.0000   0.0000   0.0005  -0.0000   0.0000   0.0000   0.0000   0.0000   0.0000   0.0000   0.0000   0.0000   0.0000   0.0000
   0.0000   0.0000   0.0000   0.0000   0.0001   0.0002   0.0000   0.0000   0.0000   0.0000   0.0000   0.0000   0.0000   0.0000
   0.0000   0.0000   0.0000   0.0000   0.0001  -0.0001   0.0000   0.0000   0.0000   0.0000   0.0000   0.0000   0.0000   0.0000
   0.0000   0.0000   0.0000   0.0000   0.0000   0.0000   0.0001   0.0002   0.0000   0.0000   0.0000   0.0000   0.0000   0.0000
   0.0000   0.0000   0.0000   0.0000   0.0000   0.0000   0.0001  -0.0001   0.0000   0.0000   0.0000   0.0000   0.0000   0.0000
   0.0000   0.0000   0.0000   0.0000   0.0000   0.0000   0.0000   0.0000   0.0001   0.0002   0.0000   0.0000   0.0000   0.0000
   0.0000   0.0000   0.0000   0.0000   0.0000   0.0000   0.0000   0.0000   0.0001  -0.0001   0.0000   0.0000   0.0000   0.0000
   0.0000   0.0000   0.0000   0.0000   0.0000   0.0000   0.0000   0.0000   0.0000   0.0000   0.0001   0.0002   0.0000   0.0000
   0.0000   0.0000   0.0000   0.0000   0.0000   0.0000   0.0000   0.0000   0.0000   0.0000   0.0001  -0.0001   0.0000   0.0000
   0.0000   0.0000   0.0000   0.0000   0.0000   0.0000   0.0000   0.0000   0.0000   0.0000   0.0000   0.0000  -0.0000   0.0000
   0.0000   0.0000   0.0000   0.0000   0.0000   0.0000   0.0000   0.0000   0.0000   0.0000   0.0000   0.0000   0.0000  -0.0000
************           la2  ************
 imp=  1
 real part
  -1.9161   0.0047   0.0000   0.0000   0.0000   0.0000   0.0000   0.0000   0.0000   0.0000   0.0000   0.0000   0.0000   0.0000
   0.0047  -2.0399   0.0000   0.0000   0.0000   0.0000   0.0000   0.0000   0.0000   0.0000   0.0000   0.0000   0.0000   0.0000
   0.0000   0.0000  -1.9161   0.0047   0.0000   0.0000   0.0000   0.0000   0.0000   0.0000   0.0000   0.0000   0.0000   0.0000
   0.0000   0.0000   0.0047  -2.0399   0.0000   0.0000   0.0000   0.0000   0.0000   0.0000   0.0000   0.0000   0.0000   0.0000
   0.0000   0.0000   0.0000   0.0000  -2.0085  -0.0061   0.0000   0.0000   0.0000   0.0000   0.0000   0.0000   0.0000   0.0000
   0.0000   0.0000   0.0000   0.0000  -0.0061  -2.0296   0.0000   0.0000   0.0000   0.0000   0.0000   0.0000   0.0000   0.0000
   0.0000   0.0000   0.0000   0.0000   0.0000   0.0000  -2.0085  -0.0061   0.0000   0.0000   0.0000   0.0000   0.0000   0.0000
   0.0000   0.0000   0.0000   0.0000   0.0000   0.0000  -0.0061  -2.0296   0.0000   0.0000   0.0000   0.0000   0.0000   0.0000
   0.0000   0.0000   0.0000   0.0000   0.0000   0.0000   0.0000   0.0000  -2.0085  -0.0061   0.0000   0.0000   0.0000   0.0000
   0.0000   0.0000   0.0000   0.0000   0.0000   0.0000   0.0000   0.0000  -0.0061  -2.0296   0.0000   0.0000   0.0000   0.0000
   0.0000   0.0000   0.0000   0.0000   0.0000   0.0000   0.0000   0.0000   0.0000   0.0000  -2.0085  -0.0061   0.0000   0.0000
   0.0000   0.0000   0.0000   0.0000   0.0000   0.0000   0.0000   0.0000   0.0000   0.0000  -0.0061  -2.0296   0.0000   0.0000
   0.0000   0.0000   0.0000   0.0000   0.0000   0.0000   0.0000   0.0000   0.0000   0.0000   0.0000   0.0000  -1.9782   0.0000
   0.0000   0.0000   0.0000   0.0000   0.0000   0.0000   0.0000   0.0000   0.0000   0.0000   0.0000   0.0000   0.0000  -1.9782
 imag part
   0.0000  -0.0034   0.0000   0.0000   0.0000   0.0000   0.0000   0.0000   0.0000   0.0000   0.0000   0.0000   0.0000   0.0000
   0.0034   0.0000   0.0000   0.0000   0.0000   0.0000   0.0000   0.0000   0.0000   0.0000   0.0000   0.0000   0.0000   0.0000
   0.0000   0.0000   0.0000  -0.0034   0.0000   0.0000   0.0000   0.0000   0.0000   0.0000   0.0000   0.0000   0.0000   0.0000
   0.0000   0.0000   0.0034   0.0000   0.0000   0.0000   0.0000   0.0000   0.0000   0.0000   0.0000   0.0000   0.0000   0.0000
   0.0000   0.0000   0.0000   0.0000   0.0000  -0.0035   0.0000   0.0000   0.0000   0.0000   0.0000   0.0000   0.0000   0.0000
   0.0000   0.0000   0.0000   0.0000   0.0035   0.0000   0.0000   0.0000   0.0000   0.0000   0.0000   0.0000   0.0000   0.0000
   0.0000   0.0000   0.0000   0.0000   0.0000   0.0000   0.0000  -0.0035   0.0000   0.0000   0.0000   0.0000   0.0000   0.0000
   0.0000   0.0000   0.0000   0.0000   0.0000   0.0000   0.0035   0.0000   0.0000   0.0000   0.0000   0.0000   0.0000   0.0000
   0.0000   0.0000   0.0000   0.0000   0.0000   0.0000   0.0000   0.0000   0.0000  -0.0035   0.0000   0.0000   0.0000   0.0000
   0.0000   0.0000   0.0000   0.0000   0.0000   0.0000   0.0000   0.0000   0.0035   0.0000   0.0000   0.0000   0.0000   0.0000
   0.0000   0.0000   0.0000   0.0000   0.0000   0.0000   0.0000   0.0000   0.0000   0.0000   0.0000  -0.0035   0.0000   0.0000
   0.0000   0.0000   0.0000   0.0000   0.0000   0.0000   0.0000   0.0000   0.0000   0.0000   0.0035   0.0000   0.0000   0.0000
   0.0000   0.0000   0.0000   0.0000   0.0000   0.0000   0.0000   0.0000   0.0000   0.0000   0.0000   0.0000   0.0000   0.0000
   0.0000   0.0000   0.0000   0.0000   0.0000   0.0000   0.0000   0.0000   0.0000   0.0000   0.0000   0.0000   0.0000   0.0000
 CyGBand takes    0 h  0 m  0.94 s(cpu).
                  0 h  0 m  1.76 s(wall).
 total number of impurities =    1
 impurity imap indices:
       1
 impurity num_spin_orbitals:
      14
 imp =  1 v2e(1,1,1,1) = .31
 mott localized orbital info:
 i=  1 nsorb= 0 nelect= 0
 e_mol = 20.8738772 e_tot = -7.1470062
************     nks-unsym  ************
 imp=  1
 real part
   0.2472  -0.0046   0.0000   0.0000   0.0000   0.0000   0.0000   0.0000   0.0000   0.0000   0.0000   0.0000   0.0000   0.0000
  -0.0046   0.4541   0.0000   0.0000   0.0000   0.0000   0.0000   0.0000   0.0000   0.0000   0.0000   0.0000   0.0000   0.0000
   0.0000   0.0000   0.2472  -0.0046   0.0000   0.0000   0.0000   0.0000   0.0000   0.0000   0.0000   0.0000   0.0000   0.0000
   0.0000   0.0000  -0.0046   0.4541   0.0000   0.0000   0.0000   0.0000   0.0000   0.0000   0.0000   0.0000   0.0000   0.0000
   0.0000   0.0000   0.0000   0.0000   0.3449   0.0171   0.0000   0.0000   0.0000   0.0000   0.0000   0.0000   0.0000   0.0000
   0.0000   0.0000   0.0000   0.0000   0.0171   0.4542   0.0000   0.0000   0.0000   0.0000   0.0000   0.0000   0.0000   0.0000
   0.0000   0.0000   0.0000   0.0000   0.0000   0.0000   0.3449   0.0171   0.0000   0.0000   0.0000   0.0000   0.0000   0.0000
   0.0000   0.0000   0.0000   0.0000   0.0000   0.0000   0.0171   0.4542   0.0000   0.0000   0.0000   0.0000   0.0000   0.0000
   0.0000   0.0000   0.0000   0.0000   0.0000   0.0000   0.0000   0.0000   0.3449   0.0171   0.0000   0.0000   0.0000   0.0000
   0.0000   0.0000   0.0000   0.0000   0.0000   0.0000   0.0000   0.0000   0.0171   0.4542   0.0000   0.0000   0.0000   0.0000
   0.0000   0.0000   0.0000   0.0000   0.0000   0.0000   0.0000   0.0000   0.0000   0.0000   0.3449   0.0171   0.0000   0.0000
   0.0000   0.0000   0.0000   0.0000   0.0000   0.0000   0.0000   0.0000   0.0000   0.0000   0.0171   0.4542   0.0000   0.0000
   0.0000   0.0000   0.0000   0.0000   0.0000   0.0000   0.0000   0.0000   0.0000   0.0000   0.0000   0.0000   0.3491   0.0000
   0.0000   0.0000   0.0000   0.0000   0.0000   0.0000   0.0000   0.0000   0.0000   0.0000   0.0000   0.0000   0.0000   0.3491
 imag part
   0.0000  -0.0022   0.0000   0.0000   0.0000   0.0000   0.0000   0.0000   0.0000   0.0000   0.0000   0.0000   0.0000   0.0000
   0.0022   0.0000   0.0000   0.0000   0.0000   0.0000   0.0000   0.0000   0.0000   0.0000   0.0000   0.0000   0.0000   0.0000
   0.0000   0.0000   0.0000  -0.0022   0.0000   0.0000   0.0000   0.0000   0.0000   0.0000   0.0000   0.0000   0.0000   0.0000
   0.0000   0.0000   0.0022   0.0000   0.0000   0.0000   0.0000   0.0000   0.0000   0.0000   0.0000   0.0000   0.0000   0.0000
   0.0000   0.0000   0.0000   0.0000   0.0000  -0.0038   0.0000   0.0000   0.0000   0.0000   0.0000   0.0000   0.0000   0.0000
   0.0000   0.0000   0.0000   0.0000   0.0038   0.0000   0.0000   0.0000   0.0000   0.0000   0.0000   0.0000   0.0000   0.0000
   0.0000   0.0000   0.0000   0.0000   0.0000   0.0000   0.0000  -0.0038   0.0000   0.0000   0.0000   0.0000   0.0000   0.0000
   0.0000   0.0000   0.0000   0.0000   0.0000   0.0000   0.0038   0.0000   0.0000   0.0000   0.0000   0.0000   0.0000   0.0000
   0.0000   0.0000   0.0000   0.0000   0.0000   0.0000   0.0000   0.0000   0.0000  -0.0038   0.0000   0.0000   0.0000   0.0000
   0.0000   0.0000   0.0000   0.0000   0.0000   0.0000   0.0000   0.0000   0.0038   0.0000   0.0000   0.0000   0.0000   0.0000
   0.0000   0.0000   0.0000   0.0000   0.0000   0.0000   0.0000   0.0000   0.0000   0.0000   0.0000  -0.0038   0.0000   0.0000
   0.0000   0.0000   0.0000   0.0000   0.0000   0.0000   0.0000   0.0000   0.0000   0.0000   0.0038   0.0000   0.0000   0.0000
   0.0000   0.0000   0.0000   0.0000   0.0000   0.0000   0.0000   0.0000   0.0000   0.0000   0.0000   0.0000   0.0000   0.0000
   0.0000   0.0000   0.0000   0.0000   0.0000   0.0000   0.0000   0.0000   0.0000   0.0000   0.0000   0.0000   0.0000   0.0000
   sub_tot=  5.297039  0.000000
 imp=  1 eigen values of nks-unsym:
    0.4570    0.4570    0.4570    0.4570    0.4542    0.4542    0.3491    0.3491    0.3421    0.3421    0.3421    0.3421    0.2471    0.2471
************       nks-sym  ************
 imp=  1
 real part
   0.2472  -0.0046   0.0000   0.0000   0.0000   0.0000   0.0000   0.0000   0.0000   0.0000   0.0000   0.0000   0.0000   0.0000
  -0.0046   0.4541   0.0000   0.0000   0.0000   0.0000   0.0000   0.0000   0.0000   0.0000   0.0000   0.0000   0.0000   0.0000
   0.0000   0.0000   0.2472  -0.0046   0.0000   0.0000   0.0000   0.0000   0.0000   0.0000   0.0000   0.0000   0.0000   0.0000
   0.0000   0.0000  -0.0046   0.4541   0.0000   0.0000   0.0000   0.0000   0.0000   0.0000   0.0000   0.0000   0.0000   0.0000
   0.0000   0.0000   0.0000   0.0000   0.3449   0.0171   0.0000   0.0000   0.0000   0.0000   0.0000   0.0000   0.0000   0.0000
   0.0000   0.0000   0.0000   0.0000   0.0171   0.4542   0.0000   0.0000   0.0000   0.0000   0.0000   0.0000   0.0000   0.0000
   0.0000   0.0000   0.0000   0.0000   0.0000   0.0000   0.3449   0.0171   0.0000   0.0000   0.0000   0.0000   0.0000   0.0000
   0.0000   0.0000   0.0000   0.0000   0.0000   0.0000   0.0171   0.4542   0.0000   0.0000   0.0000   0.0000   0.0000   0.0000
   0.0000   0.0000   0.0000   0.0000   0.0000   0.0000   0.0000   0.0000   0.3449   0.0171   0.0000   0.0000   0.0000   0.0000
   0.0000   0.0000   0.0000   0.0000   0.0000   0.0000   0.0000   0.0000   0.0171   0.4542   0.0000   0.0000   0.0000   0.0000
   0.0000   0.0000   0.0000   0.0000   0.0000   0.0000   0.0000   0.0000   0.0000   0.0000   0.3449   0.0171   0.0000   0.0000
   0.0000   0.0000   0.0000   0.0000   0.0000   0.0000   0.0000   0.0000   0.0000   0.0000   0.0171   0.4542   0.0000   0.0000
   0.0000   0.0000   0.0000   0.0000   0.0000   0.0000   0.0000   0.0000   0.0000   0.0000   0.0000   0.0000   0.3491   0.0000
   0.0000   0.0000   0.0000   0.0000   0.0000   0.0000   0.0000   0.0000   0.0000   0.0000   0.0000   0.0000   0.0000   0.3491
 imag part
   0.0000  -0.0022   0.0000   0.0000   0.0000   0.0000   0.0000   0.0000   0.0000   0.0000   0.0000   0.0000   0.0000   0.0000
   0.0022   0.0000   0.0000   0.0000   0.0000   0.0000   0.0000   0.0000   0.0000   0.0000   0.0000   0.0000   0.0000   0.0000
   0.0000   0.0000   0.0000  -0.0022   0.0000   0.0000   0.0000   0.0000   0.0000   0.0000   0.0000   0.0000   0.0000   0.0000
   0.0000   0.0000   0.0022   0.0000   0.0000   0.0000   0.0000   0.0000   0.0000   0.0000   0.0000   0.0000   0.0000   0.0000
   0.0000   0.0000   0.0000   0.0000   0.0000  -0.0038   0.0000   0.0000   0.0000   0.0000   0.0000   0.0000   0.0000   0.0000
   0.0000   0.0000   0.0000   0.0000   0.0038   0.0000   0.0000   0.0000   0.0000   0.0000   0.0000   0.0000   0.0000   0.0000
   0.0000   0.0000   0.0000   0.0000   0.0000   0.0000   0.0000  -0.0038   0.0000   0.0000   0.0000   0.0000   0.0000   0.0000
   0.0000   0.0000   0.0000   0.0000   0.0000   0.0000   0.0038   0.0000   0.0000   0.0000   0.0000   0.0000   0.0000   0.0000
   0.0000   0.0000   0.0000   0.0000   0.0000   0.0000   0.0000   0.0000   0.0000  -0.0038   0.0000   0.0000   0.0000   0.0000
   0.0000   0.0000   0.0000   0.0000   0.0000   0.0000   0.0000   0.0000   0.0038   0.0000   0.0000   0.0000   0.0000   0.0000
   0.0000   0.0000   0.0000   0.0000   0.0000   0.0000   0.0000   0.0000   0.0000   0.0000   0.0000  -0.0038   0.0000   0.0000
   0.0000   0.0000   0.0000   0.0000   0.0000   0.0000   0.0000   0.0000   0.0000   0.0000   0.0038   0.0000   0.0000   0.0000
   0.0000   0.0000   0.0000   0.0000   0.0000   0.0000   0.0000   0.0000   0.0000   0.0000   0.0000   0.0000   0.0000   0.0000
   0.0000   0.0000   0.0000   0.0000   0.0000   0.0000   0.0000   0.0000   0.0000   0.0000   0.0000   0.0000   0.0000   0.0000
   sub_tot=  5.297039  0.000000
 max error due to symm in nks =     0.000000
 imp=  1 eigen values of   nks-sym:
    0.4570    0.4570    0.4570    0.4570    0.4542    0.4542    0.3491    0.3491    0.3421    0.3421    0.3421    0.3421    0.2471    0.2471
************     ncv-unsym  ************
 imp=  1
 real part
   0.2877  -0.0039   0.0003  -0.0021  -0.0000  -0.0000  -0.0002  -0.0006   0.0003   0.0003   0.0000   0.0002   0.0000  -0.0002
  -0.0039   0.5621  -0.0068  -0.0000   0.0001   0.0001  -0.0001   0.0007   0.0001  -0.0000  -0.0007   0.0005  -0.0007  -0.0005
   0.0003  -0.0068   0.2877  -0.0077  -0.0002  -0.0001  -0.0001  -0.0003   0.0002  -0.0002  -0.0000   0.0001  -0.0000   0.0000
  -0.0021  -0.0000  -0.0077   0.5617  -0.0001   0.0004  -0.0005   0.0001  -0.0003   0.0002  -0.0001  -0.0001   0.0003   0.0004
  -0.0000   0.0001  -0.0002  -0.0001   0.4214   0.0240  -0.0001   0.0019   0.0002   0.0000   0.0002  -0.0010   0.0002   0.0003
  -0.0000   0.0001  -0.0001   0.0004   0.0240   0.5596  -0.0007  -0.0001   0.0027   0.0001  -0.0025   0.0002  -0.0002   0.0002
  -0.0002  -0.0001  -0.0001  -0.0005  -0.0001  -0.0007   0.4214   0.0210  -0.0000   0.0024  -0.0000   0.0017   0.0001  -0.0003
  -0.0006   0.0007  -0.0003   0.0001   0.0019  -0.0001   0.0210   0.5603  -0.0004  -0.0004  -0.0029   0.0002   0.0001  -0.0004
   0.0003   0.0001   0.0002  -0.0003   0.0002   0.0027  -0.0000  -0.0004   0.4213   0.0202   0.0000   0.0011  -0.0000  -0.0008
   0.0003  -0.0000  -0.0002   0.0002   0.0000   0.0001   0.0024  -0.0004   0.0202   0.5595  -0.0022   0.0001   0.0004   0.0002
   0.0000  -0.0007  -0.0000  -0.0001   0.0002  -0.0025  -0.0000  -0.0029   0.0000  -0.0022   0.4217   0.0199  -0.0004  -0.0001
   0.0002   0.0005   0.0001  -0.0001  -0.0010   0.0002   0.0017   0.0002   0.0011   0.0001   0.0199   0.5599   0.0002   0.0002
   0.0000  -0.0007  -0.0000   0.0003   0.0002  -0.0002   0.0001   0.0001  -0.0000   0.0004  -0.0004   0.0002   0.4264  -0.0001
  -0.0002  -0.0005   0.0000   0.0004   0.0003   0.0002  -0.0003  -0.0004  -0.0008   0.0002  -0.0001   0.0002  -0.0001   0.4266
 imag part
   0.0000  -0.0050  -0.0000   0.0076   0.0002  -0.0001  -0.0001  -0.0001   0.0006  -0.0006   0.0000   0.0001   0.0001  -0.0000
   0.0050   0.0000  -0.0037   0.0002  -0.0000   0.0000   0.0003  -0.0001  -0.0004  -0.0003   0.0002  -0.0001  -0.0001   0.0004
   0.0000   0.0037   0.0000  -0.0000  -0.0001   0.0004   0.0002   0.0000  -0.0000   0.0002   0.0001   0.0001   0.0002  -0.0001
  -0.0076  -0.0002   0.0000   0.0000  -0.0001   0.0002   0.0003  -0.0000   0.0007  -0.0007  -0.0002   0.0002  -0.0006   0.0001
  -0.0002   0.0000   0.0001   0.0001   0.0000  -0.0034  -0.0001  -0.0028  -0.0000   0.0012  -0.0003  -0.0020  -0.0005   0.0004
   0.0001  -0.0000  -0.0004  -0.0002   0.0034  -0.0000   0.0012   0.0002   0.0020  -0.0002  -0.0011   0.0000   0.0000   0.0003
   0.0001  -0.0003  -0.0002  -0.0003   0.0001  -0.0012   0.0000  -0.0046   0.0001   0.0024  -0.0001  -0.0025  -0.0004  -0.0007
   0.0001   0.0001  -0.0000   0.0000   0.0028  -0.0002   0.0046   0.0000  -0.0030   0.0004  -0.0003  -0.0002   0.0001   0.0002
  -0.0006   0.0004   0.0000  -0.0007   0.0000  -0.0020  -0.0001   0.0030  -0.0000  -0.0060   0.0000  -0.0025  -0.0002  -0.0008
   0.0006   0.0003  -0.0002   0.0007  -0.0012   0.0002  -0.0024  -0.0004   0.0060   0.0000  -0.0003  -0.0003   0.0008   0.0001
  -0.0000  -0.0002  -0.0001   0.0002   0.0003   0.0011   0.0001   0.0003  -0.0000   0.0003   0.0000  -0.0075   0.0005  -0.0001
  -0.0001   0.0001  -0.0001  -0.0002   0.0020  -0.0000   0.0025   0.0002   0.0025   0.0003   0.0075  -0.0000   0.0002   0.0003
  -0.0001   0.0001  -0.0002   0.0006   0.0005  -0.0000   0.0004  -0.0001   0.0002  -0.0008  -0.0005  -0.0002   0.0000  -0.0003
   0.0000  -0.0004   0.0001  -0.0001  -0.0004  -0.0003   0.0007  -0.0002   0.0008  -0.0001   0.0001  -0.0003   0.0003  -0.0000
   sub_tot=  6.477350  0.000000
************       ncv-sym  ************
 imp=  1
 real part
   0.2877  -0.0058   0.0000   0.0000   0.0000   0.0000   0.0000   0.0000   0.0000   0.0000   0.0000   0.0000   0.0000   0.0000
  -0.0058   0.5619   0.0000   0.0000   0.0000   0.0000   0.0000   0.0000   0.0000   0.0000   0.0000   0.0000   0.0000   0.0000
   0.0000   0.0000   0.2877  -0.0058   0.0000   0.0000   0.0000   0.0000   0.0000   0.0000   0.0000   0.0000   0.0000   0.0000
   0.0000   0.0000  -0.0058   0.5619   0.0000   0.0000   0.0000   0.0000   0.0000   0.0000   0.0000   0.0000   0.0000   0.0000
   0.0000   0.0000   0.0000   0.0000   0.4215   0.0213   0.0000   0.0000   0.0000   0.0000   0.0000   0.0000   0.0000   0.0000
   0.0000   0.0000   0.0000   0.0000   0.0213   0.5598   0.0000   0.0000   0.0000   0.0000   0.0000   0.0000   0.0000   0.0000
   0.0000   0.0000   0.0000   0.0000   0.0000   0.0000   0.4215   0.0213   0.0000   0.0000   0.0000   0.0000   0.0000   0.0000
   0.0000   0.0000   0.0000   0.0000   0.0000   0.0000   0.0213   0.5598   0.0000   0.0000   0.0000   0.0000   0.0000   0.0000
   0.0000   0.0000   0.0000   0.0000   0.0000   0.0000   0.0000   0.0000   0.4215   0.0213   0.0000   0.0000   0.0000   0.0000
   0.0000   0.0000   0.0000   0.0000   0.0000   0.0000   0.0000   0.0000   0.0213   0.5598   0.0000   0.0000   0.0000   0.0000
   0.0000   0.0000   0.0000   0.0000   0.0000   0.0000   0.0000   0.0000   0.0000   0.0000   0.4215   0.0213   0.0000   0.0000
   0.0000   0.0000   0.0000   0.0000   0.0000   0.0000   0.0000   0.0000   0.0000   0.0000   0.0213   0.5598   0.0000   0.0000
   0.0000   0.0000   0.0000   0.0000   0.0000   0.0000   0.0000   0.0000   0.0000   0.0000   0.0000   0.0000   0.4265   0.0000
   0.0000   0.0000   0.0000   0.0000   0.0000   0.0000   0.0000   0.0000   0.0000   0.0000   0.0000   0.0000   0.0000   0.4265
 imag part
   0.0000  -0.0025   0.0000   0.0000   0.0000   0.0000   0.0000   0.0000   0.0000   0.0000   0.0000   0.0000   0.0000   0.0000
   0.0025   0.0000   0.0000   0.0000   0.0000   0.0000   0.0000   0.0000   0.0000   0.0000   0.0000   0.0000   0.0000   0.0000
   0.0000   0.0000   0.0000  -0.0025   0.0000   0.0000   0.0000   0.0000   0.0000   0.0000   0.0000   0.0000   0.0000   0.0000
   0.0000   0.0000   0.0025   0.0000   0.0000   0.0000   0.0000   0.0000   0.0000   0.0000   0.0000   0.0000   0.0000   0.0000
   0.0000   0.0000   0.0000   0.0000   0.0000  -0.0054   0.0000   0.0000   0.0000   0.0000   0.0000   0.0000   0.0000   0.0000
   0.0000   0.0000   0.0000   0.0000   0.0054   0.0000   0.0000   0.0000   0.0000   0.0000   0.0000   0.0000   0.0000   0.0000
   0.0000   0.0000   0.0000   0.0000   0.0000   0.0000   0.0000  -0.0054   0.0000   0.0000   0.0000   0.0000   0.0000   0.0000
   0.0000   0.0000   0.0000   0.0000   0.0000   0.0000   0.0054   0.0000   0.0000   0.0000   0.0000   0.0000   0.0000   0.0000
   0.0000   0.0000   0.0000   0.0000   0.0000   0.0000   0.0000   0.0000   0.0000  -0.0054   0.0000   0.0000   0.0000   0.0000
   0.0000   0.0000   0.0000   0.0000   0.0000   0.0000   0.0000   0.0000   0.0054   0.0000   0.0000   0.0000   0.0000   0.0000
   0.0000   0.0000   0.0000   0.0000   0.0000   0.0000   0.0000   0.0000   0.0000   0.0000   0.0000  -0.0054   0.0000   0.0000
   0.0000   0.0000   0.0000   0.0000   0.0000   0.0000   0.0000   0.0000   0.0000   0.0000   0.0054   0.0000   0.0000   0.0000
   0.0000   0.0000   0.0000   0.0000   0.0000   0.0000   0.0000   0.0000   0.0000   0.0000   0.0000   0.0000   0.0000   0.0000
   0.0000   0.0000   0.0000   0.0000   0.0000   0.0000   0.0000   0.0000   0.0000   0.0000   0.0000   0.0000   0.0000   0.0000
   sub_tot=  6.477350  0.000000
 max error due to symm in ncv =     0.007897
************    isimix-var  ************
 imp=  1
 real part
   2.3183   0.0068   0.0000   0.0000   0.0000   0.0000   0.0000   0.0000   0.0000   0.0000   0.0000   0.0000   0.0000   0.0000
   0.0068   2.0086   0.0000   0.0000   0.0000   0.0000   0.0000   0.0000   0.0000   0.0000   0.0000   0.0000   0.0000   0.0000
   0.0000   0.0000   2.3183   0.0068   0.0000   0.0000   0.0000   0.0000   0.0000   0.0000   0.0000   0.0000   0.0000   0.0000
   0.0000   0.0000   0.0068   2.0086   0.0000   0.0000   0.0000   0.0000   0.0000   0.0000   0.0000   0.0000   0.0000   0.0000
   0.0000   0.0000   0.0000   0.0000   2.1054  -0.0150   0.0000   0.0000   0.0000   0.0000   0.0000   0.0000   0.0000   0.0000
   0.0000   0.0000   0.0000   0.0000  -0.0150   2.0099   0.0000   0.0000   0.0000   0.0000   0.0000   0.0000   0.0000   0.0000
   0.0000   0.0000   0.0000   0.0000   0.0000   0.0000   2.1054  -0.0150   0.0000   0.0000   0.0000   0.0000   0.0000   0.0000
   0.0000   0.0000   0.0000   0.0000   0.0000   0.0000  -0.0150   2.0099   0.0000   0.0000   0.0000   0.0000   0.0000   0.0000
   0.0000   0.0000   0.0000   0.0000   0.0000   0.0000   0.0000   0.0000   2.1054  -0.0150   0.0000   0.0000   0.0000   0.0000
   0.0000   0.0000   0.0000   0.0000   0.0000   0.0000   0.0000   0.0000  -0.0150   2.0099   0.0000   0.0000   0.0000   0.0000
   0.0000   0.0000   0.0000   0.0000   0.0000   0.0000   0.0000   0.0000   0.0000   0.0000   2.1054  -0.0150   0.0000   0.0000
   0.0000   0.0000   0.0000   0.0000   0.0000   0.0000   0.0000   0.0000   0.0000   0.0000  -0.0150   2.0099   0.0000   0.0000
   0.0000   0.0000   0.0000   0.0000   0.0000   0.0000   0.0000   0.0000   0.0000   0.0000   0.0000   0.0000   2.0979   0.0000
   0.0000   0.0000   0.0000   0.0000   0.0000   0.0000   0.0000   0.0000   0.0000   0.0000   0.0000   0.0000   0.0000   2.0979
 imag part
   0.0000   0.0033   0.0000   0.0000   0.0000   0.0000   0.0000   0.0000   0.0000   0.0000   0.0000   0.0000   0.0000   0.0000
  -0.0033   0.0000   0.0000   0.0000   0.0000   0.0000   0.0000   0.0000   0.0000   0.0000   0.0000   0.0000   0.0000   0.0000
   0.0000   0.0000   0.0000   0.0033   0.0000   0.0000   0.0000   0.0000   0.0000   0.0000   0.0000   0.0000   0.0000   0.0000
   0.0000   0.0000  -0.0033   0.0000   0.0000   0.0000   0.0000   0.0000   0.0000   0.0000   0.0000   0.0000   0.0000   0.0000
   0.0000   0.0000   0.0000   0.0000   0.0000   0.0033   0.0000   0.0000   0.0000   0.0000   0.0000   0.0000   0.0000   0.0000
   0.0000   0.0000   0.0000   0.0000  -0.0033   0.0000   0.0000   0.0000   0.0000   0.0000   0.0000   0.0000   0.0000   0.0000
   0.0000   0.0000   0.0000   0.0000   0.0000   0.0000   0.0000   0.0033   0.0000   0.0000   0.0000   0.0000   0.0000   0.0000
   0.0000   0.0000   0.0000   0.0000   0.0000   0.0000  -0.0033   0.0000   0.0000   0.0000   0.0000   0.0000   0.0000   0.0000
   0.0000   0.0000   0.0000   0.0000   0.0000   0.0000   0.0000   0.0000   0.0000   0.0033   0.0000   0.0000   0.0000   0.0000
   0.0000   0.0000   0.0000   0.0000   0.0000   0.0000   0.0000   0.0000  -0.0033   0.0000   0.0000   0.0000   0.0000   0.0000
   0.0000   0.0000   0.0000   0.0000   0.0000   0.0000   0.0000   0.0000   0.0000   0.0000   0.0000   0.0033   0.0000   0.0000
   0.0000   0.0000   0.0000   0.0000   0.0000   0.0000   0.0000   0.0000   0.0000   0.0000  -0.0033   0.0000   0.0000   0.0000
   0.0000   0.0000   0.0000   0.0000   0.0000   0.0000   0.0000   0.0000   0.0000   0.0000   0.0000   0.0000   0.0000   0.0000
   0.0000   0.0000   0.0000   0.0000   0.0000   0.0000   0.0000   0.0000   0.0000   0.0000   0.0000   0.0000   0.0000   0.0000
************        r0-out  ************
 imp=  1
 real part
   0.4267   0.0031  -0.0000  -0.0014  -0.0000  -0.0000  -0.0001  -0.0003   0.0002   0.0002  -0.0000   0.0001   0.0000  -0.0001
  -0.0036   0.4622   0.0022   0.0001  -0.0000  -0.0000   0.0000  -0.0001   0.0000  -0.0000   0.0001  -0.0001   0.0002   0.0001
   0.0003  -0.0047   0.4267   0.0005  -0.0001  -0.0000  -0.0001  -0.0001   0.0001  -0.0001  -0.0000   0.0000  -0.0000   0.0000
   0.0007  -0.0002  -0.0024   0.4622   0.0000  -0.0001   0.0001  -0.0000   0.0000  -0.0000   0.0000   0.0000  -0.0001  -0.0001
   0.0000   0.0000   0.0000  -0.0000   0.4596  -0.0009   0.0001   0.0002  -0.0002   0.0000   0.0002  -0.0001   0.0000  -0.0000
   0.0000  -0.0000   0.0000  -0.0000   0.0016   0.4619   0.0001  -0.0001  -0.0002   0.0001   0.0002  -0.0001   0.0000  -0.0001
   0.0000  -0.0001   0.0000  -0.0001  -0.0002  -0.0001   0.4597  -0.0012   0.0001   0.0003   0.0002   0.0002  -0.0000   0.0000
   0.0002  -0.0000   0.0001   0.0000  -0.0001   0.0001   0.0019   0.4619   0.0000  -0.0001   0.0002  -0.0002  -0.0000   0.0001
  -0.0000  -0.0000   0.0000  -0.0001   0.0001   0.0003  -0.0001  -0.0000   0.4597  -0.0013   0.0002   0.0001  -0.0000  -0.0000
  -0.0001   0.0000   0.0000  -0.0000  -0.0000  -0.0002  -0.0002   0.0001   0.0020   0.4620   0.0002  -0.0001  -0.0001  -0.0000
   0.0000  -0.0001  -0.0000  -0.0000   0.0000  -0.0003  -0.0002  -0.0004  -0.0001  -0.0003   0.4598  -0.0013  -0.0000  -0.0000
  -0.0001  -0.0000  -0.0000   0.0000   0.0001   0.0001  -0.0001   0.0002  -0.0001   0.0001   0.0020   0.4620  -0.0000  -0.0000
   0.0000  -0.0002  -0.0000   0.0001   0.0000  -0.0000   0.0000   0.0000   0.0000   0.0001  -0.0001   0.0001   0.4617  -0.0000
   0.0000  -0.0001  -0.0000   0.0001   0.0001   0.0001  -0.0001  -0.0001  -0.0002   0.0001  -0.0000   0.0001  -0.0000   0.4617
 imag part
  -0.0001  -0.0010   0.0003  -0.0053  -0.0002   0.0001   0.0001   0.0001  -0.0004   0.0004  -0.0000  -0.0001  -0.0000   0.0000
  -0.0022   0.0001  -0.0011  -0.0003  -0.0000   0.0000   0.0000  -0.0000  -0.0001  -0.0000   0.0000  -0.0000  -0.0000   0.0001
   0.0003  -0.0025   0.0002  -0.0044   0.0001  -0.0003  -0.0001  -0.0000   0.0000  -0.0001  -0.0001  -0.0001  -0.0001   0.0000
  -0.0024  -0.0004  -0.0037  -0.0002  -0.0000   0.0000   0.0000  -0.0000   0.0001  -0.0001  -0.0000   0.0000  -0.0002   0.0000
  -0.0000  -0.0000  -0.0000  -0.0000  -0.0004  -0.0013   0.0001   0.0003   0.0000  -0.0002   0.0001   0.0002   0.0000   0.0000
   0.0000   0.0000  -0.0001  -0.0000  -0.0014   0.0004   0.0001  -0.0001   0.0002   0.0001  -0.0001  -0.0001  -0.0000   0.0001
   0.0000   0.0000  -0.0000   0.0001   0.0001   0.0001  -0.0002  -0.0012  -0.0002  -0.0002   0.0001   0.0003   0.0000   0.0000
   0.0000  -0.0000  -0.0000  -0.0000   0.0002  -0.0001  -0.0013   0.0002  -0.0002   0.0002  -0.0000  -0.0001   0.0000   0.0000
  -0.0000  -0.0000  -0.0000   0.0001  -0.0001   0.0002  -0.0002  -0.0004  -0.0001  -0.0010   0.0000   0.0003   0.0000   0.0000
   0.0001   0.0000  -0.0000  -0.0000  -0.0001  -0.0000  -0.0002   0.0001  -0.0012   0.0001  -0.0000  -0.0001   0.0002  -0.0000
  -0.0000   0.0000  -0.0000  -0.0000   0.0001  -0.0001   0.0001  -0.0000   0.0001  -0.0000   0.0000  -0.0008   0.0000   0.0000
  -0.0000  -0.0000  -0.0000  -0.0000   0.0002  -0.0000   0.0002  -0.0000   0.0002  -0.0000  -0.0011  -0.0000   0.0001   0.0001
   0.0000  -0.0000   0.0000  -0.0002  -0.0001   0.0000  -0.0001   0.0000  -0.0001   0.0002   0.0001   0.0001  -0.0000   0.0000
  -0.0000   0.0001  -0.0000   0.0000   0.0001   0.0001  -0.0002   0.0000  -0.0002   0.0000  -0.0000   0.0001  -0.0000   0.0000
************         r-out  ************
 imp=  1
 real part
   0.9892   0.0092  -0.0000  -0.0029  -0.0000  -0.0000  -0.0003  -0.0007   0.0004   0.0004  -0.0000   0.0003   0.0000  -0.0002
  -0.0052   0.9283   0.0050   0.0003  -0.0000  -0.0000   0.0000  -0.0003   0.0000  -0.0000   0.0002  -0.0002   0.0004   0.0003
   0.0006  -0.0094   0.9892   0.0040  -0.0002  -0.0001  -0.0002  -0.0003   0.0002  -0.0002  -0.0001   0.0001  -0.0000   0.0001
   0.0016  -0.0004  -0.0024   0.9284   0.0000  -0.0001   0.0001  -0.0001   0.0001  -0.0000   0.0000   0.0000  -0.0002  -0.0002
   0.0000   0.0000   0.0000  -0.0001   0.9677  -0.0086   0.0001   0.0005  -0.0003   0.0000   0.0004  -0.0003   0.0000  -0.0000
   0.0000  -0.0000   0.0001  -0.0000  -0.0035   0.9283   0.0001  -0.0003  -0.0005   0.0001   0.0004  -0.0001   0.0001  -0.0001
   0.0001  -0.0001   0.0001  -0.0002  -0.0003  -0.0001   0.9680  -0.0094   0.0001   0.0006   0.0004   0.0004  -0.0000   0.0000
   0.0004  -0.0001   0.0002   0.0000  -0.0003   0.0002  -0.0029   0.9283   0.0000  -0.0001   0.0005  -0.0004  -0.0001   0.0002
  -0.0001  -0.0000   0.0000  -0.0001   0.0002   0.0006  -0.0002  -0.0000   0.9679  -0.0095   0.0003   0.0003  -0.0001  -0.0000
  -0.0003   0.0000   0.0001  -0.0000  -0.0000  -0.0004  -0.0004   0.0002  -0.0028   0.9286   0.0004  -0.0003  -0.0002  -0.0000
   0.0000  -0.0003  -0.0000  -0.0000   0.0000  -0.0006  -0.0003  -0.0007  -0.0003  -0.0005   0.9680  -0.0096  -0.0000  -0.0000
  -0.0002  -0.0000  -0.0000   0.0000   0.0002   0.0003  -0.0003   0.0004  -0.0002   0.0003  -0.0028   0.9285  -0.0000  -0.0001
   0.0000  -0.0004  -0.0000   0.0002   0.0001  -0.0001   0.0000   0.0001   0.0000   0.0002  -0.0002   0.0001   0.9686  -0.0000
   0.0000  -0.0003  -0.0000   0.0002   0.0002   0.0001  -0.0002  -0.0002  -0.0005   0.0001  -0.0000   0.0001  -0.0000   0.9687
 imag part
  -0.0001  -0.0033   0.0008  -0.0106  -0.0003   0.0002   0.0001   0.0002  -0.0008   0.0007  -0.0000  -0.0002  -0.0001   0.0000
  -0.0036   0.0001  -0.0026  -0.0007  -0.0000   0.0000   0.0001  -0.0001  -0.0001  -0.0001   0.0001  -0.0001  -0.0001   0.0002
   0.0007  -0.0051   0.0005  -0.0102   0.0002  -0.0006  -0.0003  -0.0000   0.0000  -0.0002  -0.0001  -0.0002  -0.0002   0.0000
  -0.0055  -0.0007  -0.0071  -0.0005  -0.0000   0.0001   0.0001  -0.0000   0.0002  -0.0002  -0.0001   0.0001  -0.0003   0.0000
  -0.0000  -0.0000  -0.0000  -0.0001  -0.0008  -0.0041   0.0002   0.0007   0.0001  -0.0003   0.0002   0.0005   0.0000   0.0000
   0.0001   0.0000  -0.0003  -0.0000  -0.0015   0.0008   0.0002  -0.0002   0.0004   0.0001  -0.0002  -0.0003  -0.0000   0.0002
   0.0001   0.0001  -0.0000   0.0001   0.0002   0.0003  -0.0004  -0.0039  -0.0004  -0.0005   0.0001   0.0006   0.0000   0.0001
   0.0001  -0.0000  -0.0001  -0.0001   0.0005  -0.0002  -0.0013   0.0004  -0.0005   0.0005  -0.0001  -0.0003   0.0000   0.0000
  -0.0000  -0.0001  -0.0000   0.0003  -0.0002   0.0005  -0.0004  -0.0007  -0.0002  -0.0035   0.0001   0.0005   0.0001   0.0000
   0.0003   0.0001  -0.0001  -0.0000  -0.0002  -0.0000  -0.0004   0.0003  -0.0010   0.0002  -0.0001  -0.0003   0.0003  -0.0001
  -0.0000   0.0001  -0.0000  -0.0001   0.0002  -0.0002   0.0002  -0.0001   0.0003  -0.0000   0.0000  -0.0032   0.0000   0.0000
  -0.0001  -0.0000  -0.0001  -0.0000   0.0004  -0.0001   0.0004  -0.0001   0.0004  -0.0000  -0.0007   0.0000   0.0001   0.0001
   0.0000  -0.0001   0.0000  -0.0004  -0.0003   0.0000  -0.0002   0.0001  -0.0001   0.0004   0.0003   0.0001  -0.0000   0.0001
  -0.0000   0.0002  -0.0000   0.0000   0.0002   0.0001  -0.0004   0.0001  -0.0004   0.0000  -0.0001   0.0002  -0.0001   0.0000
************     r-out-sym  ************
 imp=  1
 real part
   0.9892   0.0066   0.0000   0.0000   0.0000   0.0000   0.0000   0.0000   0.0000   0.0000   0.0000   0.0000   0.0000   0.0000
  -0.0038   0.9284   0.0000   0.0000   0.0000   0.0000   0.0000   0.0000   0.0000   0.0000   0.0000   0.0000   0.0000   0.0000
   0.0000   0.0000   0.9892   0.0066   0.0000   0.0000   0.0000   0.0000   0.0000   0.0000   0.0000   0.0000   0.0000   0.0000
   0.0000   0.0000  -0.0038   0.9284   0.0000   0.0000   0.0000   0.0000   0.0000   0.0000   0.0000   0.0000   0.0000   0.0000
   0.0000   0.0000   0.0000   0.0000   0.9679  -0.0093   0.0000   0.0000   0.0000   0.0000   0.0000   0.0000   0.0000   0.0000
   0.0000   0.0000   0.0000   0.0000  -0.0030   0.9284   0.0000   0.0000   0.0000   0.0000   0.0000   0.0000   0.0000   0.0000
   0.0000   0.0000   0.0000   0.0000   0.0000   0.0000   0.9679  -0.0093   0.0000   0.0000   0.0000   0.0000   0.0000   0.0000
   0.0000   0.0000   0.0000   0.0000   0.0000   0.0000  -0.0030   0.9284   0.0000   0.0000   0.0000   0.0000   0.0000   0.0000
   0.0000   0.0000   0.0000   0.0000   0.0000   0.0000   0.0000   0.0000   0.9679  -0.0093   0.0000   0.0000   0.0000   0.0000
   0.0000   0.0000   0.0000   0.0000   0.0000   0.0000   0.0000   0.0000  -0.0030   0.9284   0.0000   0.0000   0.0000   0.0000
   0.0000   0.0000   0.0000   0.0000   0.0000   0.0000   0.0000   0.0000   0.0000   0.0000   0.9679  -0.0093   0.0000   0.0000
   0.0000   0.0000   0.0000   0.0000   0.0000   0.0000   0.0000   0.0000   0.0000   0.0000  -0.0030   0.9284   0.0000   0.0000
   0.0000   0.0000   0.0000   0.0000   0.0000   0.0000   0.0000   0.0000   0.0000   0.0000   0.0000   0.0000   0.9687   0.0000
   0.0000   0.0000   0.0000   0.0000   0.0000   0.0000   0.0000   0.0000   0.0000   0.0000   0.0000   0.0000   0.0000   0.9687
 imag part
   0.0002  -0.0068   0.0000   0.0000   0.0000   0.0000   0.0000   0.0000   0.0000   0.0000   0.0000   0.0000   0.0000   0.0000
  -0.0054  -0.0002   0.0000   0.0000   0.0000   0.0000   0.0000   0.0000   0.0000   0.0000   0.0000   0.0000   0.0000   0.0000
   0.0000   0.0000   0.0002  -0.0068   0.0000   0.0000   0.0000   0.0000   0.0000   0.0000   0.0000   0.0000   0.0000   0.0000
   0.0000   0.0000  -0.0054  -0.0002   0.0000   0.0000   0.0000   0.0000   0.0000   0.0000   0.0000   0.0000   0.0000   0.0000
   0.0000   0.0000   0.0000   0.0000  -0.0003  -0.0037   0.0000   0.0000   0.0000   0.0000   0.0000   0.0000   0.0000   0.0000
   0.0000   0.0000   0.0000   0.0000  -0.0011   0.0003   0.0000   0.0000   0.0000   0.0000   0.0000   0.0000   0.0000   0.0000
   0.0000   0.0000   0.0000   0.0000   0.0000   0.0000  -0.0003  -0.0037   0.0000   0.0000   0.0000   0.0000   0.0000   0.0000
   0.0000   0.0000   0.0000   0.0000   0.0000   0.0000  -0.0011   0.0003   0.0000   0.0000   0.0000   0.0000   0.0000   0.0000
   0.0000   0.0000   0.0000   0.0000   0.0000   0.0000   0.0000   0.0000  -0.0003  -0.0037   0.0000   0.0000   0.0000   0.0000
   0.0000   0.0000   0.0000   0.0000   0.0000   0.0000   0.0000   0.0000  -0.0011   0.0003   0.0000   0.0000   0.0000   0.0000
   0.0000   0.0000   0.0000   0.0000   0.0000   0.0000   0.0000   0.0000   0.0000   0.0000  -0.0003  -0.0037   0.0000   0.0000
   0.0000   0.0000   0.0000   0.0000   0.0000   0.0000   0.0000   0.0000   0.0000   0.0000  -0.0011   0.0003   0.0000   0.0000
   0.0000   0.0000   0.0000   0.0000   0.0000   0.0000   0.0000   0.0000   0.0000   0.0000   0.0000   0.0000  -0.0000   0.0000
   0.0000   0.0000   0.0000   0.0000   0.0000   0.0000   0.0000   0.0000   0.0000   0.0000   0.0000   0.0000   0.0000  -0.0000
 max error due to symm in r-out =     0.010974
************     z-out-sym  ************
 imp=  1
 real part
   0.9786   0.0024   0.0000   0.0000   0.0000   0.0000   0.0000   0.0000   0.0000   0.0000   0.0000   0.0000   0.0000   0.0000
   0.0024   0.8619   0.0000   0.0000   0.0000   0.0000   0.0000   0.0000   0.0000   0.0000   0.0000   0.0000   0.0000   0.0000
   0.0000   0.0000   0.9786   0.0024   0.0000   0.0000   0.0000   0.0000   0.0000   0.0000   0.0000   0.0000   0.0000   0.0000
   0.0000   0.0000   0.0024   0.8619   0.0000   0.0000   0.0000   0.0000   0.0000   0.0000   0.0000   0.0000   0.0000   0.0000
   0.0000   0.0000   0.0000   0.0000   0.9369  -0.0115   0.0000   0.0000   0.0000   0.0000   0.0000   0.0000   0.0000   0.0000
   0.0000   0.0000   0.0000   0.0000  -0.0115   0.8620   0.0000   0.0000   0.0000   0.0000   0.0000   0.0000   0.0000   0.0000
   0.0000   0.0000   0.0000   0.0000   0.0000   0.0000   0.9369  -0.0115   0.0000   0.0000   0.0000   0.0000   0.0000   0.0000
   0.0000   0.0000   0.0000   0.0000   0.0000   0.0000  -0.0115   0.8620   0.0000   0.0000   0.0000   0.0000   0.0000   0.0000
   0.0000   0.0000   0.0000   0.0000   0.0000   0.0000   0.0000   0.0000   0.9369  -0.0115   0.0000   0.0000   0.0000   0.0000
   0.0000   0.0000   0.0000   0.0000   0.0000   0.0000   0.0000   0.0000  -0.0115   0.8620   0.0000   0.0000   0.0000   0.0000
   0.0000   0.0000   0.0000   0.0000   0.0000   0.0000   0.0000   0.0000   0.0000   0.0000   0.9369  -0.0115   0.0000   0.0000
   0.0000   0.0000   0.0000   0.0000   0.0000   0.0000   0.0000   0.0000   0.0000   0.0000  -0.0115   0.8620   0.0000   0.0000
   0.0000   0.0000   0.0000   0.0000   0.0000   0.0000   0.0000   0.0000   0.0000   0.0000   0.0000   0.0000   0.9383   0.0000
   0.0000   0.0000   0.0000   0.0000   0.0000   0.0000   0.0000   0.0000   0.0000   0.0000   0.0000   0.0000   0.0000   0.9383
 imag part
   0.0000  -0.0010   0.0000   0.0000   0.0000   0.0000   0.0000   0.0000   0.0000   0.0000   0.0000   0.0000   0.0000   0.0000
   0.0010   0.0000   0.0000   0.0000   0.0000   0.0000   0.0000   0.0000   0.0000   0.0000   0.0000   0.0000   0.0000   0.0000
   0.0000   0.0000   0.0000  -0.0010   0.0000   0.0000   0.0000   0.0000   0.0000   0.0000   0.0000   0.0000   0.0000   0.0000
   0.0000   0.0000   0.0010   0.0000   0.0000   0.0000   0.0000   0.0000   0.0000   0.0000   0.0000   0.0000   0.0000   0.0000
   0.0000   0.0000   0.0000   0.0000   0.0000  -0.0024   0.0000   0.0000   0.0000   0.0000   0.0000   0.0000   0.0000   0.0000
   0.0000   0.0000   0.0000   0.0000   0.0024   0.0000   0.0000   0.0000   0.0000   0.0000   0.0000   0.0000   0.0000   0.0000
   0.0000   0.0000   0.0000   0.0000   0.0000   0.0000   0.0000  -0.0024   0.0000   0.0000   0.0000   0.0000   0.0000   0.0000
   0.0000   0.0000   0.0000   0.0000   0.0000   0.0000   0.0024   0.0000   0.0000   0.0000   0.0000   0.0000   0.0000   0.0000
   0.0000   0.0000   0.0000   0.0000   0.0000   0.0000   0.0000   0.0000   0.0000  -0.0024   0.0000   0.0000   0.0000   0.0000
   0.0000   0.0000   0.0000   0.0000   0.0000   0.0000   0.0000   0.0000   0.0024   0.0000   0.0000   0.0000   0.0000   0.0000
   0.0000   0.0000   0.0000   0.0000   0.0000   0.0000   0.0000   0.0000   0.0000   0.0000   0.0000  -0.0024   0.0000   0.0000
   0.0000   0.0000   0.0000   0.0000   0.0000   0.0000   0.0000   0.0000   0.0000   0.0000   0.0024   0.0000   0.0000   0.0000
   0.0000   0.0000   0.0000   0.0000   0.0000   0.0000   0.0000   0.0000   0.0000   0.0000   0.0000   0.0000  -0.0000   0.0000
   0.0000   0.0000   0.0000   0.0000   0.0000   0.0000   0.0000   0.0000   0.0000   0.0000   0.0000   0.0000   0.0000  -0.0000
 imp=  1 eigen values of         z:
    0.9787    0.9787    0.9387    0.9387    0.9387    0.9387    0.9383    0.9383    0.8618    0.8618    0.8602    0.8602    0.8602    0.8602
 maxerr =     0.211242
 CyGErr takes    0 h  0 m  0.07 s(cpu).
                 0 h  0 m  0.11 s(wall).
 total number of impurities =    1
 impurity imap indices:
       1
 impurity num_spin_orbitals:
      14
 imp =  1 v2e(1,1,1,1) = .31
 mott localized orbital info:
 i=  1 nsorb= 0 nelect= 0
 ispin_in= 1 iso= 2 ispin= 1 ispo= 2
************     h1e-unsym  ************
 imp=  1
 real part
   2.0738  -0.0054   0.0000   0.0055   0.0113   0.0140   0.0008   0.0138   0.0101  -0.0007  -0.0066   0.0041  -0.0001   0.0000
  -0.0054   2.0686   0.0123  -0.0000   0.0118  -0.0035  -0.0058  -0.0097   0.0199   0.0088   0.0072  -0.0004  -0.0000  -0.0000
   0.0000   0.0123   2.0738   0.0023  -0.0039  -0.0050   0.0015  -0.0147  -0.0047   0.0155  -0.0055   0.0061  -0.0000  -0.0001
   0.0055  -0.0000   0.0023   2.0686  -0.0081   0.0073  -0.0114   0.0081  -0.0039   0.0091   0.0236   0.0070  -0.0000   0.0000
   0.0113   0.0118  -0.0039  -0.0081   2.0837  -0.0016  -0.0036   0.0047  -0.0097   0.0013   0.0084   0.0007   0.0014   0.0038
   0.0140  -0.0035  -0.0050   0.0073  -0.0016   2.0628   0.0035  -0.0120  -0.0005  -0.0015  -0.0016  -0.0047  -0.0020  -0.0141
   0.0008  -0.0058   0.0015  -0.0114  -0.0036   0.0035   2.0902   0.0026   0.0069  -0.0018   0.0125  -0.0035   0.0035  -0.0023
   0.0138  -0.0097  -0.0147   0.0081   0.0047  -0.0120   0.0026   2.0578   0.0026  -0.0027   0.0003  -0.0017  -0.0037   0.0135
   0.0101   0.0199  -0.0047  -0.0039  -0.0097  -0.0005   0.0069   0.0026   2.0803  -0.0044  -0.0018   0.0029   0.0033  -0.0084
  -0.0007   0.0088   0.0155   0.0091   0.0013  -0.0015  -0.0018  -0.0027  -0.0044   2.0474  -0.0040  -0.0057   0.0135  -0.0051
  -0.0066   0.0072  -0.0055   0.0236   0.0084  -0.0016   0.0125   0.0003  -0.0018  -0.0040   2.0812  -0.0021   0.0039   0.0034
   0.0041  -0.0004   0.0061   0.0070   0.0007  -0.0047  -0.0035  -0.0017   0.0029  -0.0057  -0.0021   2.0634  -0.0234  -0.0003
  -0.0001  -0.0000  -0.0000  -0.0000   0.0014  -0.0020   0.0035  -0.0037   0.0033   0.0135   0.0039  -0.0234   2.0557   0.0000
   0.0000  -0.0000  -0.0001   0.0000   0.0038  -0.0141  -0.0023   0.0135  -0.0084  -0.0051   0.0034  -0.0003   0.0000   2.0557
 imag part
   0.0000  -0.0017   0.0000   0.0117  -0.0024   0.0105   0.0024   0.0106   0.0019   0.0128  -0.0072   0.0163  -0.0001   0.0000
   0.0017  -0.0000  -0.0042   0.0000  -0.0150  -0.0005  -0.0118   0.0040   0.0116   0.0046   0.0088  -0.0068   0.0000   0.0000
  -0.0000   0.0042   0.0000   0.0052   0.0061   0.0014   0.0085   0.0081  -0.0090   0.0207  -0.0090  -0.0066   0.0000   0.0001
  -0.0117  -0.0000  -0.0052   0.0000   0.0142  -0.0025  -0.0032   0.0009   0.0137   0.0026  -0.0052  -0.0014  -0.0000   0.0000
   0.0024   0.0150  -0.0061  -0.0142  -0.0000   0.0058   0.0008  -0.0001  -0.0103   0.0000   0.0011   0.0006  -0.0007   0.0090
  -0.0105   0.0005  -0.0014   0.0025  -0.0058  -0.0000   0.0016   0.0016   0.0033  -0.0011  -0.0039  -0.0076   0.0093   0.0241
  -0.0024   0.0118  -0.0085   0.0032  -0.0008  -0.0016   0.0000   0.0031   0.0010   0.0016  -0.0052  -0.0060  -0.0117  -0.0041
  -0.0106  -0.0040  -0.0081  -0.0009   0.0001  -0.0016  -0.0031   0.0000  -0.0024   0.0067   0.0025  -0.0072   0.0120  -0.0177
  -0.0019  -0.0116   0.0090  -0.0137   0.0103  -0.0033  -0.0010   0.0024  -0.0000   0.0025   0.0045   0.0009  -0.0007  -0.0016
  -0.0128  -0.0046  -0.0207  -0.0026  -0.0000   0.0011  -0.0016  -0.0067  -0.0025   0.0000  -0.0009   0.0076  -0.0039  -0.0031
   0.0072  -0.0088   0.0090   0.0052  -0.0011   0.0039   0.0052  -0.0025  -0.0045   0.0009   0.0000  -0.0033  -0.0065   0.0040
  -0.0163   0.0068   0.0066   0.0014  -0.0006   0.0076   0.0060   0.0072  -0.0009  -0.0076   0.0033   0.0000  -0.0181  -0.0033
   0.0001  -0.0000  -0.0000   0.0000   0.0007  -0.0093   0.0117  -0.0120   0.0007   0.0039   0.0065   0.0181  -0.0000  -0.0000
  -0.0000  -0.0000  -0.0001  -0.0000  -0.0090  -0.0241   0.0041   0.0177   0.0016   0.0031  -0.0040   0.0033   0.0000   0.0000
   orbital splitting:
   0.00000  -0.00516  -0.00000  -0.00516   0.00998  -0.01095   0.01649  -0.01593   0.00653  -0.02634   0.00740  -0.01037  -0.01806  -0.01806
 imp=  1 eigen values of h1e-unsym:
    2.1080    2.1080    2.1054    2.1054    2.1009    2.1009    2.1005    2.1005    2.0255    2.0255    2.0212    2.0212    2.0201    2.0201
************       h1e-sym  ************
 imp=  1
 real part
   2.0738  -0.0016   0.0000   0.0000   0.0000   0.0000   0.0000   0.0000   0.0000   0.0000   0.0000   0.0000   0.0000   0.0000
  -0.0016   2.0686   0.0000   0.0000   0.0000   0.0000   0.0000   0.0000   0.0000   0.0000   0.0000   0.0000   0.0000   0.0000
   0.0000   0.0000   2.0738  -0.0016   0.0000   0.0000   0.0000   0.0000   0.0000   0.0000   0.0000   0.0000   0.0000   0.0000
   0.0000   0.0000  -0.0016   2.0686   0.0000   0.0000   0.0000   0.0000   0.0000   0.0000   0.0000   0.0000   0.0000   0.0000
   0.0000   0.0000   0.0000   0.0000   2.0839  -0.0013   0.0000   0.0000   0.0000   0.0000   0.0000   0.0000   0.0000   0.0000
   0.0000   0.0000   0.0000   0.0000  -0.0013   2.0579   0.0000   0.0000   0.0000   0.0000   0.0000   0.0000   0.0000   0.0000
   0.0000   0.0000   0.0000   0.0000   0.0000   0.0000   2.0839  -0.0013   0.0000   0.0000   0.0000   0.0000   0.0000   0.0000
   0.0000   0.0000   0.0000   0.0000   0.0000   0.0000  -0.0013   2.0579   0.0000   0.0000   0.0000   0.0000   0.0000   0.0000
   0.0000   0.0000   0.0000   0.0000   0.0000   0.0000   0.0000   0.0000   2.0839  -0.0013   0.0000   0.0000   0.0000   0.0000
   0.0000   0.0000   0.0000   0.0000   0.0000   0.0000   0.0000   0.0000  -0.0013   2.0579   0.0000   0.0000   0.0000   0.0000
   0.0000   0.0000   0.0000   0.0000   0.0000   0.0000   0.0000   0.0000   0.0000   0.0000   2.0839  -0.0013   0.0000   0.0000
   0.0000   0.0000   0.0000   0.0000   0.0000   0.0000   0.0000   0.0000   0.0000   0.0000  -0.0013   2.0579   0.0000   0.0000
   0.0000   0.0000   0.0000   0.0000   0.0000   0.0000   0.0000   0.0000   0.0000   0.0000   0.0000   0.0000   2.0557   0.0000
   0.0000   0.0000   0.0000   0.0000   0.0000   0.0000   0.0000   0.0000   0.0000   0.0000   0.0000   0.0000   0.0000   2.0557
 imag part
   0.0000   0.0018   0.0000   0.0000   0.0000   0.0000   0.0000   0.0000   0.0000   0.0000   0.0000   0.0000   0.0000   0.0000
  -0.0018   0.0000   0.0000   0.0000   0.0000   0.0000   0.0000   0.0000   0.0000   0.0000   0.0000   0.0000   0.0000   0.0000
   0.0000   0.0000   0.0000   0.0018   0.0000   0.0000   0.0000   0.0000   0.0000   0.0000   0.0000   0.0000   0.0000   0.0000
   0.0000   0.0000  -0.0018   0.0000   0.0000   0.0000   0.0000   0.0000   0.0000   0.0000   0.0000   0.0000   0.0000   0.0000
   0.0000   0.0000   0.0000   0.0000   0.0000   0.0020   0.0000   0.0000   0.0000   0.0000   0.0000   0.0000   0.0000   0.0000
   0.0000   0.0000   0.0000   0.0000  -0.0020   0.0000   0.0000   0.0000   0.0000   0.0000   0.0000   0.0000   0.0000   0.0000
   0.0000   0.0000   0.0000   0.0000   0.0000   0.0000   0.0000   0.0020   0.0000   0.0000   0.0000   0.0000   0.0000   0.0000
   0.0000   0.0000   0.0000   0.0000   0.0000   0.0000  -0.0020   0.0000   0.0000   0.0000   0.0000   0.0000   0.0000   0.0000
   0.0000   0.0000   0.0000   0.0000   0.0000   0.0000   0.0000   0.0000   0.0000   0.0020   0.0000   0.0000   0.0000   0.0000
   0.0000   0.0000   0.0000   0.0000   0.0000   0.0000   0.0000   0.0000  -0.0020   0.0000   0.0000   0.0000   0.0000   0.0000
   0.0000   0.0000   0.0000   0.0000   0.0000   0.0000   0.0000   0.0000   0.0000   0.0000   0.0000   0.0020   0.0000   0.0000
   0.0000   0.0000   0.0000   0.0000   0.0000   0.0000   0.0000   0.0000   0.0000   0.0000  -0.0020   0.0000   0.0000   0.0000
   0.0000   0.0000   0.0000   0.0000   0.0000   0.0000   0.0000   0.0000   0.0000   0.0000   0.0000   0.0000   0.0000   0.0000
   0.0000   0.0000   0.0000   0.0000   0.0000   0.0000   0.0000   0.0000   0.0000   0.0000   0.0000   0.0000   0.0000   0.0000
   orbital splitting:
   0.00000  -0.00516   0.00000  -0.00516   0.01010  -0.01590   0.01010  -0.01590   0.01010  -0.01590   0.01010  -0.01590  -0.01806  -0.01806
 imp=  1 eigen values of   h1e-sym:
    2.0841    2.0841    2.0841    2.0841    2.0747    2.0747    2.0677    2.0677    2.0576    2.0576    2.0576    2.0576    2.0557    2.0557
 max error due to symm in h1e =     0.029602
************     h1u-unsym  ************
 imp=  1
 real part
   2.0738  -0.0054   0.0000   0.0055   0.0113   0.0140   0.0008   0.0138   0.0101  -0.0007  -0.0066   0.0041  -0.0001   0.0000
  -0.0054   2.0686   0.0123  -0.0000   0.0118  -0.0035  -0.0058  -0.0097   0.0199   0.0088   0.0072  -0.0004  -0.0000  -0.0000
   0.0000   0.0123   2.0738   0.0023  -0.0039  -0.0050   0.0015  -0.0147  -0.0047   0.0155  -0.0055   0.0061  -0.0000  -0.0001
   0.0055  -0.0000   0.0023   2.0686  -0.0081   0.0073  -0.0114   0.0081  -0.0039   0.0091   0.0236   0.0070  -0.0000   0.0000
   0.0113   0.0118  -0.0039  -0.0081   2.0837  -0.0016  -0.0036   0.0047  -0.0097   0.0013   0.0084   0.0007   0.0014   0.0038
   0.0140  -0.0035  -0.0050   0.0073  -0.0016   2.0628   0.0035  -0.0120  -0.0005  -0.0015  -0.0016  -0.0047  -0.0020  -0.0141
   0.0008  -0.0058   0.0015  -0.0114  -0.0036   0.0035   2.0902   0.0026   0.0069  -0.0018   0.0125  -0.0035   0.0035  -0.0023
   0.0138  -0.0097  -0.0147   0.0081   0.0047  -0.0120   0.0026   2.0578   0.0026  -0.0027   0.0003  -0.0017  -0.0037   0.0135
   0.0101   0.0199  -0.0047  -0.0039  -0.0097  -0.0005   0.0069   0.0026   2.0803  -0.0044  -0.0018   0.0029   0.0033  -0.0084
  -0.0007   0.0088   0.0155   0.0091   0.0013  -0.0015  -0.0018  -0.0027  -0.0044   2.0474  -0.0040  -0.0057   0.0135  -0.0051
  -0.0066   0.0072  -0.0055   0.0236   0.0084  -0.0016   0.0125   0.0003  -0.0018  -0.0040   2.0812  -0.0021   0.0039   0.0034
   0.0041  -0.0004   0.0061   0.0070   0.0007  -0.0047  -0.0035  -0.0017   0.0029  -0.0057  -0.0021   2.0634  -0.0234  -0.0003
  -0.0001  -0.0000  -0.0000  -0.0000   0.0014  -0.0020   0.0035  -0.0037   0.0033   0.0135   0.0039  -0.0234   2.0557   0.0000
   0.0000  -0.0000  -0.0001   0.0000   0.0038  -0.0141  -0.0023   0.0135  -0.0084  -0.0051   0.0034  -0.0003   0.0000   2.0557
 imag part
   0.0000  -0.0017   0.0000   0.0117  -0.0024   0.0105   0.0024   0.0106   0.0019   0.0128  -0.0072   0.0163  -0.0001   0.0000
   0.0017  -0.0000  -0.0042   0.0000  -0.0150  -0.0005  -0.0118   0.0040   0.0116   0.0046   0.0088  -0.0068   0.0000   0.0000
  -0.0000   0.0042   0.0000   0.0052   0.0061   0.0014   0.0085   0.0081  -0.0090   0.0207  -0.0090  -0.0066   0.0000   0.0001
  -0.0117  -0.0000  -0.0052   0.0000   0.0142  -0.0025  -0.0032   0.0009   0.0137   0.0026  -0.0052  -0.0014  -0.0000   0.0000
   0.0024   0.0150  -0.0061  -0.0142  -0.0000   0.0058   0.0008  -0.0001  -0.0103   0.0000   0.0011   0.0006  -0.0007   0.0090
  -0.0105   0.0005  -0.0014   0.0025  -0.0058  -0.0000   0.0016   0.0016   0.0033  -0.0011  -0.0039  -0.0076   0.0093   0.0241
  -0.0024   0.0118  -0.0085   0.0032  -0.0008  -0.0016   0.0000   0.0031   0.0010   0.0016  -0.0052  -0.0060  -0.0117  -0.0041
  -0.0106  -0.0040  -0.0081  -0.0009   0.0001  -0.0016  -0.0031   0.0000  -0.0024   0.0067   0.0025  -0.0072   0.0120  -0.0177
  -0.0019  -0.0116   0.0090  -0.0137   0.0103  -0.0033  -0.0010   0.0024  -0.0000   0.0025   0.0045   0.0009  -0.0007  -0.0016
  -0.0128  -0.0046  -0.0207  -0.0026  -0.0000   0.0011  -0.0016  -0.0067  -0.0025   0.0000  -0.0009   0.0076  -0.0039  -0.0031
   0.0072  -0.0088   0.0090   0.0052  -0.0011   0.0039   0.0052  -0.0025  -0.0045   0.0009   0.0000  -0.0033  -0.0065   0.0040
  -0.0163   0.0068   0.0066   0.0014  -0.0006   0.0076   0.0060   0.0072  -0.0009  -0.0076   0.0033   0.0000  -0.0181  -0.0033
   0.0001  -0.0000  -0.0000   0.0000   0.0007  -0.0093   0.0117  -0.0120   0.0007   0.0039   0.0065   0.0181  -0.0000  -0.0000
  -0.0000  -0.0000  -0.0001  -0.0000  -0.0090  -0.0241   0.0041   0.0177   0.0016   0.0031  -0.0040   0.0033   0.0000   0.0000
   orbital splitting:
   0.00000  -0.00516  -0.00000  -0.00516   0.00998  -0.01095   0.01649  -0.01593   0.00653  -0.02634   0.00740  -0.01037  -0.01806  -0.01806
 imp=  1 eigen values of h1u-unsym:
    2.1080    2.1080    2.1054    2.1054    2.1009    2.1009    2.1005    2.1005    2.0255    2.0255    2.0212    2.0212    2.0201    2.0201
************       h1u-sym  ************
 imp=  1
 real part
   2.0738  -0.0016   0.0000   0.0000   0.0000   0.0000   0.0000   0.0000   0.0000   0.0000   0.0000   0.0000   0.0000   0.0000
  -0.0016   2.0686   0.0000   0.0000   0.0000   0.0000   0.0000   0.0000   0.0000   0.0000   0.0000   0.0000   0.0000   0.0000
   0.0000   0.0000   2.0738  -0.0016   0.0000   0.0000   0.0000   0.0000   0.0000   0.0000   0.0000   0.0000   0.0000   0.0000
   0.0000   0.0000  -0.0016   2.0686   0.0000   0.0000   0.0000   0.0000   0.0000   0.0000   0.0000   0.0000   0.0000   0.0000
   0.0000   0.0000   0.0000   0.0000   2.0839  -0.0013   0.0000   0.0000   0.0000   0.0000   0.0000   0.0000   0.0000   0.0000
   0.0000   0.0000   0.0000   0.0000  -0.0013   2.0579   0.0000   0.0000   0.0000   0.0000   0.0000   0.0000   0.0000   0.0000
   0.0000   0.0000   0.0000   0.0000   0.0000   0.0000   2.0839  -0.0013   0.0000   0.0000   0.0000   0.0000   0.0000   0.0000
   0.0000   0.0000   0.0000   0.0000   0.0000   0.0000  -0.0013   2.0579   0.0000   0.0000   0.0000   0.0000   0.0000   0.0000
   0.0000   0.0000   0.0000   0.0000   0.0000   0.0000   0.0000   0.0000   2.0839  -0.0013   0.0000   0.0000   0.0000   0.0000
   0.0000   0.0000   0.0000   0.0000   0.0000   0.0000   0.0000   0.0000  -0.0013   2.0579   0.0000   0.0000   0.0000   0.0000
   0.0000   0.0000   0.0000   0.0000   0.0000   0.0000   0.0000   0.0000   0.0000   0.0000   2.0839  -0.0013   0.0000   0.0000
   0.0000   0.0000   0.0000   0.0000   0.0000   0.0000   0.0000   0.0000   0.0000   0.0000  -0.0013   2.0579   0.0000   0.0000
   0.0000   0.0000   0.0000   0.0000   0.0000   0.0000   0.0000   0.0000   0.0000   0.0000   0.0000   0.0000   2.0557   0.0000
   0.0000   0.0000   0.0000   0.0000   0.0000   0.0000   0.0000   0.0000   0.0000   0.0000   0.0000   0.0000   0.0000   2.0557
 imag part
   0.0000   0.0018   0.0000   0.0000   0.0000   0.0000   0.0000   0.0000   0.0000   0.0000   0.0000   0.0000   0.0000   0.0000
  -0.0018   0.0000   0.0000   0.0000   0.0000   0.0000   0.0000   0.0000   0.0000   0.0000   0.0000   0.0000   0.0000   0.0000
   0.0000   0.0000   0.0000   0.0018   0.0000   0.0000   0.0000   0.0000   0.0000   0.0000   0.0000   0.0000   0.0000   0.0000
   0.0000   0.0000  -0.0018   0.0000   0.0000   0.0000   0.0000   0.0000   0.0000   0.0000   0.0000   0.0000   0.0000   0.0000
   0.0000   0.0000   0.0000   0.0000   0.0000   0.0020   0.0000   0.0000   0.0000   0.0000   0.0000   0.0000   0.0000   0.0000
   0.0000   0.0000   0.0000   0.0000  -0.0020   0.0000   0.0000   0.0000   0.0000   0.0000   0.0000   0.0000   0.0000   0.0000
   0.0000   0.0000   0.0000   0.0000   0.0000   0.0000   0.0000   0.0020   0.0000   0.0000   0.0000   0.0000   0.0000   0.0000
   0.0000   0.0000   0.0000   0.0000   0.0000   0.0000  -0.0020   0.0000   0.0000   0.0000   0.0000   0.0000   0.0000   0.0000
   0.0000   0.0000   0.0000   0.0000   0.0000   0.0000   0.0000   0.0000   0.0000   0.0020   0.0000   0.0000   0.0000   0.0000
   0.0000   0.0000   0.0000   0.0000   0.0000   0.0000   0.0000   0.0000  -0.0020   0.0000   0.0000   0.0000   0.0000   0.0000
   0.0000   0.0000   0.0000   0.0000   0.0000   0.0000   0.0000   0.0000   0.0000   0.0000   0.0000   0.0020   0.0000   0.0000
   0.0000   0.0000   0.0000   0.0000   0.0000   0.0000   0.0000   0.0000   0.0000   0.0000  -0.0020   0.0000   0.0000   0.0000
   0.0000   0.0000   0.0000   0.0000   0.0000   0.0000   0.0000   0.0000   0.0000   0.0000   0.0000   0.0000   0.0000   0.0000
   0.0000   0.0000   0.0000   0.0000   0.0000   0.0000   0.0000   0.0000   0.0000   0.0000   0.0000   0.0000   0.0000   0.0000
   orbital splitting:
   0.00000  -0.00516   0.00000  -0.00516   0.01010  -0.01590   0.01010  -0.01590   0.01010  -0.01590   0.01010  -0.01590  -0.01806  -0.01806
 imp=  1 eigen values of   h1u-sym:
    2.0841    2.0841    2.0841    2.0841    2.0747    2.0747    2.0677    2.0677    2.0576    2.0576    2.0576    2.0576    2.0557    2.0557
 max error due to symm in h1u =     0.029602
 min/max(this%ne(1,:,:))=      40      48
 min/max(this%ne(2,:,:))=       9       9
 min/max(this%ne(3,:,:))=      26      34
 brillouin zone integration: ismear=-5 with delta=.00000
 this%nmax=  48
 valence electrons: total=    16.0
         correlated block=     8.0
 bz integration with tetra method, icor= 1
 equal occupancy of degenerate states, tol= 0.1E-05
 calc_band_all takes    0 h  0 m  0.03 s(cpu).
                        0 h  0 m  0.03 s(wall).
 iloop            1
 iloop            2
   fermi energy at    2.0175874901380966     
   sum rule of tetrahedron integration checked 
   number of occupied bands:          18
   highest energy:   2.0693915011917654     
 gutz fermi level=      2.01758749
 e_mol = 20.8738772 e_tot = -7.1470062
************     ncv-unsym  ************
 imp=  1
 real part
   0.2877  -0.0039   0.0003  -0.0021  -0.0000  -0.0000  -0.0002  -0.0006   0.0003   0.0003   0.0000   0.0002   0.0000  -0.0002
  -0.0039   0.5621  -0.0068  -0.0000   0.0001   0.0001  -0.0001   0.0007   0.0001  -0.0000  -0.0007   0.0005  -0.0007  -0.0005
   0.0003  -0.0068   0.2877  -0.0077  -0.0002  -0.0001  -0.0001  -0.0003   0.0002  -0.0002  -0.0000   0.0001  -0.0000   0.0000
  -0.0021  -0.0000  -0.0077   0.5617  -0.0001   0.0004  -0.0005   0.0001  -0.0003   0.0002  -0.0001  -0.0001   0.0003   0.0004
  -0.0000   0.0001  -0.0002  -0.0001   0.4214   0.0240  -0.0001   0.0019   0.0002   0.0000   0.0002  -0.0010   0.0002   0.0003
  -0.0000   0.0001  -0.0001   0.0004   0.0240   0.5596  -0.0007  -0.0001   0.0027   0.0001  -0.0025   0.0002  -0.0002   0.0002
  -0.0002  -0.0001  -0.0001  -0.0005  -0.0001  -0.0007   0.4214   0.0210  -0.0000   0.0024  -0.0000   0.0017   0.0001  -0.0003
  -0.0006   0.0007  -0.0003   0.0001   0.0019  -0.0001   0.0210   0.5603  -0.0004  -0.0004  -0.0029   0.0002   0.0001  -0.0004
   0.0003   0.0001   0.0002  -0.0003   0.0002   0.0027  -0.0000  -0.0004   0.4213   0.0202   0.0000   0.0011  -0.0000  -0.0008
   0.0003  -0.0000  -0.0002   0.0002   0.0000   0.0001   0.0024  -0.0004   0.0202   0.5595  -0.0022   0.0001   0.0004   0.0002
   0.0000  -0.0007  -0.0000  -0.0001   0.0002  -0.0025  -0.0000  -0.0029   0.0000  -0.0022   0.4217   0.0199  -0.0004  -0.0001
   0.0002   0.0005   0.0001  -0.0001  -0.0010   0.0002   0.0017   0.0002   0.0011   0.0001   0.0199   0.5599   0.0002   0.0002
   0.0000  -0.0007  -0.0000   0.0003   0.0002  -0.0002   0.0001   0.0001  -0.0000   0.0004  -0.0004   0.0002   0.4264  -0.0001
  -0.0002  -0.0005   0.0000   0.0004   0.0003   0.0002  -0.0003  -0.0004  -0.0008   0.0002  -0.0001   0.0002  -0.0001   0.4266
 imag part
   0.0000  -0.0050  -0.0000   0.0076   0.0002  -0.0001  -0.0001  -0.0001   0.0006  -0.0006   0.0000   0.0001   0.0001  -0.0000
   0.0050   0.0000  -0.0037   0.0002  -0.0000   0.0000   0.0003  -0.0001  -0.0004  -0.0003   0.0002  -0.0001  -0.0001   0.0004
   0.0000   0.0037   0.0000  -0.0000  -0.0001   0.0004   0.0002   0.0000  -0.0000   0.0002   0.0001   0.0001   0.0002  -0.0001
  -0.0076  -0.0002   0.0000   0.0000  -0.0001   0.0002   0.0003  -0.0000   0.0007  -0.0007  -0.0002   0.0002  -0.0006   0.0001
  -0.0002   0.0000   0.0001   0.0001   0.0000  -0.0034  -0.0001  -0.0028  -0.0000   0.0012  -0.0003  -0.0020  -0.0005   0.0004
   0.0001  -0.0000  -0.0004  -0.0002   0.0034  -0.0000   0.0012   0.0002   0.0020  -0.0002  -0.0011   0.0000   0.0000   0.0003
   0.0001  -0.0003  -0.0002  -0.0003   0.0001  -0.0012   0.0000  -0.0046   0.0001   0.0024  -0.0001  -0.0025  -0.0004  -0.0007
   0.0001   0.0001  -0.0000   0.0000   0.0028  -0.0002   0.0046   0.0000  -0.0030   0.0004  -0.0003  -0.0002   0.0001   0.0002
  -0.0006   0.0004   0.0000  -0.0007   0.0000  -0.0020  -0.0001   0.0030  -0.0000  -0.0060   0.0000  -0.0025  -0.0002  -0.0008
   0.0006   0.0003  -0.0002   0.0007  -0.0012   0.0002  -0.0024  -0.0004   0.0060   0.0000  -0.0003  -0.0003   0.0008   0.0001
  -0.0000  -0.0002  -0.0001   0.0002   0.0003   0.0011   0.0001   0.0003  -0.0000   0.0003   0.0000  -0.0075   0.0005  -0.0001
  -0.0001   0.0001  -0.0001  -0.0002   0.0020  -0.0000   0.0025   0.0002   0.0025   0.0003   0.0075  -0.0000   0.0002   0.0003
  -0.0001   0.0001  -0.0002   0.0006   0.0005  -0.0000   0.0004  -0.0001   0.0002  -0.0008  -0.0005  -0.0002   0.0000  -0.0003
   0.0000  -0.0004   0.0001  -0.0001  -0.0004  -0.0003   0.0007  -0.0002   0.0008  -0.0001   0.0001  -0.0003   0.0003  -0.0000
   sub_tot=  6.477350  0.000000
************       ncv-sym  ************
 imp=  1
 real part
   0.2877  -0.0058   0.0000   0.0000   0.0000   0.0000   0.0000   0.0000   0.0000   0.0000   0.0000   0.0000   0.0000   0.0000
  -0.0058   0.5619   0.0000   0.0000   0.0000   0.0000   0.0000   0.0000   0.0000   0.0000   0.0000   0.0000   0.0000   0.0000
   0.0000   0.0000   0.2877  -0.0058   0.0000   0.0000   0.0000   0.0000   0.0000   0.0000   0.0000   0.0000   0.0000   0.0000
   0.0000   0.0000  -0.0058   0.5619   0.0000   0.0000   0.0000   0.0000   0.0000   0.0000   0.0000   0.0000   0.0000   0.0000
   0.0000   0.0000   0.0000   0.0000   0.4215   0.0213   0.0000   0.0000   0.0000   0.0000   0.0000   0.0000   0.0000   0.0000
   0.0000   0.0000   0.0000   0.0000   0.0213   0.5598   0.0000   0.0000   0.0000   0.0000   0.0000   0.0000   0.0000   0.0000
   0.0000   0.0000   0.0000   0.0000   0.0000   0.0000   0.4215   0.0213   0.0000   0.0000   0.0000   0.0000   0.0000   0.0000
   0.0000   0.0000   0.0000   0.0000   0.0000   0.0000   0.0213   0.5598   0.0000   0.0000   0.0000   0.0000   0.0000   0.0000
   0.0000   0.0000   0.0000   0.0000   0.0000   0.0000   0.0000   0.0000   0.4215   0.0213   0.0000   0.0000   0.0000   0.0000
   0.0000   0.0000   0.0000   0.0000   0.0000   0.0000   0.0000   0.0000   0.0213   0.5598   0.0000   0.0000   0.0000   0.0000
   0.0000   0.0000   0.0000   0.0000   0.0000   0.0000   0.0000   0.0000   0.0000   0.0000   0.4215   0.0213   0.0000   0.0000
   0.0000   0.0000   0.0000   0.0000   0.0000   0.0000   0.0000   0.0000   0.0000   0.0000   0.0213   0.5598   0.0000   0.0000
   0.0000   0.0000   0.0000   0.0000   0.0000   0.0000   0.0000   0.0000   0.0000   0.0000   0.0000   0.0000   0.4265   0.0000
   0.0000   0.0000   0.0000   0.0000   0.0000   0.0000   0.0000   0.0000   0.0000   0.0000   0.0000   0.0000   0.0000   0.4265
 imag part
   0.0000  -0.0025   0.0000   0.0000   0.0000   0.0000   0.0000   0.0000   0.0000   0.0000   0.0000   0.0000   0.0000   0.0000
   0.0025   0.0000   0.0000   0.0000   0.0000   0.0000   0.0000   0.0000   0.0000   0.0000   0.0000   0.0000   0.0000   0.0000
   0.0000   0.0000   0.0000  -0.0025   0.0000   0.0000   0.0000   0.0000   0.0000   0.0000   0.0000   0.0000   0.0000   0.0000
   0.0000   0.0000   0.0025   0.0000   0.0000   0.0000   0.0000   0.0000   0.0000   0.0000   0.0000   0.0000   0.0000   0.0000
   0.0000   0.0000   0.0000   0.0000   0.0000  -0.0054   0.0000   0.0000   0.0000   0.0000   0.0000   0.0000   0.0000   0.0000
   0.0000   0.0000   0.0000   0.0000   0.0054   0.0000   0.0000   0.0000   0.0000   0.0000   0.0000   0.0000   0.0000   0.0000
   0.0000   0.0000   0.0000   0.0000   0.0000   0.0000   0.0000  -0.0054   0.0000   0.0000   0.0000   0.0000   0.0000   0.0000
   0.0000   0.0000   0.0000   0.0000   0.0000   0.0000   0.0054   0.0000   0.0000   0.0000   0.0000   0.0000   0.0000   0.0000
   0.0000   0.0000   0.0000   0.0000   0.0000   0.0000   0.0000   0.0000   0.0000  -0.0054   0.0000   0.0000   0.0000   0.0000
   0.0000   0.0000   0.0000   0.0000   0.0000   0.0000   0.0000   0.0000   0.0054   0.0000   0.0000   0.0000   0.0000   0.0000
   0.0000   0.0000   0.0000   0.0000   0.0000   0.0000   0.0000   0.0000   0.0000   0.0000   0.0000  -0.0054   0.0000   0.0000
   0.0000   0.0000   0.0000   0.0000   0.0000   0.0000   0.0000   0.0000   0.0000   0.0000   0.0054   0.0000   0.0000   0.0000
   0.0000   0.0000   0.0000   0.0000   0.0000   0.0000   0.0000   0.0000   0.0000   0.0000   0.0000   0.0000   0.0000   0.0000
   0.0000   0.0000   0.0000   0.0000   0.0000   0.0000   0.0000   0.0000   0.0000   0.0000   0.0000   0.0000   0.0000   0.0000
   sub_tot=  6.477350  0.000000
 max error due to symm in ncv =     0.007897
************     ncp-unsym  ************
 imp=  1
 real part
   0.2919  -0.0018   0.0004  -0.0025  -0.0001  -0.0001  -0.0002  -0.0008   0.0003   0.0004   0.0001   0.0003   0.0000  -0.0003
  -0.0018   0.5592  -0.0082  -0.0000   0.0000   0.0000  -0.0001   0.0007   0.0000  -0.0001  -0.0008   0.0006  -0.0007  -0.0005
   0.0004  -0.0082   0.2919  -0.0064  -0.0001  -0.0001  -0.0001  -0.0004   0.0002  -0.0002  -0.0000   0.0001   0.0000   0.0000
  -0.0025  -0.0000  -0.0064   0.5587  -0.0000   0.0004  -0.0005   0.0001  -0.0003   0.0002  -0.0001  -0.0001   0.0003   0.0005
  -0.0001   0.0000  -0.0001  -0.0000   0.4216   0.0238  -0.0001   0.0024   0.0002  -0.0001   0.0002  -0.0013   0.0002   0.0003
  -0.0001   0.0000  -0.0001   0.0004   0.0238   0.5570  -0.0010  -0.0001   0.0035   0.0002  -0.0030   0.0001  -0.0002   0.0002
  -0.0002  -0.0001  -0.0001  -0.0005  -0.0001  -0.0010   0.4217   0.0198  -0.0000   0.0033   0.0000   0.0021   0.0001  -0.0005
  -0.0008   0.0007  -0.0004   0.0001   0.0024  -0.0001   0.0198   0.5578  -0.0004  -0.0004  -0.0039   0.0002   0.0001  -0.0003
   0.0003   0.0000   0.0002  -0.0003   0.0002   0.0035  -0.0000  -0.0004   0.4214   0.0188   0.0000   0.0014   0.0000  -0.0008
   0.0004  -0.0001  -0.0002   0.0002  -0.0001   0.0002   0.0033  -0.0004   0.0188   0.5569  -0.0030   0.0001   0.0004   0.0002
   0.0001  -0.0008  -0.0000  -0.0001   0.0002  -0.0030   0.0000  -0.0039   0.0000  -0.0030   0.4218   0.0186  -0.0004  -0.0001
   0.0003   0.0006   0.0001  -0.0001  -0.0013   0.0001   0.0021   0.0002   0.0014   0.0001   0.0186   0.5573   0.0002   0.0002
   0.0000  -0.0007   0.0000   0.0003   0.0002  -0.0002   0.0001   0.0001   0.0000   0.0004  -0.0004   0.0002   0.4299  -0.0001
  -0.0003  -0.0005   0.0000   0.0005   0.0003   0.0002  -0.0005  -0.0003  -0.0008   0.0002  -0.0001   0.0002  -0.0001   0.4302
 imag part
   0.0000  -0.0037  -0.0000   0.0092   0.0002  -0.0002  -0.0002  -0.0001   0.0006  -0.0008   0.0000   0.0001   0.0002  -0.0000
   0.0037   0.0000  -0.0044   0.0003   0.0001  -0.0000   0.0004  -0.0001  -0.0003  -0.0004   0.0002  -0.0002  -0.0002   0.0004
   0.0000   0.0044  -0.0000   0.0023  -0.0001   0.0006   0.0002   0.0000   0.0000   0.0002   0.0001   0.0001   0.0002  -0.0001
  -0.0092  -0.0003  -0.0023   0.0000  -0.0001   0.0003   0.0003   0.0000   0.0007  -0.0006  -0.0002   0.0003  -0.0006   0.0000
  -0.0002  -0.0001   0.0001   0.0001   0.0000  -0.0023  -0.0001  -0.0037  -0.0000   0.0014  -0.0003  -0.0026  -0.0006   0.0004
   0.0002   0.0000  -0.0006  -0.0003   0.0023   0.0000   0.0014   0.0002   0.0026  -0.0001  -0.0015   0.0000   0.0000   0.0003
   0.0002  -0.0004  -0.0002  -0.0003   0.0001  -0.0014  -0.0000  -0.0039   0.0001   0.0031  -0.0000  -0.0033  -0.0004  -0.0006
   0.0001   0.0001  -0.0000  -0.0000   0.0037  -0.0002   0.0039   0.0000  -0.0038   0.0004  -0.0004  -0.0002   0.0001   0.0001
  -0.0006   0.0003  -0.0000  -0.0007   0.0000  -0.0026  -0.0001   0.0038   0.0000  -0.0058   0.0001  -0.0032  -0.0003  -0.0008
   0.0008   0.0004  -0.0002   0.0006  -0.0014   0.0001  -0.0031  -0.0004   0.0058   0.0000  -0.0005  -0.0002   0.0008   0.0001
  -0.0000  -0.0002  -0.0001   0.0002   0.0003   0.0015   0.0000   0.0004  -0.0001   0.0005  -0.0000  -0.0077   0.0006  -0.0001
  -0.0001   0.0002  -0.0001  -0.0003   0.0026  -0.0000   0.0033   0.0002   0.0032   0.0002   0.0077   0.0000   0.0002   0.0004
  -0.0002   0.0002  -0.0002   0.0006   0.0006  -0.0000   0.0004  -0.0001   0.0003  -0.0008  -0.0006  -0.0002   0.0000  -0.0003
   0.0000  -0.0004   0.0001  -0.0000  -0.0004  -0.0003   0.0006  -0.0001   0.0008  -0.0001   0.0001  -0.0004   0.0003   0.0000
   sub_tot=  6.477350  0.000000
************       ncp-sym  ************
 imp=  1
 real part
   0.2919  -0.0041   0.0000   0.0000   0.0000   0.0000   0.0000   0.0000   0.0000   0.0000   0.0000   0.0000   0.0000   0.0000
  -0.0041   0.5589   0.0000   0.0000   0.0000   0.0000   0.0000   0.0000   0.0000   0.0000   0.0000   0.0000   0.0000   0.0000
   0.0000   0.0000   0.2919  -0.0041   0.0000   0.0000   0.0000   0.0000   0.0000   0.0000   0.0000   0.0000   0.0000   0.0000
   0.0000   0.0000  -0.0041   0.5589   0.0000   0.0000   0.0000   0.0000   0.0000   0.0000   0.0000   0.0000   0.0000   0.0000
   0.0000   0.0000   0.0000   0.0000   0.4216   0.0203   0.0000   0.0000   0.0000   0.0000   0.0000   0.0000   0.0000   0.0000
   0.0000   0.0000   0.0000   0.0000   0.0203   0.5573   0.0000   0.0000   0.0000   0.0000   0.0000   0.0000   0.0000   0.0000
   0.0000   0.0000   0.0000   0.0000   0.0000   0.0000   0.4216   0.0203   0.0000   0.0000   0.0000   0.0000   0.0000   0.0000
   0.0000   0.0000   0.0000   0.0000   0.0000   0.0000   0.0203   0.5573   0.0000   0.0000   0.0000   0.0000   0.0000   0.0000
   0.0000   0.0000   0.0000   0.0000   0.0000   0.0000   0.0000   0.0000   0.4216   0.0203   0.0000   0.0000   0.0000   0.0000
   0.0000   0.0000   0.0000   0.0000   0.0000   0.0000   0.0000   0.0000   0.0203   0.5573   0.0000   0.0000   0.0000   0.0000
   0.0000   0.0000   0.0000   0.0000   0.0000   0.0000   0.0000   0.0000   0.0000   0.0000   0.4216   0.0203   0.0000   0.0000
   0.0000   0.0000   0.0000   0.0000   0.0000   0.0000   0.0000   0.0000   0.0000   0.0000   0.0203   0.5573   0.0000   0.0000
   0.0000   0.0000   0.0000   0.0000   0.0000   0.0000   0.0000   0.0000   0.0000   0.0000   0.0000   0.0000   0.4300   0.0000
   0.0000   0.0000   0.0000   0.0000   0.0000   0.0000   0.0000   0.0000   0.0000   0.0000   0.0000   0.0000   0.0000   0.4300
 imag part
   0.0000  -0.0007   0.0000   0.0000   0.0000   0.0000   0.0000   0.0000   0.0000   0.0000   0.0000   0.0000   0.0000   0.0000
   0.0007   0.0000   0.0000   0.0000   0.0000   0.0000   0.0000   0.0000   0.0000   0.0000   0.0000   0.0000   0.0000   0.0000
   0.0000   0.0000   0.0000  -0.0007   0.0000   0.0000   0.0000   0.0000   0.0000   0.0000   0.0000   0.0000   0.0000   0.0000
   0.0000   0.0000   0.0007   0.0000   0.0000   0.0000   0.0000   0.0000   0.0000   0.0000   0.0000   0.0000   0.0000   0.0000
   0.0000   0.0000   0.0000   0.0000   0.0000  -0.0049   0.0000   0.0000   0.0000   0.0000   0.0000   0.0000   0.0000   0.0000
   0.0000   0.0000   0.0000   0.0000   0.0049   0.0000   0.0000   0.0000   0.0000   0.0000   0.0000   0.0000   0.0000   0.0000
   0.0000   0.0000   0.0000   0.0000   0.0000   0.0000   0.0000  -0.0049   0.0000   0.0000   0.0000   0.0000   0.0000   0.0000
   0.0000   0.0000   0.0000   0.0000   0.0000   0.0000   0.0049   0.0000   0.0000   0.0000   0.0000   0.0000   0.0000   0.0000
   0.0000   0.0000   0.0000   0.0000   0.0000   0.0000   0.0000   0.0000   0.0000  -0.0049   0.0000   0.0000   0.0000   0.0000
   0.0000   0.0000   0.0000   0.0000   0.0000   0.0000   0.0000   0.0000   0.0049   0.0000   0.0000   0.0000   0.0000   0.0000
   0.0000   0.0000   0.0000   0.0000   0.0000   0.0000   0.0000   0.0000   0.0000   0.0000   0.0000  -0.0049   0.0000   0.0000
   0.0000   0.0000   0.0000   0.0000   0.0000   0.0000   0.0000   0.0000   0.0000   0.0000   0.0049   0.0000   0.0000   0.0000
   0.0000   0.0000   0.0000   0.0000   0.0000   0.0000   0.0000   0.0000   0.0000   0.0000   0.0000   0.0000   0.0000   0.0000
   0.0000   0.0000   0.0000   0.0000   0.0000   0.0000   0.0000   0.0000   0.0000   0.0000   0.0000   0.0000   0.0000   0.0000
   sub_tot=  6.477350  0.000000
 max error due to symm in ncp =     0.009519
 imp=  1 sum_phy-sum_var=     -0.00000000
        sum_phy-sum_ks =      1.18031037 would be renormalized!
************    ncp-renorm  ************
 imp=  1
 real part
   0.2387  -0.0033   0.0000   0.0000   0.0000   0.0000   0.0000   0.0000   0.0000   0.0000   0.0000   0.0000   0.0000   0.0000
  -0.0033   0.4571   0.0000   0.0000   0.0000   0.0000   0.0000   0.0000   0.0000   0.0000   0.0000   0.0000   0.0000   0.0000
   0.0000   0.0000   0.2387  -0.0033   0.0000   0.0000   0.0000   0.0000   0.0000   0.0000   0.0000   0.0000   0.0000   0.0000
   0.0000   0.0000  -0.0033   0.4571   0.0000   0.0000   0.0000   0.0000   0.0000   0.0000   0.0000   0.0000   0.0000   0.0000
   0.0000   0.0000   0.0000   0.0000   0.3448   0.0166   0.0000   0.0000   0.0000   0.0000   0.0000   0.0000   0.0000   0.0000
   0.0000   0.0000   0.0000   0.0000   0.0166   0.4557   0.0000   0.0000   0.0000   0.0000   0.0000   0.0000   0.0000   0.0000
   0.0000   0.0000   0.0000   0.0000   0.0000   0.0000   0.3448   0.0166   0.0000   0.0000   0.0000   0.0000   0.0000   0.0000
   0.0000   0.0000   0.0000   0.0000   0.0000   0.0000   0.0166   0.4557   0.0000   0.0000   0.0000   0.0000   0.0000   0.0000
   0.0000   0.0000   0.0000   0.0000   0.0000   0.0000   0.0000   0.0000   0.3448   0.0166   0.0000   0.0000   0.0000   0.0000
   0.0000   0.0000   0.0000   0.0000   0.0000   0.0000   0.0000   0.0000   0.0166   0.4557   0.0000   0.0000   0.0000   0.0000
   0.0000   0.0000   0.0000   0.0000   0.0000   0.0000   0.0000   0.0000   0.0000   0.0000   0.3448   0.0166   0.0000   0.0000
   0.0000   0.0000   0.0000   0.0000   0.0000   0.0000   0.0000   0.0000   0.0000   0.0000   0.0166   0.4557   0.0000   0.0000
   0.0000   0.0000   0.0000   0.0000   0.0000   0.0000   0.0000   0.0000   0.0000   0.0000   0.0000   0.0000   0.3517   0.0000
   0.0000   0.0000   0.0000   0.0000   0.0000   0.0000   0.0000   0.0000   0.0000   0.0000   0.0000   0.0000   0.0000   0.3517
 imag part
   0.0000  -0.0005   0.0000   0.0000   0.0000   0.0000   0.0000   0.0000   0.0000   0.0000   0.0000   0.0000   0.0000   0.0000
   0.0005   0.0000   0.0000   0.0000   0.0000   0.0000   0.0000   0.0000   0.0000   0.0000   0.0000   0.0000   0.0000   0.0000
   0.0000   0.0000   0.0000  -0.0005   0.0000   0.0000   0.0000   0.0000   0.0000   0.0000   0.0000   0.0000   0.0000   0.0000
   0.0000   0.0000   0.0005   0.0000   0.0000   0.0000   0.0000   0.0000   0.0000   0.0000   0.0000   0.0000   0.0000   0.0000
   0.0000   0.0000   0.0000   0.0000   0.0000  -0.0040   0.0000   0.0000   0.0000   0.0000   0.0000   0.0000   0.0000   0.0000
   0.0000   0.0000   0.0000   0.0000   0.0040   0.0000   0.0000   0.0000   0.0000   0.0000   0.0000   0.0000   0.0000   0.0000
   0.0000   0.0000   0.0000   0.0000   0.0000   0.0000   0.0000  -0.0040   0.0000   0.0000   0.0000   0.0000   0.0000   0.0000
   0.0000   0.0000   0.0000   0.0000   0.0000   0.0000   0.0040   0.0000   0.0000   0.0000   0.0000   0.0000   0.0000   0.0000
   0.0000   0.0000   0.0000   0.0000   0.0000   0.0000   0.0000   0.0000   0.0000  -0.0040   0.0000   0.0000   0.0000   0.0000
   0.0000   0.0000   0.0000   0.0000   0.0000   0.0000   0.0000   0.0000   0.0040   0.0000   0.0000   0.0000   0.0000   0.0000
   0.0000   0.0000   0.0000   0.0000   0.0000   0.0000   0.0000   0.0000   0.0000   0.0000   0.0000  -0.0040   0.0000   0.0000
   0.0000   0.0000   0.0000   0.0000   0.0000   0.0000   0.0000   0.0000   0.0000   0.0000   0.0040   0.0000   0.0000   0.0000
   0.0000   0.0000   0.0000   0.0000   0.0000   0.0000   0.0000   0.0000   0.0000   0.0000   0.0000   0.0000   0.0000   0.0000
   0.0000   0.0000   0.0000   0.0000   0.0000   0.0000   0.0000   0.0000   0.0000   0.0000   0.0000   0.0000   0.0000   0.0000
   sub_tot=  5.297039  0.000000
 nele_loc spin-respective total:
       2.64852   2.64852
 standard FLL dc with dc only updated at the electron density cycles.
 input nelf tot:
           6.647
 input nelf spin-resolved:
           3.323     3.323
 average hubbard u list:
           0.294
 average hund j list:
           0.026
************          r-in  ************
 imp=  1
 real part
   0.9785   0.0049   0.0000   0.0000   0.0000   0.0000   0.0000   0.0000   0.0000   0.0000   0.0000   0.0000   0.0000   0.0000
  -0.0025   0.9307   0.0000   0.0000   0.0000   0.0000   0.0000   0.0000   0.0000   0.0000   0.0000   0.0000   0.0000   0.0000
   0.0000   0.0000   0.9785   0.0049   0.0000   0.0000   0.0000   0.0000   0.0000   0.0000   0.0000   0.0000   0.0000   0.0000
   0.0000   0.0000  -0.0025   0.9307   0.0000   0.0000   0.0000   0.0000   0.0000   0.0000   0.0000   0.0000   0.0000   0.0000
   0.0000   0.0000   0.0000   0.0000   0.9603  -0.0070   0.0000   0.0000   0.0000   0.0000   0.0000   0.0000   0.0000   0.0000
   0.0000   0.0000   0.0000   0.0000  -0.0025   0.9310   0.0000   0.0000   0.0000   0.0000   0.0000   0.0000   0.0000   0.0000
   0.0000   0.0000   0.0000   0.0000   0.0000   0.0000   0.9603  -0.0070   0.0000   0.0000   0.0000   0.0000   0.0000   0.0000
   0.0000   0.0000   0.0000   0.0000   0.0000   0.0000  -0.0025   0.9310   0.0000   0.0000   0.0000   0.0000   0.0000   0.0000
   0.0000   0.0000   0.0000   0.0000   0.0000   0.0000   0.0000   0.0000   0.9603  -0.0070   0.0000   0.0000   0.0000   0.0000
   0.0000   0.0000   0.0000   0.0000   0.0000   0.0000   0.0000   0.0000  -0.0025   0.9310   0.0000   0.0000   0.0000   0.0000
   0.0000   0.0000   0.0000   0.0000   0.0000   0.0000   0.0000   0.0000   0.0000   0.0000   0.9603  -0.0070   0.0000   0.0000
   0.0000   0.0000   0.0000   0.0000   0.0000   0.0000   0.0000   0.0000   0.0000   0.0000  -0.0025   0.9310   0.0000   0.0000
   0.0000   0.0000   0.0000   0.0000   0.0000   0.0000   0.0000   0.0000   0.0000   0.0000   0.0000   0.0000   0.9626   0.0000
   0.0000   0.0000   0.0000   0.0000   0.0000   0.0000   0.0000   0.0000   0.0000   0.0000   0.0000   0.0000   0.0000   0.9626
 imag part
   0.0001  -0.0050   0.0000   0.0000   0.0000   0.0000   0.0000   0.0000   0.0000   0.0000   0.0000   0.0000   0.0000   0.0000
  -0.0036  -0.0001   0.0000   0.0000   0.0000   0.0000   0.0000   0.0000   0.0000   0.0000   0.0000   0.0000   0.0000   0.0000
   0.0000   0.0000   0.0001  -0.0050   0.0000   0.0000   0.0000   0.0000   0.0000   0.0000   0.0000   0.0000   0.0000   0.0000
   0.0000   0.0000  -0.0036  -0.0001   0.0000   0.0000   0.0000   0.0000   0.0000   0.0000   0.0000   0.0000   0.0000   0.0000
   0.0000   0.0000   0.0000   0.0000  -0.0002  -0.0027   0.0000   0.0000   0.0000   0.0000   0.0000   0.0000   0.0000   0.0000
   0.0000   0.0000   0.0000   0.0000  -0.0008   0.0003   0.0000   0.0000   0.0000   0.0000   0.0000   0.0000   0.0000   0.0000
   0.0000   0.0000   0.0000   0.0000   0.0000   0.0000  -0.0002  -0.0027   0.0000   0.0000   0.0000   0.0000   0.0000   0.0000
   0.0000   0.0000   0.0000   0.0000   0.0000   0.0000  -0.0008   0.0003   0.0000   0.0000   0.0000   0.0000   0.0000   0.0000
   0.0000   0.0000   0.0000   0.0000   0.0000   0.0000   0.0000   0.0000  -0.0002  -0.0027   0.0000   0.0000   0.0000   0.0000
   0.0000   0.0000   0.0000   0.0000   0.0000   0.0000   0.0000   0.0000  -0.0008   0.0003   0.0000   0.0000   0.0000   0.0000
   0.0000   0.0000   0.0000   0.0000   0.0000   0.0000   0.0000   0.0000   0.0000   0.0000  -0.0002  -0.0027   0.0000   0.0000
   0.0000   0.0000   0.0000   0.0000   0.0000   0.0000   0.0000   0.0000   0.0000   0.0000  -0.0008   0.0003   0.0000   0.0000
   0.0000   0.0000   0.0000   0.0000   0.0000   0.0000   0.0000   0.0000   0.0000   0.0000   0.0000   0.0000  -0.0000   0.0000
   0.0000   0.0000   0.0000   0.0000   0.0000   0.0000   0.0000   0.0000   0.0000   0.0000   0.0000   0.0000   0.0000  -0.0000
************        la1-in  ************
 imp=  1
 real part
   2.0659  -0.0016   0.0000   0.0000   0.0000   0.0000   0.0000   0.0000   0.0000   0.0000   0.0000   0.0000   0.0000   0.0000
  -0.0016   2.0583   0.0000   0.0000   0.0000   0.0000   0.0000   0.0000   0.0000   0.0000   0.0000   0.0000   0.0000   0.0000
   0.0000   0.0000   2.0659  -0.0016   0.0000   0.0000   0.0000   0.0000   0.0000   0.0000   0.0000   0.0000   0.0000   0.0000
   0.0000   0.0000  -0.0016   2.0583   0.0000   0.0000   0.0000   0.0000   0.0000   0.0000   0.0000   0.0000   0.0000   0.0000
   0.0000   0.0000   0.0000   0.0000   2.0756  -0.0016   0.0000   0.0000   0.0000   0.0000   0.0000   0.0000   0.0000   0.0000
   0.0000   0.0000   0.0000   0.0000  -0.0016   2.0479   0.0000   0.0000   0.0000   0.0000   0.0000   0.0000   0.0000   0.0000
   0.0000   0.0000   0.0000   0.0000   0.0000   0.0000   2.0756  -0.0016   0.0000   0.0000   0.0000   0.0000   0.0000   0.0000
   0.0000   0.0000   0.0000   0.0000   0.0000   0.0000  -0.0016   2.0479   0.0000   0.0000   0.0000   0.0000   0.0000   0.0000
   0.0000   0.0000   0.0000   0.0000   0.0000   0.0000   0.0000   0.0000   2.0756  -0.0016   0.0000   0.0000   0.0000   0.0000
   0.0000   0.0000   0.0000   0.0000   0.0000   0.0000   0.0000   0.0000  -0.0016   2.0479   0.0000   0.0000   0.0000   0.0000
   0.0000   0.0000   0.0000   0.0000   0.0000   0.0000   0.0000   0.0000   0.0000   0.0000   2.0756  -0.0016   0.0000   0.0000
   0.0000   0.0000   0.0000   0.0000   0.0000   0.0000   0.0000   0.0000   0.0000   0.0000  -0.0016   2.0479   0.0000   0.0000
   0.0000   0.0000   0.0000   0.0000   0.0000   0.0000   0.0000   0.0000   0.0000   0.0000   0.0000   0.0000   2.0470   0.0000
   0.0000   0.0000   0.0000   0.0000   0.0000   0.0000   0.0000   0.0000   0.0000   0.0000   0.0000   0.0000   0.0000   2.0470
 imag part
   0.0000   0.0018   0.0000   0.0000   0.0000   0.0000   0.0000   0.0000   0.0000   0.0000   0.0000   0.0000   0.0000   0.0000
  -0.0018   0.0000   0.0000   0.0000   0.0000   0.0000   0.0000   0.0000   0.0000   0.0000   0.0000   0.0000   0.0000   0.0000
   0.0000   0.0000   0.0000   0.0018   0.0000   0.0000   0.0000   0.0000   0.0000   0.0000   0.0000   0.0000   0.0000   0.0000
   0.0000   0.0000  -0.0018   0.0000   0.0000   0.0000   0.0000   0.0000   0.0000   0.0000   0.0000   0.0000   0.0000   0.0000
   0.0000   0.0000   0.0000   0.0000   0.0000   0.0019   0.0000   0.0000   0.0000   0.0000   0.0000   0.0000   0.0000   0.0000
   0.0000   0.0000   0.0000   0.0000  -0.0019   0.0000   0.0000   0.0000   0.0000   0.0000   0.0000   0.0000   0.0000   0.0000
   0.0000   0.0000   0.0000   0.0000   0.0000   0.0000   0.0000   0.0019   0.0000   0.0000   0.0000   0.0000   0.0000   0.0000
   0.0000   0.0000   0.0000   0.0000   0.0000   0.0000  -0.0019   0.0000   0.0000   0.0000   0.0000   0.0000   0.0000   0.0000
   0.0000   0.0000   0.0000   0.0000   0.0000   0.0000   0.0000   0.0000   0.0000   0.0019   0.0000   0.0000   0.0000   0.0000
   0.0000   0.0000   0.0000   0.0000   0.0000   0.0000   0.0000   0.0000  -0.0019   0.0000   0.0000   0.0000   0.0000   0.0000
   0.0000   0.0000   0.0000   0.0000   0.0000   0.0000   0.0000   0.0000   0.0000   0.0000   0.0000   0.0019   0.0000   0.0000
   0.0000   0.0000   0.0000   0.0000   0.0000   0.0000   0.0000   0.0000   0.0000   0.0000  -0.0019   0.0000   0.0000   0.0000
   0.0000   0.0000   0.0000   0.0000   0.0000   0.0000   0.0000   0.0000   0.0000   0.0000   0.0000   0.0000   0.0000   0.0000
   0.0000   0.0000   0.0000   0.0000   0.0000   0.0000   0.0000   0.0000   0.0000   0.0000   0.0000   0.0000   0.0000   0.0000
 calc_band_all takes    0 h  0 m  0.03 s(cpu).
                        0 h  0 m  0.03 s(wall).
 iloop            1
 iloop            2
   fermi energy at    2.0140220247839533     
   sum rule of tetrahedron integration checked 
   number of occupied bands:          18
   highest energy:   2.0385270068956367     
 gutz fermi level=      2.01402202
************     nks-unsym  ************
 imp=  1
 real part
   0.2475  -0.0212  -0.0003   0.0181   0.0001   0.0058  -0.0024   0.0051   0.0040   0.0023  -0.0033  -0.0062  -0.0024   0.0010
  -0.0212   0.4542   0.0591  -0.0005  -0.0015  -0.0288   0.0072   0.0365   0.0173  -0.0169   0.0064   0.0166   0.0023  -0.0046
  -0.0003   0.0591   0.2470   0.0121  -0.0006  -0.0090   0.0028   0.0023  -0.0041   0.0050  -0.0004   0.0001  -0.0010  -0.0025
   0.0181  -0.0005   0.0121   0.4539  -0.0134  -0.0185   0.0163  -0.0279   0.0104   0.0016   0.0456  -0.0179  -0.0075   0.0040
   0.0001  -0.0015  -0.0006  -0.0134   0.3406   0.0730  -0.0067   0.0254   0.0137  -0.0061   0.0021  -0.0205   0.0112  -0.0042
   0.0058  -0.0288  -0.0090  -0.0185   0.0730   0.4598  -0.0218   0.0068   0.0613  -0.0050  -0.0213  -0.0045  -0.0051  -0.0027
  -0.0024   0.0072   0.0028   0.0163  -0.0067  -0.0218   0.3562   0.0077   0.0023   0.0837  -0.0109   0.0336   0.0082  -0.0126
   0.0051   0.0365   0.0023  -0.0279   0.0254   0.0068   0.0077   0.4425   0.0166   0.0071  -0.0484  -0.0062  -0.0043   0.0100
   0.0040   0.0173  -0.0041   0.0104   0.0137   0.0613   0.0023   0.0166   0.3435  -0.0097  -0.0044  -0.0007   0.0179  -0.0157
   0.0023  -0.0169   0.0050   0.0016  -0.0061  -0.0050   0.0837   0.0071  -0.0097   0.4675  -0.0665   0.0084   0.0022  -0.0004
  -0.0033   0.0064  -0.0004   0.0456   0.0021  -0.0213  -0.0109  -0.0484  -0.0044  -0.0665   0.3392  -0.0024  -0.0028   0.0141
  -0.0062   0.0166   0.0001  -0.0179  -0.0205  -0.0045   0.0336  -0.0062  -0.0007   0.0084  -0.0024   0.4470  -0.0116  -0.0023
  -0.0024   0.0023  -0.0010  -0.0075   0.0112  -0.0051   0.0082  -0.0043   0.0179   0.0022  -0.0028  -0.0116   0.3489  -0.0000
   0.0010  -0.0046  -0.0025   0.0040  -0.0042  -0.0027  -0.0126   0.0100  -0.0157  -0.0004   0.0141  -0.0023  -0.0000   0.3492
 imag part
  -0.0000   0.0186   0.0001  -0.0648  -0.0002  -0.0020  -0.0056   0.0037  -0.0009  -0.0065  -0.0044  -0.0025   0.0021  -0.0006
  -0.0186  -0.0000   0.0319   0.0007   0.0402  -0.0047   0.0143   0.0088  -0.0340   0.0043   0.0069  -0.0162  -0.0028  -0.0081
  -0.0001  -0.0319   0.0000  -0.0230   0.0041   0.0031  -0.0051  -0.0034  -0.0028  -0.0056   0.0023  -0.0014  -0.0003  -0.0022
   0.0648  -0.0007   0.0230  -0.0000  -0.0229  -0.0093  -0.0103   0.0160  -0.0143   0.0088  -0.0025  -0.0357  -0.0067  -0.0011
   0.0002  -0.0402  -0.0041   0.0229  -0.0000   0.0154  -0.0027  -0.0348   0.0027   0.0065  -0.0098  -0.0446  -0.0055  -0.0173
   0.0020   0.0047  -0.0031   0.0093  -0.0154   0.0000   0.0214   0.0072   0.0230   0.0059  -0.0442  -0.0127  -0.0033  -0.0067
   0.0056  -0.0143   0.0051   0.0103   0.0027  -0.0214  -0.0000   0.0146   0.0057   0.0488  -0.0058  -0.0393   0.0284   0.0141
  -0.0037  -0.0088   0.0034  -0.0160   0.0348  -0.0072  -0.0146   0.0000  -0.0475  -0.0020  -0.0057  -0.0074  -0.0043   0.0080
   0.0009   0.0340   0.0028   0.0143  -0.0027  -0.0230  -0.0057   0.0475  -0.0000  -0.0245  -0.0108  -0.0563  -0.0042  -0.0071
   0.0065  -0.0043   0.0056  -0.0088  -0.0065  -0.0059  -0.0488   0.0020   0.0245   0.0000  -0.0112  -0.0059  -0.0042  -0.0043
   0.0044  -0.0069  -0.0023   0.0025   0.0098   0.0442   0.0058   0.0057   0.0108   0.0112   0.0000  -0.0205   0.0055  -0.0167
   0.0025   0.0162   0.0014   0.0357   0.0446   0.0127   0.0393   0.0074   0.0563   0.0059   0.0205   0.0000   0.0027   0.0020
  -0.0021   0.0028   0.0003   0.0067   0.0055   0.0033  -0.0284   0.0043   0.0042   0.0042  -0.0055  -0.0027  -0.0000  -0.0000
   0.0006   0.0081   0.0022   0.0011   0.0173   0.0067  -0.0141  -0.0080   0.0071   0.0043   0.0167  -0.0020   0.0000   0.0000
   sub_tot=  5.297039  0.000000
 imp=  1 eigen values of nks-unsym:
    0.5695    0.5618    0.5465    0.5448    0.4135    0.4095    0.3499    0.3493    0.2922    0.2891    0.2665    0.2608    0.2219    0.2215
************       nks-sym  ************
 imp=  1
 real part
   0.2472  -0.0046   0.0000   0.0000   0.0000   0.0000   0.0000   0.0000   0.0000   0.0000   0.0000   0.0000   0.0000   0.0000
  -0.0046   0.4541   0.0000   0.0000   0.0000   0.0000   0.0000   0.0000   0.0000   0.0000   0.0000   0.0000   0.0000   0.0000
   0.0000   0.0000   0.2472  -0.0046   0.0000   0.0000   0.0000   0.0000   0.0000   0.0000   0.0000   0.0000   0.0000   0.0000
   0.0000   0.0000  -0.0046   0.4541   0.0000   0.0000   0.0000   0.0000   0.0000   0.0000   0.0000   0.0000   0.0000   0.0000
   0.0000   0.0000   0.0000   0.0000   0.3449   0.0171   0.0000   0.0000   0.0000   0.0000   0.0000   0.0000   0.0000   0.0000
   0.0000   0.0000   0.0000   0.0000   0.0171   0.4542   0.0000   0.0000   0.0000   0.0000   0.0000   0.0000   0.0000   0.0000
   0.0000   0.0000   0.0000   0.0000   0.0000   0.0000   0.3449   0.0171   0.0000   0.0000   0.0000   0.0000   0.0000   0.0000
   0.0000   0.0000   0.0000   0.0000   0.0000   0.0000   0.0171   0.4542   0.0000   0.0000   0.0000   0.0000   0.0000   0.0000
   0.0000   0.0000   0.0000   0.0000   0.0000   0.0000   0.0000   0.0000   0.3449   0.0171   0.0000   0.0000   0.0000   0.0000
   0.0000   0.0000   0.0000   0.0000   0.0000   0.0000   0.0000   0.0000   0.0171   0.4542   0.0000   0.0000   0.0000   0.0000
   0.0000   0.0000   0.0000   0.0000   0.0000   0.0000   0.0000   0.0000   0.0000   0.0000   0.3449   0.0171   0.0000   0.0000
   0.0000   0.0000   0.0000   0.0000   0.0000   0.0000   0.0000   0.0000   0.0000   0.0000   0.0171   0.4542   0.0000   0.0000
   0.0000   0.0000   0.0000   0.0000   0.0000   0.0000   0.0000   0.0000   0.0000   0.0000   0.0000   0.0000   0.3491   0.0000
   0.0000   0.0000   0.0000   0.0000   0.0000   0.0000   0.0000   0.0000   0.0000   0.0000   0.0000   0.0000   0.0000   0.3491
 imag part
   0.0000  -0.0022   0.0000   0.0000   0.0000   0.0000   0.0000   0.0000   0.0000   0.0000   0.0000   0.0000   0.0000   0.0000
   0.0022   0.0000   0.0000   0.0000   0.0000   0.0000   0.0000   0.0000   0.0000   0.0000   0.0000   0.0000   0.0000   0.0000
   0.0000   0.0000   0.0000  -0.0022   0.0000   0.0000   0.0000   0.0000   0.0000   0.0000   0.0000   0.0000   0.0000   0.0000
   0.0000   0.0000   0.0022   0.0000   0.0000   0.0000   0.0000   0.0000   0.0000   0.0000   0.0000   0.0000   0.0000   0.0000
   0.0000   0.0000   0.0000   0.0000   0.0000  -0.0038   0.0000   0.0000   0.0000   0.0000   0.0000   0.0000   0.0000   0.0000
   0.0000   0.0000   0.0000   0.0000   0.0038   0.0000   0.0000   0.0000   0.0000   0.0000   0.0000   0.0000   0.0000   0.0000
   0.0000   0.0000   0.0000   0.0000   0.0000   0.0000   0.0000  -0.0038   0.0000   0.0000   0.0000   0.0000   0.0000   0.0000
   0.0000   0.0000   0.0000   0.0000   0.0000   0.0000   0.0038   0.0000   0.0000   0.0000   0.0000   0.0000   0.0000   0.0000
   0.0000   0.0000   0.0000   0.0000   0.0000   0.0000   0.0000   0.0000   0.0000  -0.0038   0.0000   0.0000   0.0000   0.0000
   0.0000   0.0000   0.0000   0.0000   0.0000   0.0000   0.0000   0.0000   0.0038   0.0000   0.0000   0.0000   0.0000   0.0000
   0.0000   0.0000   0.0000   0.0000   0.0000   0.0000   0.0000   0.0000   0.0000   0.0000   0.0000  -0.0038   0.0000   0.0000
   0.0000   0.0000   0.0000   0.0000   0.0000   0.0000   0.0000   0.0000   0.0000   0.0000   0.0038   0.0000   0.0000   0.0000
   0.0000   0.0000   0.0000   0.0000   0.0000   0.0000   0.0000   0.0000   0.0000   0.0000   0.0000   0.0000   0.0000   0.0000
   0.0000   0.0000   0.0000   0.0000   0.0000   0.0000   0.0000   0.0000   0.0000   0.0000   0.0000   0.0000   0.0000   0.0000
   sub_tot=  5.297039  0.000000
 max error due to symm in nks =     0.096862
 imp=  1 eigen values of   nks-sym:
    0.4570    0.4570    0.4570    0.4570    0.4542    0.4542    0.3491    0.3491    0.3421    0.3421    0.3421    0.3421    0.2471    0.2471
************    isimix-var  ************
 imp=  1
 real part
   2.3183   0.0068   0.0000   0.0000   0.0000   0.0000   0.0000   0.0000   0.0000   0.0000   0.0000   0.0000   0.0000   0.0000
   0.0068   2.0086   0.0000   0.0000   0.0000   0.0000   0.0000   0.0000   0.0000   0.0000   0.0000   0.0000   0.0000   0.0000
   0.0000   0.0000   2.3183   0.0068   0.0000   0.0000   0.0000   0.0000   0.0000   0.0000   0.0000   0.0000   0.0000   0.0000
   0.0000   0.0000   0.0068   2.0086   0.0000   0.0000   0.0000   0.0000   0.0000   0.0000   0.0000   0.0000   0.0000   0.0000
   0.0000   0.0000   0.0000   0.0000   2.1054  -0.0150   0.0000   0.0000   0.0000   0.0000   0.0000   0.0000   0.0000   0.0000
   0.0000   0.0000   0.0000   0.0000  -0.0150   2.0099   0.0000   0.0000   0.0000   0.0000   0.0000   0.0000   0.0000   0.0000
   0.0000   0.0000   0.0000   0.0000   0.0000   0.0000   2.1054  -0.0150   0.0000   0.0000   0.0000   0.0000   0.0000   0.0000
   0.0000   0.0000   0.0000   0.0000   0.0000   0.0000  -0.0150   2.0099   0.0000   0.0000   0.0000   0.0000   0.0000   0.0000
   0.0000   0.0000   0.0000   0.0000   0.0000   0.0000   0.0000   0.0000   2.1054  -0.0150   0.0000   0.0000   0.0000   0.0000
   0.0000   0.0000   0.0000   0.0000   0.0000   0.0000   0.0000   0.0000  -0.0150   2.0099   0.0000   0.0000   0.0000   0.0000
   0.0000   0.0000   0.0000   0.0000   0.0000   0.0000   0.0000   0.0000   0.0000   0.0000   2.1054  -0.0150   0.0000   0.0000
   0.0000   0.0000   0.0000   0.0000   0.0000   0.0000   0.0000   0.0000   0.0000   0.0000  -0.0150   2.0099   0.0000   0.0000
   0.0000   0.0000   0.0000   0.0000   0.0000   0.0000   0.0000   0.0000   0.0000   0.0000   0.0000   0.0000   2.0979   0.0000
   0.0000   0.0000   0.0000   0.0000   0.0000   0.0000   0.0000   0.0000   0.0000   0.0000   0.0000   0.0000   0.0000   2.0979
 imag part
   0.0000   0.0033   0.0000   0.0000   0.0000   0.0000   0.0000   0.0000   0.0000   0.0000   0.0000   0.0000   0.0000   0.0000
  -0.0033   0.0000   0.0000   0.0000   0.0000   0.0000   0.0000   0.0000   0.0000   0.0000   0.0000   0.0000   0.0000   0.0000
   0.0000   0.0000   0.0000   0.0033   0.0000   0.0000   0.0000   0.0000   0.0000   0.0000   0.0000   0.0000   0.0000   0.0000
   0.0000   0.0000  -0.0033   0.0000   0.0000   0.0000   0.0000   0.0000   0.0000   0.0000   0.0000   0.0000   0.0000   0.0000
   0.0000   0.0000   0.0000   0.0000   0.0000   0.0033   0.0000   0.0000   0.0000   0.0000   0.0000   0.0000   0.0000   0.0000
   0.0000   0.0000   0.0000   0.0000  -0.0033   0.0000   0.0000   0.0000   0.0000   0.0000   0.0000   0.0000   0.0000   0.0000
   0.0000   0.0000   0.0000   0.0000   0.0000   0.0000   0.0000   0.0033   0.0000   0.0000   0.0000   0.0000   0.0000   0.0000
   0.0000   0.0000   0.0000   0.0000   0.0000   0.0000  -0.0033   0.0000   0.0000   0.0000   0.0000   0.0000   0.0000   0.0000
   0.0000   0.0000   0.0000   0.0000   0.0000   0.0000   0.0000   0.0000   0.0000   0.0033   0.0000   0.0000   0.0000   0.0000
   0.0000   0.0000   0.0000   0.0000   0.0000   0.0000   0.0000   0.0000  -0.0033   0.0000   0.0000   0.0000   0.0000   0.0000
   0.0000   0.0000   0.0000   0.0000   0.0000   0.0000   0.0000   0.0000   0.0000   0.0000   0.0000   0.0033   0.0000   0.0000
   0.0000   0.0000   0.0000   0.0000   0.0000   0.0000   0.0000   0.0000   0.0000   0.0000  -0.0033   0.0000   0.0000   0.0000
   0.0000   0.0000   0.0000   0.0000   0.0000   0.0000   0.0000   0.0000   0.0000   0.0000   0.0000   0.0000   0.0000   0.0000
   0.0000   0.0000   0.0000   0.0000   0.0000   0.0000   0.0000   0.0000   0.0000   0.0000   0.0000   0.0000   0.0000   0.0000
************      d0-unsym  ************
 imp=  1
 real part
  -0.0563   0.0000   0.0001  -0.0004  -0.0005  -0.0011   0.0002  -0.0011  -0.0008   0.0000   0.0006  -0.0002   0.0002  -0.0001
  -0.0001  -0.0531  -0.0003  -0.0001   0.0004   0.0014  -0.0009  -0.0004  -0.0017  -0.0003  -0.0006  -0.0005  -0.0002   0.0005
  -0.0001  -0.0007  -0.0563  -0.0005   0.0003   0.0005  -0.0003   0.0009   0.0007  -0.0012   0.0003  -0.0004   0.0001   0.0002
  -0.0003   0.0001  -0.0003  -0.0531   0.0014  -0.0001  -0.0020   0.0002  -0.0013  -0.0010  -0.0047  -0.0001   0.0008  -0.0004
  -0.0005   0.0003   0.0003   0.0015  -0.0513  -0.0022  -0.0001  -0.0016   0.0020  -0.0001  -0.0006   0.0010  -0.0007  -0.0000
  -0.0011   0.0010   0.0004  -0.0002  -0.0005  -0.0528  -0.0006  -0.0009  -0.0007   0.0002  -0.0001  -0.0001   0.0022  -0.0012
   0.0003  -0.0009  -0.0004  -0.0023  -0.0000   0.0001  -0.0505  -0.0006  -0.0008  -0.0029  -0.0021  -0.0007  -0.0007   0.0009
  -0.0011   0.0000   0.0011  -0.0000  -0.0009  -0.0010  -0.0008  -0.0522  -0.0006  -0.0004  -0.0001   0.0002   0.0017  -0.0028
  -0.0010  -0.0019   0.0007  -0.0014   0.0020  -0.0025  -0.0007  -0.0011  -0.0504   0.0010  -0.0001   0.0002  -0.0012   0.0015
   0.0001  -0.0004  -0.0012  -0.0009  -0.0002   0.0002  -0.0006  -0.0005   0.0003  -0.0540   0.0014  -0.0008   0.0010  -0.0008
   0.0007  -0.0007   0.0002  -0.0055  -0.0008   0.0005  -0.0020   0.0013  -0.0001   0.0033  -0.0508   0.0003  -0.0002  -0.0010
  -0.0003  -0.0003  -0.0005  -0.0002   0.0004   0.0001   0.0002   0.0002   0.0002  -0.0007  -0.0002  -0.0522   0.0020   0.0010
   0.0001  -0.0002   0.0001   0.0006  -0.0004   0.0021  -0.0005   0.0016  -0.0007   0.0010  -0.0002   0.0019  -0.0538  -0.0000
  -0.0001   0.0004   0.0001  -0.0003  -0.0002  -0.0011   0.0005  -0.0027   0.0010  -0.0007  -0.0006   0.0009  -0.0000  -0.0538
 imag part
  -0.0001  -0.0004   0.0001   0.0006   0.0001   0.0007   0.0009   0.0007   0.0002   0.0010   0.0002   0.0012  -0.0002   0.0000
   0.0001   0.0001   0.0001  -0.0002  -0.0043   0.0001  -0.0014   0.0001   0.0036   0.0002  -0.0010  -0.0001   0.0003   0.0009
   0.0002   0.0001   0.0001  -0.0001  -0.0003  -0.0000   0.0010   0.0006  -0.0000   0.0016  -0.0007  -0.0005  -0.0000   0.0001
  -0.0001  -0.0001   0.0001  -0.0001   0.0024   0.0001   0.0012  -0.0005   0.0014  -0.0001   0.0003   0.0011   0.0007   0.0001
  -0.0000   0.0048   0.0003  -0.0027   0.0001   0.0008  -0.0000   0.0002  -0.0008   0.0000  -0.0006   0.0015   0.0003   0.0016
  -0.0008  -0.0001  -0.0001   0.0001  -0.0012  -0.0001  -0.0001  -0.0005   0.0011  -0.0003  -0.0000   0.0010   0.0001  -0.0007
  -0.0009   0.0016  -0.0011  -0.0014   0.0001   0.0007  -0.0000  -0.0004   0.0007  -0.0014  -0.0007   0.0000  -0.0025  -0.0011
  -0.0007  -0.0002  -0.0006   0.0003   0.0009   0.0004   0.0000   0.0000  -0.0005  -0.0003   0.0002   0.0007   0.0003  -0.0010
  -0.0003  -0.0042   0.0000  -0.0016   0.0010  -0.0005  -0.0006  -0.0008   0.0000   0.0012  -0.0004   0.0022   0.0002   0.0003
  -0.0010  -0.0003  -0.0015  -0.0000  -0.0003   0.0001   0.0000   0.0002  -0.0004   0.0000  -0.0004  -0.0001   0.0025   0.0029
  -0.0003   0.0011   0.0008  -0.0003   0.0005  -0.0012   0.0008  -0.0003   0.0003   0.0000   0.0000  -0.0008  -0.0008   0.0012
  -0.0012   0.0002   0.0005  -0.0008  -0.0002  -0.0010   0.0012  -0.0007  -0.0005   0.0002   0.0015  -0.0000   0.0014  -0.0006
   0.0001  -0.0002  -0.0000  -0.0006  -0.0001  -0.0002   0.0016  -0.0002  -0.0001  -0.0025   0.0006  -0.0014  -0.0000   0.0000
  -0.0000  -0.0007  -0.0001  -0.0001  -0.0011   0.0006   0.0007   0.0010  -0.0000  -0.0028  -0.0007   0.0006  -0.0000  -0.0000
************        d0-sym  ************
 imp=  1
 real part
  -0.0563  -0.0002   0.0000   0.0000   0.0000   0.0000   0.0000   0.0000   0.0000   0.0000   0.0000   0.0000   0.0000   0.0000
  -0.0002  -0.0531   0.0000   0.0000   0.0000   0.0000   0.0000   0.0000   0.0000   0.0000   0.0000   0.0000   0.0000   0.0000
   0.0000   0.0000  -0.0563  -0.0002   0.0000   0.0000   0.0000   0.0000   0.0000   0.0000   0.0000   0.0000   0.0000   0.0000
   0.0000   0.0000  -0.0002  -0.0531   0.0000   0.0000   0.0000   0.0000   0.0000   0.0000   0.0000   0.0000   0.0000   0.0000
   0.0000   0.0000   0.0000   0.0000  -0.0507  -0.0004   0.0000   0.0000   0.0000   0.0000   0.0000   0.0000   0.0000   0.0000
   0.0000   0.0000   0.0000   0.0000  -0.0003  -0.0528   0.0000   0.0000   0.0000   0.0000   0.0000   0.0000   0.0000   0.0000
   0.0000   0.0000   0.0000   0.0000   0.0000   0.0000  -0.0507  -0.0004   0.0000   0.0000   0.0000   0.0000   0.0000   0.0000
   0.0000   0.0000   0.0000   0.0000   0.0000   0.0000  -0.0003  -0.0528   0.0000   0.0000   0.0000   0.0000   0.0000   0.0000
   0.0000   0.0000   0.0000   0.0000   0.0000   0.0000   0.0000   0.0000  -0.0507  -0.0004   0.0000   0.0000   0.0000   0.0000
   0.0000   0.0000   0.0000   0.0000   0.0000   0.0000   0.0000   0.0000  -0.0003  -0.0528   0.0000   0.0000   0.0000   0.0000
   0.0000   0.0000   0.0000   0.0000   0.0000   0.0000   0.0000   0.0000   0.0000   0.0000  -0.0507  -0.0004   0.0000   0.0000
   0.0000   0.0000   0.0000   0.0000   0.0000   0.0000   0.0000   0.0000   0.0000   0.0000  -0.0003  -0.0528   0.0000   0.0000
   0.0000   0.0000   0.0000   0.0000   0.0000   0.0000   0.0000   0.0000   0.0000   0.0000   0.0000   0.0000  -0.0538   0.0000
   0.0000   0.0000   0.0000   0.0000   0.0000   0.0000   0.0000   0.0000   0.0000   0.0000   0.0000   0.0000   0.0000  -0.0538
 imag part
   0.0000  -0.0002   0.0000   0.0000   0.0000   0.0000   0.0000   0.0000   0.0000   0.0000   0.0000   0.0000   0.0000   0.0000
   0.0001  -0.0000   0.0000   0.0000   0.0000   0.0000   0.0000   0.0000   0.0000   0.0000   0.0000   0.0000   0.0000   0.0000
   0.0000   0.0000   0.0000  -0.0002   0.0000   0.0000   0.0000   0.0000   0.0000   0.0000   0.0000   0.0000   0.0000   0.0000
   0.0000   0.0000   0.0001  -0.0000   0.0000   0.0000   0.0000   0.0000   0.0000   0.0000   0.0000   0.0000   0.0000   0.0000
   0.0000   0.0000   0.0000   0.0000   0.0000   0.0002   0.0000   0.0000   0.0000   0.0000   0.0000   0.0000   0.0000   0.0000
   0.0000   0.0000   0.0000   0.0000  -0.0000  -0.0000   0.0000   0.0000   0.0000   0.0000   0.0000   0.0000   0.0000   0.0000
   0.0000   0.0000   0.0000   0.0000   0.0000   0.0000   0.0000   0.0002   0.0000   0.0000   0.0000   0.0000   0.0000   0.0000
   0.0000   0.0000   0.0000   0.0000   0.0000   0.0000  -0.0000  -0.0000   0.0000   0.0000   0.0000   0.0000   0.0000   0.0000
   0.0000   0.0000   0.0000   0.0000   0.0000   0.0000   0.0000   0.0000   0.0000   0.0002   0.0000   0.0000   0.0000   0.0000
   0.0000   0.0000   0.0000   0.0000   0.0000   0.0000   0.0000   0.0000  -0.0000  -0.0000   0.0000   0.0000   0.0000   0.0000
   0.0000   0.0000   0.0000   0.0000   0.0000   0.0000   0.0000   0.0000   0.0000   0.0000   0.0000   0.0002   0.0000   0.0000
   0.0000   0.0000   0.0000   0.0000   0.0000   0.0000   0.0000   0.0000   0.0000   0.0000  -0.0000  -0.0000   0.0000   0.0000
   0.0000   0.0000   0.0000   0.0000   0.0000   0.0000   0.0000   0.0000   0.0000   0.0000   0.0000   0.0000  -0.0000   0.0000
   0.0000   0.0000   0.0000   0.0000   0.0000   0.0000   0.0000   0.0000   0.0000   0.0000   0.0000   0.0000   0.0000  -0.0000
 max error due to symm in d0 =     0.005461
************         d-sym  ************
 imp=  1
 real part
  -0.1306  -0.0008   0.0000   0.0000   0.0000   0.0000   0.0000   0.0000   0.0000   0.0000   0.0000   0.0000   0.0000   0.0000
  -0.0008  -0.1067   0.0000   0.0000   0.0000   0.0000   0.0000   0.0000   0.0000   0.0000   0.0000   0.0000   0.0000   0.0000
   0.0000   0.0000  -0.1306  -0.0008   0.0000   0.0000   0.0000   0.0000   0.0000   0.0000   0.0000   0.0000   0.0000   0.0000
   0.0000   0.0000  -0.0008  -0.1067   0.0000   0.0000   0.0000   0.0000   0.0000   0.0000   0.0000   0.0000   0.0000   0.0000
   0.0000   0.0000   0.0000   0.0000  -0.1068  -0.0000   0.0000   0.0000   0.0000   0.0000   0.0000   0.0000   0.0000   0.0000
   0.0000   0.0000   0.0000   0.0000   0.0001  -0.1061   0.0000   0.0000   0.0000   0.0000   0.0000   0.0000   0.0000   0.0000
   0.0000   0.0000   0.0000   0.0000   0.0000   0.0000  -0.1068  -0.0000   0.0000   0.0000   0.0000   0.0000   0.0000   0.0000
   0.0000   0.0000   0.0000   0.0000   0.0000   0.0000   0.0001  -0.1061   0.0000   0.0000   0.0000   0.0000   0.0000   0.0000
   0.0000   0.0000   0.0000   0.0000   0.0000   0.0000   0.0000   0.0000  -0.1068  -0.0000   0.0000   0.0000   0.0000   0.0000
   0.0000   0.0000   0.0000   0.0000   0.0000   0.0000   0.0000   0.0000   0.0001  -0.1061   0.0000   0.0000   0.0000   0.0000
   0.0000   0.0000   0.0000   0.0000   0.0000   0.0000   0.0000   0.0000   0.0000   0.0000  -0.1068  -0.0000   0.0000   0.0000
   0.0000   0.0000   0.0000   0.0000   0.0000   0.0000   0.0000   0.0000   0.0000   0.0000   0.0001  -0.1061   0.0000   0.0000
   0.0000   0.0000   0.0000   0.0000   0.0000   0.0000   0.0000   0.0000   0.0000   0.0000   0.0000   0.0000  -0.1128   0.0000
   0.0000   0.0000   0.0000   0.0000   0.0000   0.0000   0.0000   0.0000   0.0000   0.0000   0.0000   0.0000   0.0000  -0.1128
 imag part
   0.0000  -0.0006   0.0000   0.0000   0.0000   0.0000   0.0000   0.0000   0.0000   0.0000   0.0000   0.0000   0.0000   0.0000
   0.0005  -0.0000   0.0000   0.0000   0.0000   0.0000   0.0000   0.0000   0.0000   0.0000   0.0000   0.0000   0.0000   0.0000
   0.0000   0.0000   0.0000  -0.0006   0.0000   0.0000   0.0000   0.0000   0.0000   0.0000   0.0000   0.0000   0.0000   0.0000
   0.0000   0.0000   0.0005  -0.0000   0.0000   0.0000   0.0000   0.0000   0.0000   0.0000   0.0000   0.0000   0.0000   0.0000
   0.0000   0.0000   0.0000   0.0000   0.0001   0.0002   0.0000   0.0000   0.0000   0.0000   0.0000   0.0000   0.0000   0.0000
   0.0000   0.0000   0.0000   0.0000   0.0001  -0.0001   0.0000   0.0000   0.0000   0.0000   0.0000   0.0000   0.0000   0.0000
   0.0000   0.0000   0.0000   0.0000   0.0000   0.0000   0.0001   0.0002   0.0000   0.0000   0.0000   0.0000   0.0000   0.0000
   0.0000   0.0000   0.0000   0.0000   0.0000   0.0000   0.0001  -0.0001   0.0000   0.0000   0.0000   0.0000   0.0000   0.0000
   0.0000   0.0000   0.0000   0.0000   0.0000   0.0000   0.0000   0.0000   0.0001   0.0002   0.0000   0.0000   0.0000   0.0000
   0.0000   0.0000   0.0000   0.0000   0.0000   0.0000   0.0000   0.0000   0.0001  -0.0001   0.0000   0.0000   0.0000   0.0000
   0.0000   0.0000   0.0000   0.0000   0.0000   0.0000   0.0000   0.0000   0.0000   0.0000   0.0001   0.0002   0.0000   0.0000
   0.0000   0.0000   0.0000   0.0000   0.0000   0.0000   0.0000   0.0000   0.0000   0.0000   0.0001  -0.0001   0.0000   0.0000
   0.0000   0.0000   0.0000   0.0000   0.0000   0.0000   0.0000   0.0000   0.0000   0.0000   0.0000   0.0000  -0.0000   0.0000
   0.0000   0.0000   0.0000   0.0000   0.0000   0.0000   0.0000   0.0000   0.0000   0.0000   0.0000   0.0000   0.0000  -0.0000
************           la2  ************
 imp=  1
 real part
  -1.9161   0.0047   0.0000   0.0000   0.0000   0.0000   0.0000   0.0000   0.0000   0.0000   0.0000   0.0000   0.0000   0.0000
   0.0047  -2.0399   0.0000   0.0000   0.0000   0.0000   0.0000   0.0000   0.0000   0.0000   0.0000   0.0000   0.0000   0.0000
   0.0000   0.0000  -1.9161   0.0047   0.0000   0.0000   0.0000   0.0000   0.0000   0.0000   0.0000   0.0000   0.0000   0.0000
   0.0000   0.0000   0.0047  -2.0399   0.0000   0.0000   0.0000   0.0000   0.0000   0.0000   0.0000   0.0000   0.0000   0.0000
   0.0000   0.0000   0.0000   0.0000  -2.0085  -0.0061   0.0000   0.0000   0.0000   0.0000   0.0000   0.0000   0.0000   0.0000
   0.0000   0.0000   0.0000   0.0000  -0.0061  -2.0296   0.0000   0.0000   0.0000   0.0000   0.0000   0.0000   0.0000   0.0000
   0.0000   0.0000   0.0000   0.0000   0.0000   0.0000  -2.0085  -0.0061   0.0000   0.0000   0.0000   0.0000   0.0000   0.0000
   0.0000   0.0000   0.0000   0.0000   0.0000   0.0000  -0.0061  -2.0296   0.0000   0.0000   0.0000   0.0000   0.0000   0.0000
   0.0000   0.0000   0.0000   0.0000   0.0000   0.0000   0.0000   0.0000  -2.0085  -0.0061   0.0000   0.0000   0.0000   0.0000
   0.0000   0.0000   0.0000   0.0000   0.0000   0.0000   0.0000   0.0000  -0.0061  -2.0296   0.0000   0.0000   0.0000   0.0000
   0.0000   0.0000   0.0000   0.0000   0.0000   0.0000   0.0000   0.0000   0.0000   0.0000  -2.0085  -0.0061   0.0000   0.0000
   0.0000   0.0000   0.0000   0.0000   0.0000   0.0000   0.0000   0.0000   0.0000   0.0000  -0.0061  -2.0296   0.0000   0.0000
   0.0000   0.0000   0.0000   0.0000   0.0000   0.0000   0.0000   0.0000   0.0000   0.0000   0.0000   0.0000  -1.9782   0.0000
   0.0000   0.0000   0.0000   0.0000   0.0000   0.0000   0.0000   0.0000   0.0000   0.0000   0.0000   0.0000   0.0000  -1.9782
 imag part
   0.0000  -0.0034   0.0000   0.0000   0.0000   0.0000   0.0000   0.0000   0.0000   0.0000   0.0000   0.0000   0.0000   0.0000
   0.0034   0.0000   0.0000   0.0000   0.0000   0.0000   0.0000   0.0000   0.0000   0.0000   0.0000   0.0000   0.0000   0.0000
   0.0000   0.0000   0.0000  -0.0034   0.0000   0.0000   0.0000   0.0000   0.0000   0.0000   0.0000   0.0000   0.0000   0.0000
   0.0000   0.0000   0.0034   0.0000   0.0000   0.0000   0.0000   0.0000   0.0000   0.0000   0.0000   0.0000   0.0000   0.0000
   0.0000   0.0000   0.0000   0.0000   0.0000  -0.0035   0.0000   0.0000   0.0000   0.0000   0.0000   0.0000   0.0000   0.0000
   0.0000   0.0000   0.0000   0.0000   0.0035   0.0000   0.0000   0.0000   0.0000   0.0000   0.0000   0.0000   0.0000   0.0000
   0.0000   0.0000   0.0000   0.0000   0.0000   0.0000   0.0000  -0.0035   0.0000   0.0000   0.0000   0.0000   0.0000   0.0000
   0.0000   0.0000   0.0000   0.0000   0.0000   0.0000   0.0035   0.0000   0.0000   0.0000   0.0000   0.0000   0.0000   0.0000
   0.0000   0.0000   0.0000   0.0000   0.0000   0.0000   0.0000   0.0000   0.0000  -0.0035   0.0000   0.0000   0.0000   0.0000
   0.0000   0.0000   0.0000   0.0000   0.0000   0.0000   0.0000   0.0000   0.0035   0.0000   0.0000   0.0000   0.0000   0.0000
   0.0000   0.0000   0.0000   0.0000   0.0000   0.0000   0.0000   0.0000   0.0000   0.0000   0.0000  -0.0035   0.0000   0.0000
   0.0000   0.0000   0.0000   0.0000   0.0000   0.0000   0.0000   0.0000   0.0000   0.0000   0.0035   0.0000   0.0000   0.0000
   0.0000   0.0000   0.0000   0.0000   0.0000   0.0000   0.0000   0.0000   0.0000   0.0000   0.0000   0.0000   0.0000   0.0000
   0.0000   0.0000   0.0000   0.0000   0.0000   0.0000   0.0000   0.0000   0.0000   0.0000   0.0000   0.0000   0.0000   0.0000
 imp =   1 s_xyz(nphysical   ) =     0.00224     0.00076    -0.00715
           l_xyz(nphysical   ) =    -0.00444     0.00911     0.01043
************    isimix-var  ************
 imp=  1
 real part
   2.3183   0.0068   0.0000   0.0000   0.0000   0.0000   0.0000   0.0000   0.0000   0.0000   0.0000   0.0000   0.0000   0.0000
   0.0068   2.0086   0.0000   0.0000   0.0000   0.0000   0.0000   0.0000   0.0000   0.0000   0.0000   0.0000   0.0000   0.0000
   0.0000   0.0000   2.3183   0.0068   0.0000   0.0000   0.0000   0.0000   0.0000   0.0000   0.0000   0.0000   0.0000   0.0000
   0.0000   0.0000   0.0068   2.0086   0.0000   0.0000   0.0000   0.0000   0.0000   0.0000   0.0000   0.0000   0.0000   0.0000
   0.0000   0.0000   0.0000   0.0000   2.1054  -0.0150   0.0000   0.0000   0.0000   0.0000   0.0000   0.0000   0.0000   0.0000
   0.0000   0.0000   0.0000   0.0000  -0.0150   2.0099   0.0000   0.0000   0.0000   0.0000   0.0000   0.0000   0.0000   0.0000
   0.0000   0.0000   0.0000   0.0000   0.0000   0.0000   2.1054  -0.0150   0.0000   0.0000   0.0000   0.0000   0.0000   0.0000
   0.0000   0.0000   0.0000   0.0000   0.0000   0.0000  -0.0150   2.0099   0.0000   0.0000   0.0000   0.0000   0.0000   0.0000
   0.0000   0.0000   0.0000   0.0000   0.0000   0.0000   0.0000   0.0000   2.1054  -0.0150   0.0000   0.0000   0.0000   0.0000
   0.0000   0.0000   0.0000   0.0000   0.0000   0.0000   0.0000   0.0000  -0.0150   2.0099   0.0000   0.0000   0.0000   0.0000
   0.0000   0.0000   0.0000   0.0000   0.0000   0.0000   0.0000   0.0000   0.0000   0.0000   2.1054  -0.0150   0.0000   0.0000
   0.0000   0.0000   0.0000   0.0000   0.0000   0.0000   0.0000   0.0000   0.0000   0.0000  -0.0150   2.0099   0.0000   0.0000
   0.0000   0.0000   0.0000   0.0000   0.0000   0.0000   0.0000   0.0000   0.0000   0.0000   0.0000   0.0000   2.0979   0.0000
   0.0000   0.0000   0.0000   0.0000   0.0000   0.0000   0.0000   0.0000   0.0000   0.0000   0.0000   0.0000   0.0000   2.0979
 imag part
   0.0000   0.0033   0.0000   0.0000   0.0000   0.0000   0.0000   0.0000   0.0000   0.0000   0.0000   0.0000   0.0000   0.0000
  -0.0033   0.0000   0.0000   0.0000   0.0000   0.0000   0.0000   0.0000   0.0000   0.0000   0.0000   0.0000   0.0000   0.0000
   0.0000   0.0000   0.0000   0.0033   0.0000   0.0000   0.0000   0.0000   0.0000   0.0000   0.0000   0.0000   0.0000   0.0000
   0.0000   0.0000  -0.0033   0.0000   0.0000   0.0000   0.0000   0.0000   0.0000   0.0000   0.0000   0.0000   0.0000   0.0000
   0.0000   0.0000   0.0000   0.0000   0.0000   0.0033   0.0000   0.0000   0.0000   0.0000   0.0000   0.0000   0.0000   0.0000
   0.0000   0.0000   0.0000   0.0000  -0.0033   0.0000   0.0000   0.0000   0.0000   0.0000   0.0000   0.0000   0.0000   0.0000
   0.0000   0.0000   0.0000   0.0000   0.0000   0.0000   0.0000   0.0033   0.0000   0.0000   0.0000   0.0000   0.0000   0.0000
   0.0000   0.0000   0.0000   0.0000   0.0000   0.0000  -0.0033   0.0000   0.0000   0.0000   0.0000   0.0000   0.0000   0.0000
   0.0000   0.0000   0.0000   0.0000   0.0000   0.0000   0.0000   0.0000   0.0000   0.0033   0.0000   0.0000   0.0000   0.0000
   0.0000   0.0000   0.0000   0.0000   0.0000   0.0000   0.0000   0.0000  -0.0033   0.0000   0.0000   0.0000   0.0000   0.0000
   0.0000   0.0000   0.0000   0.0000   0.0000   0.0000   0.0000   0.0000   0.0000   0.0000   0.0000   0.0033   0.0000   0.0000
   0.0000   0.0000   0.0000   0.0000   0.0000   0.0000   0.0000   0.0000   0.0000   0.0000  -0.0033   0.0000   0.0000   0.0000
   0.0000   0.0000   0.0000   0.0000   0.0000   0.0000   0.0000   0.0000   0.0000   0.0000   0.0000   0.0000   0.0000   0.0000
   0.0000   0.0000   0.0000   0.0000   0.0000   0.0000   0.0000   0.0000   0.0000   0.0000   0.0000   0.0000   0.0000   0.0000
************        r0-out  ************
 imp=  1
 real part
   0.4267   0.0031  -0.0000  -0.0014  -0.0000  -0.0000  -0.0001  -0.0003   0.0002   0.0002  -0.0000   0.0001   0.0000  -0.0001
  -0.0036   0.4622   0.0022   0.0001  -0.0000  -0.0000   0.0000  -0.0001   0.0000  -0.0000   0.0001  -0.0001   0.0002   0.0001
   0.0003  -0.0047   0.4267   0.0005  -0.0001  -0.0000  -0.0001  -0.0001   0.0001  -0.0001  -0.0000   0.0000  -0.0000   0.0000
   0.0007  -0.0002  -0.0024   0.4622   0.0000  -0.0001   0.0001  -0.0000   0.0000  -0.0000   0.0000   0.0000  -0.0001  -0.0001
   0.0000   0.0000   0.0000  -0.0000   0.4596  -0.0009   0.0001   0.0002  -0.0002   0.0000   0.0002  -0.0001   0.0000  -0.0000
   0.0000  -0.0000   0.0000  -0.0000   0.0016   0.4619   0.0001  -0.0001  -0.0002   0.0001   0.0002  -0.0001   0.0000  -0.0001
   0.0000  -0.0001   0.0000  -0.0001  -0.0002  -0.0001   0.4597  -0.0012   0.0001   0.0003   0.0002   0.0002  -0.0000   0.0000
   0.0002  -0.0000   0.0001   0.0000  -0.0001   0.0001   0.0019   0.4619   0.0000  -0.0001   0.0002  -0.0002  -0.0000   0.0001
  -0.0000  -0.0000   0.0000  -0.0001   0.0001   0.0003  -0.0001  -0.0000   0.4597  -0.0013   0.0002   0.0001  -0.0000  -0.0000
  -0.0001   0.0000   0.0000  -0.0000  -0.0000  -0.0002  -0.0002   0.0001   0.0020   0.4620   0.0002  -0.0001  -0.0001  -0.0000
   0.0000  -0.0001  -0.0000  -0.0000   0.0000  -0.0003  -0.0002  -0.0004  -0.0001  -0.0003   0.4598  -0.0013  -0.0000  -0.0000
  -0.0001  -0.0000  -0.0000   0.0000   0.0001   0.0001  -0.0001   0.0002  -0.0001   0.0001   0.0020   0.4620  -0.0000  -0.0000
   0.0000  -0.0002  -0.0000   0.0001   0.0000  -0.0000   0.0000   0.0000   0.0000   0.0001  -0.0001   0.0001   0.4617  -0.0000
   0.0000  -0.0001  -0.0000   0.0001   0.0001   0.0001  -0.0001  -0.0001  -0.0002   0.0001  -0.0000   0.0001  -0.0000   0.4617
 imag part
  -0.0001  -0.0010   0.0003  -0.0053  -0.0002   0.0001   0.0001   0.0001  -0.0004   0.0004  -0.0000  -0.0001  -0.0000   0.0000
  -0.0022   0.0001  -0.0011  -0.0003  -0.0000   0.0000   0.0000  -0.0000  -0.0001  -0.0000   0.0000  -0.0000  -0.0000   0.0001
   0.0003  -0.0025   0.0002  -0.0044   0.0001  -0.0003  -0.0001  -0.0000   0.0000  -0.0001  -0.0001  -0.0001  -0.0001   0.0000
  -0.0024  -0.0004  -0.0037  -0.0002  -0.0000   0.0000   0.0000  -0.0000   0.0001  -0.0001  -0.0000   0.0000  -0.0002   0.0000
  -0.0000  -0.0000  -0.0000  -0.0000  -0.0004  -0.0013   0.0001   0.0003   0.0000  -0.0002   0.0001   0.0002   0.0000   0.0000
   0.0000   0.0000  -0.0001  -0.0000  -0.0014   0.0004   0.0001  -0.0001   0.0002   0.0001  -0.0001  -0.0001  -0.0000   0.0001
   0.0000   0.0000  -0.0000   0.0001   0.0001   0.0001  -0.0002  -0.0012  -0.0002  -0.0002   0.0001   0.0003   0.0000   0.0000
   0.0000  -0.0000  -0.0000  -0.0000   0.0002  -0.0001  -0.0013   0.0002  -0.0002   0.0002  -0.0000  -0.0001   0.0000   0.0000
  -0.0000  -0.0000  -0.0000   0.0001  -0.0001   0.0002  -0.0002  -0.0004  -0.0001  -0.0010   0.0000   0.0003   0.0000   0.0000
   0.0001   0.0000  -0.0000  -0.0000  -0.0001  -0.0000  -0.0002   0.0001  -0.0012   0.0001  -0.0000  -0.0001   0.0002  -0.0000
  -0.0000   0.0000  -0.0000  -0.0000   0.0001  -0.0001   0.0001  -0.0000   0.0001  -0.0000   0.0000  -0.0008   0.0000   0.0000
  -0.0000  -0.0000  -0.0000  -0.0000   0.0002  -0.0000   0.0002  -0.0000   0.0002  -0.0000  -0.0011  -0.0000   0.0001   0.0001
   0.0000  -0.0000   0.0000  -0.0002  -0.0001   0.0000  -0.0001   0.0000  -0.0001   0.0002   0.0001   0.0001  -0.0000   0.0000
  -0.0000   0.0001  -0.0000   0.0000   0.0001   0.0001  -0.0002   0.0000  -0.0002   0.0000  -0.0000   0.0001  -0.0000   0.0000
************         r-out  ************
 imp=  1
 real part
   0.9892   0.0092  -0.0000  -0.0029  -0.0000  -0.0000  -0.0003  -0.0007   0.0004   0.0004  -0.0000   0.0003   0.0000  -0.0002
  -0.0052   0.9283   0.0050   0.0003  -0.0000  -0.0000   0.0000  -0.0003   0.0000  -0.0000   0.0002  -0.0002   0.0004   0.0003
   0.0006  -0.0094   0.9892   0.0040  -0.0002  -0.0001  -0.0002  -0.0003   0.0002  -0.0002  -0.0001   0.0001  -0.0000   0.0001
   0.0016  -0.0004  -0.0024   0.9284   0.0000  -0.0001   0.0001  -0.0001   0.0001  -0.0000   0.0000   0.0000  -0.0002  -0.0002
   0.0000   0.0000   0.0000  -0.0001   0.9677  -0.0086   0.0001   0.0005  -0.0003   0.0000   0.0004  -0.0003   0.0000  -0.0000
   0.0000  -0.0000   0.0001  -0.0000  -0.0035   0.9283   0.0001  -0.0003  -0.0005   0.0001   0.0004  -0.0001   0.0001  -0.0001
   0.0001  -0.0001   0.0001  -0.0002  -0.0003  -0.0001   0.9680  -0.0094   0.0001   0.0006   0.0004   0.0004  -0.0000   0.0000
   0.0004  -0.0001   0.0002   0.0000  -0.0003   0.0002  -0.0029   0.9283   0.0000  -0.0001   0.0005  -0.0004  -0.0001   0.0002
  -0.0001  -0.0000   0.0000  -0.0001   0.0002   0.0006  -0.0002  -0.0000   0.9679  -0.0095   0.0003   0.0003  -0.0001  -0.0000
  -0.0003   0.0000   0.0001  -0.0000  -0.0000  -0.0004  -0.0004   0.0002  -0.0028   0.9286   0.0004  -0.0003  -0.0002  -0.0000
   0.0000  -0.0003  -0.0000  -0.0000   0.0000  -0.0006  -0.0003  -0.0007  -0.0003  -0.0005   0.9680  -0.0096  -0.0000  -0.0000
  -0.0002  -0.0000  -0.0000   0.0000   0.0002   0.0003  -0.0003   0.0004  -0.0002   0.0003  -0.0028   0.9285  -0.0000  -0.0001
   0.0000  -0.0004  -0.0000   0.0002   0.0001  -0.0001   0.0000   0.0001   0.0000   0.0002  -0.0002   0.0001   0.9686  -0.0000
   0.0000  -0.0003  -0.0000   0.0002   0.0002   0.0001  -0.0002  -0.0002  -0.0005   0.0001  -0.0000   0.0001  -0.0000   0.9687
 imag part
  -0.0001  -0.0033   0.0008  -0.0106  -0.0003   0.0002   0.0001   0.0002  -0.0008   0.0007  -0.0000  -0.0002  -0.0001   0.0000
  -0.0036   0.0001  -0.0026  -0.0007  -0.0000   0.0000   0.0001  -0.0001  -0.0001  -0.0001   0.0001  -0.0001  -0.0001   0.0002
   0.0007  -0.0051   0.0005  -0.0102   0.0002  -0.0006  -0.0003  -0.0000   0.0000  -0.0002  -0.0001  -0.0002  -0.0002   0.0000
  -0.0055  -0.0007  -0.0071  -0.0005  -0.0000   0.0001   0.0001  -0.0000   0.0002  -0.0002  -0.0001   0.0001  -0.0003   0.0000
  -0.0000  -0.0000  -0.0000  -0.0001  -0.0008  -0.0041   0.0002   0.0007   0.0001  -0.0003   0.0002   0.0005   0.0000   0.0000
   0.0001   0.0000  -0.0003  -0.0000  -0.0015   0.0008   0.0002  -0.0002   0.0004   0.0001  -0.0002  -0.0003  -0.0000   0.0002
   0.0001   0.0001  -0.0000   0.0001   0.0002   0.0003  -0.0004  -0.0039  -0.0004  -0.0005   0.0001   0.0006   0.0000   0.0001
   0.0001  -0.0000  -0.0001  -0.0001   0.0005  -0.0002  -0.0013   0.0004  -0.0005   0.0005  -0.0001  -0.0003   0.0000   0.0000
  -0.0000  -0.0001  -0.0000   0.0003  -0.0002   0.0005  -0.0004  -0.0007  -0.0002  -0.0035   0.0001   0.0005   0.0001   0.0000
   0.0003   0.0001  -0.0001  -0.0000  -0.0002  -0.0000  -0.0004   0.0003  -0.0010   0.0002  -0.0001  -0.0003   0.0003  -0.0001
  -0.0000   0.0001  -0.0000  -0.0001   0.0002  -0.0002   0.0002  -0.0001   0.0003  -0.0000   0.0000  -0.0032   0.0000   0.0000
  -0.0001  -0.0000  -0.0001  -0.0000   0.0004  -0.0001   0.0004  -0.0001   0.0004  -0.0000  -0.0007   0.0000   0.0001   0.0001
   0.0000  -0.0001   0.0000  -0.0004  -0.0003   0.0000  -0.0002   0.0001  -0.0001   0.0004   0.0003   0.0001  -0.0000   0.0001
  -0.0000   0.0002  -0.0000   0.0000   0.0002   0.0001  -0.0004   0.0001  -0.0004   0.0000  -0.0001   0.0002  -0.0001   0.0000
************     r-out-sym  ************
 imp=  1
 real part
   0.9892   0.0066   0.0000   0.0000   0.0000   0.0000   0.0000   0.0000   0.0000   0.0000   0.0000   0.0000   0.0000   0.0000
  -0.0038   0.9284   0.0000   0.0000   0.0000   0.0000   0.0000   0.0000   0.0000   0.0000   0.0000   0.0000   0.0000   0.0000
   0.0000   0.0000   0.9892   0.0066   0.0000   0.0000   0.0000   0.0000   0.0000   0.0000   0.0000   0.0000   0.0000   0.0000
   0.0000   0.0000  -0.0038   0.9284   0.0000   0.0000   0.0000   0.0000   0.0000   0.0000   0.0000   0.0000   0.0000   0.0000
   0.0000   0.0000   0.0000   0.0000   0.9679  -0.0093   0.0000   0.0000   0.0000   0.0000   0.0000   0.0000   0.0000   0.0000
   0.0000   0.0000   0.0000   0.0000  -0.0030   0.9284   0.0000   0.0000   0.0000   0.0000   0.0000   0.0000   0.0000   0.0000
   0.0000   0.0000   0.0000   0.0000   0.0000   0.0000   0.9679  -0.0093   0.0000   0.0000   0.0000   0.0000   0.0000   0.0000
   0.0000   0.0000   0.0000   0.0000   0.0000   0.0000  -0.0030   0.9284   0.0000   0.0000   0.0000   0.0000   0.0000   0.0000
   0.0000   0.0000   0.0000   0.0000   0.0000   0.0000   0.0000   0.0000   0.9679  -0.0093   0.0000   0.0000   0.0000   0.0000
   0.0000   0.0000   0.0000   0.0000   0.0000   0.0000   0.0000   0.0000  -0.0030   0.9284   0.0000   0.0000   0.0000   0.0000
   0.0000   0.0000   0.0000   0.0000   0.0000   0.0000   0.0000   0.0000   0.0000   0.0000   0.9679  -0.0093   0.0000   0.0000
   0.0000   0.0000   0.0000   0.0000   0.0000   0.0000   0.0000   0.0000   0.0000   0.0000  -0.0030   0.9284   0.0000   0.0000
   0.0000   0.0000   0.0000   0.0000   0.0000   0.0000   0.0000   0.0000   0.0000   0.0000   0.0000   0.0000   0.9687   0.0000
   0.0000   0.0000   0.0000   0.0000   0.0000   0.0000   0.0000   0.0000   0.0000   0.0000   0.0000   0.0000   0.0000   0.9687
 imag part
   0.0002  -0.0068   0.0000   0.0000   0.0000   0.0000   0.0000   0.0000   0.0000   0.0000   0.0000   0.0000   0.0000   0.0000
  -0.0054  -0.0002   0.0000   0.0000   0.0000   0.0000   0.0000   0.0000   0.0000   0.0000   0.0000   0.0000   0.0000   0.0000
   0.0000   0.0000   0.0002  -0.0068   0.0000   0.0000   0.0000   0.0000   0.0000   0.0000   0.0000   0.0000   0.0000   0.0000
   0.0000   0.0000  -0.0054  -0.0002   0.0000   0.0000   0.0000   0.0000   0.0000   0.0000   0.0000   0.0000   0.0000   0.0000
   0.0000   0.0000   0.0000   0.0000  -0.0003  -0.0037   0.0000   0.0000   0.0000   0.0000   0.0000   0.0000   0.0000   0.0000
   0.0000   0.0000   0.0000   0.0000  -0.0011   0.0003   0.0000   0.0000   0.0000   0.0000   0.0000   0.0000   0.0000   0.0000
   0.0000   0.0000   0.0000   0.0000   0.0000   0.0000  -0.0003  -0.0037   0.0000   0.0000   0.0000   0.0000   0.0000   0.0000
   0.0000   0.0000   0.0000   0.0000   0.0000   0.0000  -0.0011   0.0003   0.0000   0.0000   0.0000   0.0000   0.0000   0.0000
   0.0000   0.0000   0.0000   0.0000   0.0000   0.0000   0.0000   0.0000  -0.0003  -0.0037   0.0000   0.0000   0.0000   0.0000
   0.0000   0.0000   0.0000   0.0000   0.0000   0.0000   0.0000   0.0000  -0.0011   0.0003   0.0000   0.0000   0.0000   0.0000
   0.0000   0.0000   0.0000   0.0000   0.0000   0.0000   0.0000   0.0000   0.0000   0.0000  -0.0003  -0.0037   0.0000   0.0000
   0.0000   0.0000   0.0000   0.0000   0.0000   0.0000   0.0000   0.0000   0.0000   0.0000  -0.0011   0.0003   0.0000   0.0000
   0.0000   0.0000   0.0000   0.0000   0.0000   0.0000   0.0000   0.0000   0.0000   0.0000   0.0000   0.0000  -0.0000   0.0000
   0.0000   0.0000   0.0000   0.0000   0.0000   0.0000   0.0000   0.0000   0.0000   0.0000   0.0000   0.0000   0.0000  -0.0000
 max error due to symm in r-out =     0.010974
************     z-out-sym  ************
 imp=  1
 real part
   0.9786   0.0024   0.0000   0.0000   0.0000   0.0000   0.0000   0.0000   0.0000   0.0000   0.0000   0.0000   0.0000   0.0000
   0.0024   0.8619   0.0000   0.0000   0.0000   0.0000   0.0000   0.0000   0.0000   0.0000   0.0000   0.0000   0.0000   0.0000
   0.0000   0.0000   0.9786   0.0024   0.0000   0.0000   0.0000   0.0000   0.0000   0.0000   0.0000   0.0000   0.0000   0.0000
   0.0000   0.0000   0.0024   0.8619   0.0000   0.0000   0.0000   0.0000   0.0000   0.0000   0.0000   0.0000   0.0000   0.0000
   0.0000   0.0000   0.0000   0.0000   0.9369  -0.0115   0.0000   0.0000   0.0000   0.0000   0.0000   0.0000   0.0000   0.0000
   0.0000   0.0000   0.0000   0.0000  -0.0115   0.8620   0.0000   0.0000   0.0000   0.0000   0.0000   0.0000   0.0000   0.0000
   0.0000   0.0000   0.0000   0.0000   0.0000   0.0000   0.9369  -0.0115   0.0000   0.0000   0.0000   0.0000   0.0000   0.0000
   0.0000   0.0000   0.0000   0.0000   0.0000   0.0000  -0.0115   0.8620   0.0000   0.0000   0.0000   0.0000   0.0000   0.0000
   0.0000   0.0000   0.0000   0.0000   0.0000   0.0000   0.0000   0.0000   0.9369  -0.0115   0.0000   0.0000   0.0000   0.0000
   0.0000   0.0000   0.0000   0.0000   0.0000   0.0000   0.0000   0.0000  -0.0115   0.8620   0.0000   0.0000   0.0000   0.0000
   0.0000   0.0000   0.0000   0.0000   0.0000   0.0000   0.0000   0.0000   0.0000   0.0000   0.9369  -0.0115   0.0000   0.0000
   0.0000   0.0000   0.0000   0.0000   0.0000   0.0000   0.0000   0.0000   0.0000   0.0000  -0.0115   0.8620   0.0000   0.0000
   0.0000   0.0000   0.0000   0.0000   0.0000   0.0000   0.0000   0.0000   0.0000   0.0000   0.0000   0.0000   0.9383   0.0000
   0.0000   0.0000   0.0000   0.0000   0.0000   0.0000   0.0000   0.0000   0.0000   0.0000   0.0000   0.0000   0.0000   0.9383
 imag part
   0.0000  -0.0010   0.0000   0.0000   0.0000   0.0000   0.0000   0.0000   0.0000   0.0000   0.0000   0.0000   0.0000   0.0000
   0.0010   0.0000   0.0000   0.0000   0.0000   0.0000   0.0000   0.0000   0.0000   0.0000   0.0000   0.0000   0.0000   0.0000
   0.0000   0.0000   0.0000  -0.0010   0.0000   0.0000   0.0000   0.0000   0.0000   0.0000   0.0000   0.0000   0.0000   0.0000
   0.0000   0.0000   0.0010   0.0000   0.0000   0.0000   0.0000   0.0000   0.0000   0.0000   0.0000   0.0000   0.0000   0.0000
   0.0000   0.0000   0.0000   0.0000   0.0000  -0.0024   0.0000   0.0000   0.0000   0.0000   0.0000   0.0000   0.0000   0.0000
   0.0000   0.0000   0.0000   0.0000   0.0024   0.0000   0.0000   0.0000   0.0000   0.0000   0.0000   0.0000   0.0000   0.0000
   0.0000   0.0000   0.0000   0.0000   0.0000   0.0000   0.0000  -0.0024   0.0000   0.0000   0.0000   0.0000   0.0000   0.0000
   0.0000   0.0000   0.0000   0.0000   0.0000   0.0000   0.0024   0.0000   0.0000   0.0000   0.0000   0.0000   0.0000   0.0000
   0.0000   0.0000   0.0000   0.0000   0.0000   0.0000   0.0000   0.0000   0.0000  -0.0024   0.0000   0.0000   0.0000   0.0000
   0.0000   0.0000   0.0000   0.0000   0.0000   0.0000   0.0000   0.0000   0.0024   0.0000   0.0000   0.0000   0.0000   0.0000
   0.0000   0.0000   0.0000   0.0000   0.0000   0.0000   0.0000   0.0000   0.0000   0.0000   0.0000  -0.0024   0.0000   0.0000
   0.0000   0.0000   0.0000   0.0000   0.0000   0.0000   0.0000   0.0000   0.0000   0.0000   0.0024   0.0000   0.0000   0.0000
   0.0000   0.0000   0.0000   0.0000   0.0000   0.0000   0.0000   0.0000   0.0000   0.0000   0.0000   0.0000  -0.0000   0.0000
   0.0000   0.0000   0.0000   0.0000   0.0000   0.0000   0.0000   0.0000   0.0000   0.0000   0.0000   0.0000   0.0000  -0.0000
 imp=  1 eigen values of         z:
    0.9787    0.9787    0.9387    0.9387    0.9387    0.9387    0.9383    0.9383    0.8618    0.8618    0.8602    0.8602    0.8602    0.8602
 e_total_model = 17.4444321
 max nelf diff=    1.34982963 for imp=1
 total number of electrons in simulation: 16.00000
 maximal local symmetrization error =    0.09686
 WARNING: LARGE LOCAL SYMM ERROR!
   YOU ARE USING TOO HIGH SYMMETRY FOR THIS SYSTEM!
 CyGFinal takes    0 h  0 m  0.89 s(cpu).
                   0 h  0 m  1.72 s(wall).
 total number of impurities =    1
 impurity imap indices:
       1
 impurity num_spin_orbitals:
      14
 imp =  1 v2e(1,1,1,1) = .31
 mott localized orbital info:
 i=  1 nsorb= 0 nelect= 0
 ispin_in= 1 iso= 2 ispin= 1 ispo= 2
************     h1e-unsym  ************
 imp=  1
 real part
   2.0738  -0.0054   0.0000   0.0055   0.0113   0.0140   0.0008   0.0138   0.0101  -0.0007  -0.0066   0.0041  -0.0001   0.0000
  -0.0054   2.0686   0.0123  -0.0000   0.0118  -0.0035  -0.0058  -0.0097   0.0199   0.0088   0.0072  -0.0004  -0.0000  -0.0000
   0.0000   0.0123   2.0738   0.0023  -0.0039  -0.0050   0.0015  -0.0147  -0.0047   0.0155  -0.0055   0.0061  -0.0000  -0.0001
   0.0055  -0.0000   0.0023   2.0686  -0.0081   0.0073  -0.0114   0.0081  -0.0039   0.0091   0.0236   0.0070  -0.0000   0.0000
   0.0113   0.0118  -0.0039  -0.0081   2.0837  -0.0016  -0.0036   0.0047  -0.0097   0.0013   0.0084   0.0007   0.0014   0.0038
   0.0140  -0.0035  -0.0050   0.0073  -0.0016   2.0628   0.0035  -0.0120  -0.0005  -0.0015  -0.0016  -0.0047  -0.0020  -0.0141
   0.0008  -0.0058   0.0015  -0.0114  -0.0036   0.0035   2.0902   0.0026   0.0069  -0.0018   0.0125  -0.0035   0.0035  -0.0023
   0.0138  -0.0097  -0.0147   0.0081   0.0047  -0.0120   0.0026   2.0578   0.0026  -0.0027   0.0003  -0.0017  -0.0037   0.0135
   0.0101   0.0199  -0.0047  -0.0039  -0.0097  -0.0005   0.0069   0.0026   2.0803  -0.0044  -0.0018   0.0029   0.0033  -0.0084
  -0.0007   0.0088   0.0155   0.0091   0.0013  -0.0015  -0.0018  -0.0027  -0.0044   2.0474  -0.0040  -0.0057   0.0135  -0.0051
  -0.0066   0.0072  -0.0055   0.0236   0.0084  -0.0016   0.0125   0.0003  -0.0018  -0.0040   2.0812  -0.0021   0.0039   0.0034
   0.0041  -0.0004   0.0061   0.0070   0.0007  -0.0047  -0.0035  -0.0017   0.0029  -0.0057  -0.0021   2.0634  -0.0234  -0.0003
  -0.0001  -0.0000  -0.0000  -0.0000   0.0014  -0.0020   0.0035  -0.0037   0.0033   0.0135   0.0039  -0.0234   2.0557   0.0000
   0.0000  -0.0000  -0.0001   0.0000   0.0038  -0.0141  -0.0023   0.0135  -0.0084  -0.0051   0.0034  -0.0003   0.0000   2.0557
 imag part
   0.0000  -0.0017   0.0000   0.0117  -0.0024   0.0105   0.0024   0.0106   0.0019   0.0128  -0.0072   0.0163  -0.0001   0.0000
   0.0017  -0.0000  -0.0042   0.0000  -0.0150  -0.0005  -0.0118   0.0040   0.0116   0.0046   0.0088  -0.0068   0.0000   0.0000
  -0.0000   0.0042   0.0000   0.0052   0.0061   0.0014   0.0085   0.0081  -0.0090   0.0207  -0.0090  -0.0066   0.0000   0.0001
  -0.0117  -0.0000  -0.0052   0.0000   0.0142  -0.0025  -0.0032   0.0009   0.0137   0.0026  -0.0052  -0.0014  -0.0000   0.0000
   0.0024   0.0150  -0.0061  -0.0142  -0.0000   0.0058   0.0008  -0.0001  -0.0103   0.0000   0.0011   0.0006  -0.0007   0.0090
  -0.0105   0.0005  -0.0014   0.0025  -0.0058  -0.0000   0.0016   0.0016   0.0033  -0.0011  -0.0039  -0.0076   0.0093   0.0241
  -0.0024   0.0118  -0.0085   0.0032  -0.0008  -0.0016   0.0000   0.0031   0.0010   0.0016  -0.0052  -0.0060  -0.0117  -0.0041
  -0.0106  -0.0040  -0.0081  -0.0009   0.0001  -0.0016  -0.0031   0.0000  -0.0024   0.0067   0.0025  -0.0072   0.0120  -0.0177
  -0.0019  -0.0116   0.0090  -0.0137   0.0103  -0.0033  -0.0010   0.0024  -0.0000   0.0025   0.0045   0.0009  -0.0007  -0.0016
  -0.0128  -0.0046  -0.0207  -0.0026  -0.0000   0.0011  -0.0016  -0.0067  -0.0025   0.0000  -0.0009   0.0076  -0.0039  -0.0031
   0.0072  -0.0088   0.0090   0.0052  -0.0011   0.0039   0.0052  -0.0025  -0.0045   0.0009   0.0000  -0.0033  -0.0065   0.0040
  -0.0163   0.0068   0.0066   0.0014  -0.0006   0.0076   0.0060   0.0072  -0.0009  -0.0076   0.0033   0.0000  -0.0181  -0.0033
   0.0001  -0.0000  -0.0000   0.0000   0.0007  -0.0093   0.0117  -0.0120   0.0007   0.0039   0.0065   0.0181  -0.0000  -0.0000
  -0.0000  -0.0000  -0.0001  -0.0000  -0.0090  -0.0241   0.0041   0.0177   0.0016   0.0031  -0.0040   0.0033   0.0000   0.0000
   orbital splitting:
   0.00000  -0.00516  -0.00000  -0.00516   0.00998  -0.01095   0.01649  -0.01593   0.00653  -0.02634   0.00740  -0.01037  -0.01806  -0.01806
 imp=  1 eigen values of h1e-unsym:
    2.1080    2.1080    2.1054    2.1054    2.1009    2.1009    2.1005    2.1005    2.0255    2.0255    2.0212    2.0212    2.0201    2.0201
************       h1e-sym  ************
 imp=  1
 real part
   2.0738  -0.0016   0.0000   0.0000   0.0000   0.0000   0.0000   0.0000   0.0000   0.0000   0.0000   0.0000   0.0000   0.0000
  -0.0016   2.0686   0.0000   0.0000   0.0000   0.0000   0.0000   0.0000   0.0000   0.0000   0.0000   0.0000   0.0000   0.0000
   0.0000   0.0000   2.0738  -0.0016   0.0000   0.0000   0.0000   0.0000   0.0000   0.0000   0.0000   0.0000   0.0000   0.0000
   0.0000   0.0000  -0.0016   2.0686   0.0000   0.0000   0.0000   0.0000   0.0000   0.0000   0.0000   0.0000   0.0000   0.0000
   0.0000   0.0000   0.0000   0.0000   2.0839  -0.0013   0.0000   0.0000   0.0000   0.0000   0.0000   0.0000   0.0000   0.0000
   0.0000   0.0000   0.0000   0.0000  -0.0013   2.0579   0.0000   0.0000   0.0000   0.0000   0.0000   0.0000   0.0000   0.0000
   0.0000   0.0000   0.0000   0.0000   0.0000   0.0000   2.0839  -0.0013   0.0000   0.0000   0.0000   0.0000   0.0000   0.0000
   0.0000   0.0000   0.0000   0.0000   0.0000   0.0000  -0.0013   2.0579   0.0000   0.0000   0.0000   0.0000   0.0000   0.0000
   0.0000   0.0000   0.0000   0.0000   0.0000   0.0000   0.0000   0.0000   2.0839  -0.0013   0.0000   0.0000   0.0000   0.0000
   0.0000   0.0000   0.0000   0.0000   0.0000   0.0000   0.0000   0.0000  -0.0013   2.0579   0.0000   0.0000   0.0000   0.0000
   0.0000   0.0000   0.0000   0.0000   0.0000   0.0000   0.0000   0.0000   0.0000   0.0000   2.0839  -0.0013   0.0000   0.0000
   0.0000   0.0000   0.0000   0.0000   0.0000   0.0000   0.0000   0.0000   0.0000   0.0000  -0.0013   2.0579   0.0000   0.0000
   0.0000   0.0000   0.0000   0.0000   0.0000   0.0000   0.0000   0.0000   0.0000   0.0000   0.0000   0.0000   2.0557   0.0000
   0.0000   0.0000   0.0000   0.0000   0.0000   0.0000   0.0000   0.0000   0.0000   0.0000   0.0000   0.0000   0.0000   2.0557
 imag part
   0.0000   0.0018   0.0000   0.0000   0.0000   0.0000   0.0000   0.0000   0.0000   0.0000   0.0000   0.0000   0.0000   0.0000
  -0.0018   0.0000   0.0000   0.0000   0.0000   0.0000   0.0000   0.0000   0.0000   0.0000   0.0000   0.0000   0.0000   0.0000
   0.0000   0.0000   0.0000   0.0018   0.0000   0.0000   0.0000   0.0000   0.0000   0.0000   0.0000   0.0000   0.0000   0.0000
   0.0000   0.0000  -0.0018   0.0000   0.0000   0.0000   0.0000   0.0000   0.0000   0.0000   0.0000   0.0000   0.0000   0.0000
   0.0000   0.0000   0.0000   0.0000   0.0000   0.0020   0.0000   0.0000   0.0000   0.0000   0.0000   0.0000   0.0000   0.0000
   0.0000   0.0000   0.0000   0.0000  -0.0020   0.0000   0.0000   0.0000   0.0000   0.0000   0.0000   0.0000   0.0000   0.0000
   0.0000   0.0000   0.0000   0.0000   0.0000   0.0000   0.0000   0.0020   0.0000   0.0000   0.0000   0.0000   0.0000   0.0000
   0.0000   0.0000   0.0000   0.0000   0.0000   0.0000  -0.0020   0.0000   0.0000   0.0000   0.0000   0.0000   0.0000   0.0000
   0.0000   0.0000   0.0000   0.0000   0.0000   0.0000   0.0000   0.0000   0.0000   0.0020   0.0000   0.0000   0.0000   0.0000
   0.0000   0.0000   0.0000   0.0000   0.0000   0.0000   0.0000   0.0000  -0.0020   0.0000   0.0000   0.0000   0.0000   0.0000
   0.0000   0.0000   0.0000   0.0000   0.0000   0.0000   0.0000   0.0000   0.0000   0.0000   0.0000   0.0020   0.0000   0.0000
   0.0000   0.0000   0.0000   0.0000   0.0000   0.0000   0.0000   0.0000   0.0000   0.0000  -0.0020   0.0000   0.0000   0.0000
   0.0000   0.0000   0.0000   0.0000   0.0000   0.0000   0.0000   0.0000   0.0000   0.0000   0.0000   0.0000   0.0000   0.0000
   0.0000   0.0000   0.0000   0.0000   0.0000   0.0000   0.0000   0.0000   0.0000   0.0000   0.0000   0.0000   0.0000   0.0000
   orbital splitting:
   0.00000  -0.00516   0.00000  -0.00516   0.01010  -0.01590   0.01010  -0.01590   0.01010  -0.01590   0.01010  -0.01590  -0.01806  -0.01806
 imp=  1 eigen values of   h1e-sym:
    2.0841    2.0841    2.0841    2.0841    2.0747    2.0747    2.0677    2.0677    2.0576    2.0576    2.0576    2.0576    2.0557    2.0557
 max error due to symm in h1e =     0.029602
************     h1u-unsym  ************
 imp=  1
 real part
   2.0738  -0.0054   0.0000   0.0055   0.0113   0.0140   0.0008   0.0138   0.0101  -0.0007  -0.0066   0.0041  -0.0001   0.0000
  -0.0054   2.0686   0.0123  -0.0000   0.0118  -0.0035  -0.0058  -0.0097   0.0199   0.0088   0.0072  -0.0004  -0.0000  -0.0000
   0.0000   0.0123   2.0738   0.0023  -0.0039  -0.0050   0.0015  -0.0147  -0.0047   0.0155  -0.0055   0.0061  -0.0000  -0.0001
   0.0055  -0.0000   0.0023   2.0686  -0.0081   0.0073  -0.0114   0.0081  -0.0039   0.0091   0.0236   0.0070  -0.0000   0.0000
   0.0113   0.0118  -0.0039  -0.0081   2.0837  -0.0016  -0.0036   0.0047  -0.0097   0.0013   0.0084   0.0007   0.0014   0.0038
   0.0140  -0.0035  -0.0050   0.0073  -0.0016   2.0628   0.0035  -0.0120  -0.0005  -0.0015  -0.0016  -0.0047  -0.0020  -0.0141
   0.0008  -0.0058   0.0015  -0.0114  -0.0036   0.0035   2.0902   0.0026   0.0069  -0.0018   0.0125  -0.0035   0.0035  -0.0023
   0.0138  -0.0097  -0.0147   0.0081   0.0047  -0.0120   0.0026   2.0578   0.0026  -0.0027   0.0003  -0.0017  -0.0037   0.0135
   0.0101   0.0199  -0.0047  -0.0039  -0.0097  -0.0005   0.0069   0.0026   2.0803  -0.0044  -0.0018   0.0029   0.0033  -0.0084
  -0.0007   0.0088   0.0155   0.0091   0.0013  -0.0015  -0.0018  -0.0027  -0.0044   2.0474  -0.0040  -0.0057   0.0135  -0.0051
  -0.0066   0.0072  -0.0055   0.0236   0.0084  -0.0016   0.0125   0.0003  -0.0018  -0.0040   2.0812  -0.0021   0.0039   0.0034
   0.0041  -0.0004   0.0061   0.0070   0.0007  -0.0047  -0.0035  -0.0017   0.0029  -0.0057  -0.0021   2.0634  -0.0234  -0.0003
  -0.0001  -0.0000  -0.0000  -0.0000   0.0014  -0.0020   0.0035  -0.0037   0.0033   0.0135   0.0039  -0.0234   2.0557   0.0000
   0.0000  -0.0000  -0.0001   0.0000   0.0038  -0.0141  -0.0023   0.0135  -0.0084  -0.0051   0.0034  -0.0003   0.0000   2.0557
 imag part
   0.0000  -0.0017   0.0000   0.0117  -0.0024   0.0105   0.0024   0.0106   0.0019   0.0128  -0.0072   0.0163  -0.0001   0.0000
   0.0017  -0.0000  -0.0042   0.0000  -0.0150  -0.0005  -0.0118   0.0040   0.0116   0.0046   0.0088  -0.0068   0.0000   0.0000
  -0.0000   0.0042   0.0000   0.0052   0.0061   0.0014   0.0085   0.0081  -0.0090   0.0207  -0.0090  -0.0066   0.0000   0.0001
  -0.0117  -0.0000  -0.0052   0.0000   0.0142  -0.0025  -0.0032   0.0009   0.0137   0.0026  -0.0052  -0.0014  -0.0000   0.0000
   0.0024   0.0150  -0.0061  -0.0142  -0.0000   0.0058   0.0008  -0.0001  -0.0103   0.0000   0.0011   0.0006  -0.0007   0.0090
  -0.0105   0.0005  -0.0014   0.0025  -0.0058  -0.0000   0.0016   0.0016   0.0033  -0.0011  -0.0039  -0.0076   0.0093   0.0241
  -0.0024   0.0118  -0.0085   0.0032  -0.0008  -0.0016   0.0000   0.0031   0.0010   0.0016  -0.0052  -0.0060  -0.0117  -0.0041
  -0.0106  -0.0040  -0.0081  -0.0009   0.0001  -0.0016  -0.0031   0.0000  -0.0024   0.0067   0.0025  -0.0072   0.0120  -0.0177
  -0.0019  -0.0116   0.0090  -0.0137   0.0103  -0.0033  -0.0010   0.0024  -0.0000   0.0025   0.0045   0.0009  -0.0007  -0.0016
  -0.0128  -0.0046  -0.0207  -0.0026  -0.0000   0.0011  -0.0016  -0.0067  -0.0025   0.0000  -0.0009   0.0076  -0.0039  -0.0031
   0.0072  -0.0088   0.0090   0.0052  -0.0011   0.0039   0.0052  -0.0025  -0.0045   0.0009   0.0000  -0.0033  -0.0065   0.0040
  -0.0163   0.0068   0.0066   0.0014  -0.0006   0.0076   0.0060   0.0072  -0.0009  -0.0076   0.0033   0.0000  -0.0181  -0.0033
   0.0001  -0.0000  -0.0000   0.0000   0.0007  -0.0093   0.0117  -0.0120   0.0007   0.0039   0.0065   0.0181  -0.0000  -0.0000
  -0.0000  -0.0000  -0.0001  -0.0000  -0.0090  -0.0241   0.0041   0.0177   0.0016   0.0031  -0.0040   0.0033   0.0000   0.0000
   orbital splitting:
   0.00000  -0.00516  -0.00000  -0.00516   0.00998  -0.01095   0.01649  -0.01593   0.00653  -0.02634   0.00740  -0.01037  -0.01806  -0.01806
 imp=  1 eigen values of h1u-unsym:
    2.1080    2.1080    2.1054    2.1054    2.1009    2.1009    2.1005    2.1005    2.0255    2.0255    2.0212    2.0212    2.0201    2.0201
************       h1u-sym  ************
 imp=  1
 real part
   2.0738  -0.0016   0.0000   0.0000   0.0000   0.0000   0.0000   0.0000   0.0000   0.0000   0.0000   0.0000   0.0000   0.0000
  -0.0016   2.0686   0.0000   0.0000   0.0000   0.0000   0.0000   0.0000   0.0000   0.0000   0.0000   0.0000   0.0000   0.0000
   0.0000   0.0000   2.0738  -0.0016   0.0000   0.0000   0.0000   0.0000   0.0000   0.0000   0.0000   0.0000   0.0000   0.0000
   0.0000   0.0000  -0.0016   2.0686   0.0000   0.0000   0.0000   0.0000   0.0000   0.0000   0.0000   0.0000   0.0000   0.0000
   0.0000   0.0000   0.0000   0.0000   2.0839  -0.0013   0.0000   0.0000   0.0000   0.0000   0.0000   0.0000   0.0000   0.0000
   0.0000   0.0000   0.0000   0.0000  -0.0013   2.0579   0.0000   0.0000   0.0000   0.0000   0.0000   0.0000   0.0000   0.0000
   0.0000   0.0000   0.0000   0.0000   0.0000   0.0000   2.0839  -0.0013   0.0000   0.0000   0.0000   0.0000   0.0000   0.0000
   0.0000   0.0000   0.0000   0.0000   0.0000   0.0000  -0.0013   2.0579   0.0000   0.0000   0.0000   0.0000   0.0000   0.0000
   0.0000   0.0000   0.0000   0.0000   0.0000   0.0000   0.0000   0.0000   2.0839  -0.0013   0.0000   0.0000   0.0000   0.0000
   0.0000   0.0000   0.0000   0.0000   0.0000   0.0000   0.0000   0.0000  -0.0013   2.0579   0.0000   0.0000   0.0000   0.0000
   0.0000   0.0000   0.0000   0.0000   0.0000   0.0000   0.0000   0.0000   0.0000   0.0000   2.0839  -0.0013   0.0000   0.0000
   0.0000   0.0000   0.0000   0.0000   0.0000   0.0000   0.0000   0.0000   0.0000   0.0000  -0.0013   2.0579   0.0000   0.0000
   0.0000   0.0000   0.0000   0.0000   0.0000   0.0000   0.0000   0.0000   0.0000   0.0000   0.0000   0.0000   2.0557   0.0000
   0.0000   0.0000   0.0000   0.0000   0.0000   0.0000   0.0000   0.0000   0.0000   0.0000   0.0000   0.0000   0.0000   2.0557
 imag part
   0.0000   0.0018   0.0000   0.0000   0.0000   0.0000   0.0000   0.0000   0.0000   0.0000   0.0000   0.0000   0.0000   0.0000
  -0.0018   0.0000   0.0000   0.0000   0.0000   0.0000   0.0000   0.0000   0.0000   0.0000   0.0000   0.0000   0.0000   0.0000
   0.0000   0.0000   0.0000   0.0018   0.0000   0.0000   0.0000   0.0000   0.0000   0.0000   0.0000   0.0000   0.0000   0.0000
   0.0000   0.0000  -0.0018   0.0000   0.0000   0.0000   0.0000   0.0000   0.0000   0.0000   0.0000   0.0000   0.0000   0.0000
   0.0000   0.0000   0.0000   0.0000   0.0000   0.0020   0.0000   0.0000   0.0000   0.0000   0.0000   0.0000   0.0000   0.0000
   0.0000   0.0000   0.0000   0.0000  -0.0020   0.0000   0.0000   0.0000   0.0000   0.0000   0.0000   0.0000   0.0000   0.0000
   0.0000   0.0000   0.0000   0.0000   0.0000   0.0000   0.0000   0.0020   0.0000   0.0000   0.0000   0.0000   0.0000   0.0000
   0.0000   0.0000   0.0000   0.0000   0.0000   0.0000  -0.0020   0.0000   0.0000   0.0000   0.0000   0.0000   0.0000   0.0000
   0.0000   0.0000   0.0000   0.0000   0.0000   0.0000   0.0000   0.0000   0.0000   0.0020   0.0000   0.0000   0.0000   0.0000
   0.0000   0.0000   0.0000   0.0000   0.0000   0.0000   0.0000   0.0000  -0.0020   0.0000   0.0000   0.0000   0.0000   0.0000
   0.0000   0.0000   0.0000   0.0000   0.0000   0.0000   0.0000   0.0000   0.0000   0.0000   0.0000   0.0020   0.0000   0.0000
   0.0000   0.0000   0.0000   0.0000   0.0000   0.0000   0.0000   0.0000   0.0000   0.0000  -0.0020   0.0000   0.0000   0.0000
   0.0000   0.0000   0.0000   0.0000   0.0000   0.0000   0.0000   0.0000   0.0000   0.0000   0.0000   0.0000   0.0000   0.0000
   0.0000   0.0000   0.0000   0.0000   0.0000   0.0000   0.0000   0.0000   0.0000   0.0000   0.0000   0.0000   0.0000   0.0000
   orbital splitting:
   0.00000  -0.00516   0.00000  -0.00516   0.01010  -0.01590   0.01010  -0.01590   0.01010  -0.01590   0.01010  -0.01590  -0.01806  -0.01806
 imp=  1 eigen values of   h1u-sym:
    2.0841    2.0841    2.0841    2.0841    2.0747    2.0747    2.0677    2.0677    2.0576    2.0576    2.0576    2.0576    2.0557    2.0557
 max error due to symm in h1u =     0.029602
 min/max(this%ne(1,:,:))=      40      48
 min/max(this%ne(2,:,:))=       9       9
 min/max(this%ne(3,:,:))=      26      34
 brillouin zone integration: ismear=-5 with delta=.00000
 this%nmax=  48
 valence electrons: total=    16.0
         correlated block=     8.0
 bz integration with tetra method, icor= 1
 equal occupancy of degenerate states, tol= 0.1E-05
 standard FLL dc with dc only updated at the electron density cycles.
 input nelf tot:
           6.647
 input nelf spin-resolved:
           3.323     3.323
 average hubbard u list:
           0.294
 average hund j list:
           0.026
************          r-in  ************
 imp=  1
 real part
   0.9700   0.0047   0.0000   0.0000   0.0000   0.0000   0.0000   0.0000   0.0000   0.0000   0.0000   0.0000   0.0000   0.0000
  -0.0027   0.9309   0.0000   0.0000   0.0000   0.0000   0.0000   0.0000   0.0000   0.0000   0.0000   0.0000   0.0000   0.0000
   0.0000   0.0000   0.9700   0.0047   0.0000   0.0000   0.0000   0.0000   0.0000   0.0000   0.0000   0.0000   0.0000   0.0000
   0.0000   0.0000  -0.0027   0.9309   0.0000   0.0000   0.0000   0.0000   0.0000   0.0000   0.0000   0.0000   0.0000   0.0000
   0.0000   0.0000   0.0000   0.0000   0.9536  -0.0059   0.0000   0.0000   0.0000   0.0000   0.0000   0.0000   0.0000   0.0000
   0.0000   0.0000   0.0000   0.0000  -0.0014   0.9312   0.0000   0.0000   0.0000   0.0000   0.0000   0.0000   0.0000   0.0000
   0.0000   0.0000   0.0000   0.0000   0.0000   0.0000   0.9536  -0.0059   0.0000   0.0000   0.0000   0.0000   0.0000   0.0000
   0.0000   0.0000   0.0000   0.0000   0.0000   0.0000  -0.0014   0.9312   0.0000   0.0000   0.0000   0.0000   0.0000   0.0000
   0.0000   0.0000   0.0000   0.0000   0.0000   0.0000   0.0000   0.0000   0.9536  -0.0059   0.0000   0.0000   0.0000   0.0000
   0.0000   0.0000   0.0000   0.0000   0.0000   0.0000   0.0000   0.0000  -0.0014   0.9312   0.0000   0.0000   0.0000   0.0000
   0.0000   0.0000   0.0000   0.0000   0.0000   0.0000   0.0000   0.0000   0.0000   0.0000   0.9536  -0.0059   0.0000   0.0000
   0.0000   0.0000   0.0000   0.0000   0.0000   0.0000   0.0000   0.0000   0.0000   0.0000  -0.0014   0.9312   0.0000   0.0000
   0.0000   0.0000   0.0000   0.0000   0.0000   0.0000   0.0000   0.0000   0.0000   0.0000   0.0000   0.0000   0.9557   0.0000
   0.0000   0.0000   0.0000   0.0000   0.0000   0.0000   0.0000   0.0000   0.0000   0.0000   0.0000   0.0000   0.0000   0.9557
 imag part
   0.0001  -0.0049   0.0000   0.0000   0.0000   0.0000   0.0000   0.0000   0.0000   0.0000   0.0000   0.0000   0.0000   0.0000
  -0.0037  -0.0001   0.0000   0.0000   0.0000   0.0000   0.0000   0.0000   0.0000   0.0000   0.0000   0.0000   0.0000   0.0000
   0.0000   0.0000   0.0001  -0.0049   0.0000   0.0000   0.0000   0.0000   0.0000   0.0000   0.0000   0.0000   0.0000   0.0000
   0.0000   0.0000  -0.0037  -0.0001   0.0000   0.0000   0.0000   0.0000   0.0000   0.0000   0.0000   0.0000   0.0000   0.0000
   0.0000   0.0000   0.0000   0.0000  -0.0002  -0.0024   0.0000   0.0000   0.0000   0.0000   0.0000   0.0000   0.0000   0.0000
   0.0000   0.0000   0.0000   0.0000  -0.0010   0.0003   0.0000   0.0000   0.0000   0.0000   0.0000   0.0000   0.0000   0.0000
   0.0000   0.0000   0.0000   0.0000   0.0000   0.0000  -0.0002  -0.0024   0.0000   0.0000   0.0000   0.0000   0.0000   0.0000
   0.0000   0.0000   0.0000   0.0000   0.0000   0.0000  -0.0010   0.0003   0.0000   0.0000   0.0000   0.0000   0.0000   0.0000
   0.0000   0.0000   0.0000   0.0000   0.0000   0.0000   0.0000   0.0000  -0.0002  -0.0024   0.0000   0.0000   0.0000   0.0000
   0.0000   0.0000   0.0000   0.0000   0.0000   0.0000   0.0000   0.0000  -0.0010   0.0003   0.0000   0.0000   0.0000   0.0000
   0.0000   0.0000   0.0000   0.0000   0.0000   0.0000   0.0000   0.0000   0.0000   0.0000  -0.0002  -0.0024   0.0000   0.0000
   0.0000   0.0000   0.0000   0.0000   0.0000   0.0000   0.0000   0.0000   0.0000   0.0000  -0.0010   0.0003   0.0000   0.0000
   0.0000   0.0000   0.0000   0.0000   0.0000   0.0000   0.0000   0.0000   0.0000   0.0000   0.0000   0.0000  -0.0000   0.0000
   0.0000   0.0000   0.0000   0.0000   0.0000   0.0000   0.0000   0.0000   0.0000   0.0000   0.0000   0.0000   0.0000  -0.0000
************        la1-in  ************
 imp=  1
 real part
   2.0577  -0.0016   0.0000   0.0000   0.0000   0.0000   0.0000   0.0000   0.0000   0.0000   0.0000   0.0000   0.0000   0.0000
  -0.0016   2.0480   0.0000   0.0000   0.0000   0.0000   0.0000   0.0000   0.0000   0.0000   0.0000   0.0000   0.0000   0.0000
   0.0000   0.0000   2.0577  -0.0016   0.0000   0.0000   0.0000   0.0000   0.0000   0.0000   0.0000   0.0000   0.0000   0.0000
   0.0000   0.0000  -0.0016   2.0480   0.0000   0.0000   0.0000   0.0000   0.0000   0.0000   0.0000   0.0000   0.0000   0.0000
   0.0000   0.0000   0.0000   0.0000   2.0672  -0.0018   0.0000   0.0000   0.0000   0.0000   0.0000   0.0000   0.0000   0.0000
   0.0000   0.0000   0.0000   0.0000  -0.0018   2.0379   0.0000   0.0000   0.0000   0.0000   0.0000   0.0000   0.0000   0.0000
   0.0000   0.0000   0.0000   0.0000   0.0000   0.0000   2.0672  -0.0018   0.0000   0.0000   0.0000   0.0000   0.0000   0.0000
   0.0000   0.0000   0.0000   0.0000   0.0000   0.0000  -0.0018   2.0379   0.0000   0.0000   0.0000   0.0000   0.0000   0.0000
   0.0000   0.0000   0.0000   0.0000   0.0000   0.0000   0.0000   0.0000   2.0672  -0.0018   0.0000   0.0000   0.0000   0.0000
   0.0000   0.0000   0.0000   0.0000   0.0000   0.0000   0.0000   0.0000  -0.0018   2.0379   0.0000   0.0000   0.0000   0.0000
   0.0000   0.0000   0.0000   0.0000   0.0000   0.0000   0.0000   0.0000   0.0000   0.0000   2.0672  -0.0018   0.0000   0.0000
   0.0000   0.0000   0.0000   0.0000   0.0000   0.0000   0.0000   0.0000   0.0000   0.0000  -0.0018   2.0379   0.0000   0.0000
   0.0000   0.0000   0.0000   0.0000   0.0000   0.0000   0.0000   0.0000   0.0000   0.0000   0.0000   0.0000   2.0381   0.0000
   0.0000   0.0000   0.0000   0.0000   0.0000   0.0000   0.0000   0.0000   0.0000   0.0000   0.0000   0.0000   0.0000   2.0381
 imag part
   0.0000   0.0019   0.0000   0.0000   0.0000   0.0000   0.0000   0.0000   0.0000   0.0000   0.0000   0.0000   0.0000   0.0000
  -0.0019   0.0000   0.0000   0.0000   0.0000   0.0000   0.0000   0.0000   0.0000   0.0000   0.0000   0.0000   0.0000   0.0000
   0.0000   0.0000   0.0000   0.0019   0.0000   0.0000   0.0000   0.0000   0.0000   0.0000   0.0000   0.0000   0.0000   0.0000
   0.0000   0.0000  -0.0019   0.0000   0.0000   0.0000   0.0000   0.0000   0.0000   0.0000   0.0000   0.0000   0.0000   0.0000
   0.0000   0.0000   0.0000   0.0000   0.0000   0.0018   0.0000   0.0000   0.0000   0.0000   0.0000   0.0000   0.0000   0.0000
   0.0000   0.0000   0.0000   0.0000  -0.0018   0.0000   0.0000   0.0000   0.0000   0.0000   0.0000   0.0000   0.0000   0.0000
   0.0000   0.0000   0.0000   0.0000   0.0000   0.0000   0.0000   0.0018   0.0000   0.0000   0.0000   0.0000   0.0000   0.0000
   0.0000   0.0000   0.0000   0.0000   0.0000   0.0000  -0.0018   0.0000   0.0000   0.0000   0.0000   0.0000   0.0000   0.0000
   0.0000   0.0000   0.0000   0.0000   0.0000   0.0000   0.0000   0.0000   0.0000   0.0018   0.0000   0.0000   0.0000   0.0000
   0.0000   0.0000   0.0000   0.0000   0.0000   0.0000   0.0000   0.0000  -0.0018   0.0000   0.0000   0.0000   0.0000   0.0000
   0.0000   0.0000   0.0000   0.0000   0.0000   0.0000   0.0000   0.0000   0.0000   0.0000   0.0000   0.0018   0.0000   0.0000
   0.0000   0.0000   0.0000   0.0000   0.0000   0.0000   0.0000   0.0000   0.0000   0.0000  -0.0018   0.0000   0.0000   0.0000
   0.0000   0.0000   0.0000   0.0000   0.0000   0.0000   0.0000   0.0000   0.0000   0.0000   0.0000   0.0000   0.0000   0.0000
   0.0000   0.0000   0.0000   0.0000   0.0000   0.0000   0.0000   0.0000   0.0000   0.0000   0.0000   0.0000   0.0000   0.0000
 calc_band_all takes    0 h  0 m  0.03 s(cpu).
                        0 h  0 m  0.03 s(wall).
 iloop            1
 iloop            2
   fermi energy at    2.0064219828468195     
   sum rule of tetrahedron integration checked 
   number of occupied bands:          18
   highest energy:   2.0324301015944437     
 gutz fermi level=      2.00642198
************     nks-unsym  ************
 imp=  1
 real part
   0.2483  -0.0206  -0.0003   0.0177   0.0000   0.0056  -0.0024   0.0048   0.0039   0.0023  -0.0032  -0.0063  -0.0024   0.0011
  -0.0206   0.4625   0.0578  -0.0005  -0.0013  -0.0286   0.0070   0.0369   0.0173  -0.0172   0.0064   0.0166   0.0023  -0.0047
  -0.0003   0.0578   0.2478   0.0120  -0.0006  -0.0089   0.0027   0.0025  -0.0039   0.0047  -0.0003   0.0000  -0.0010  -0.0024
   0.0177  -0.0005   0.0120   0.4622  -0.0134  -0.0188   0.0158  -0.0282   0.0102   0.0014   0.0452  -0.0181  -0.0076   0.0041
   0.0000  -0.0013  -0.0006  -0.0134   0.3385   0.0740  -0.0067   0.0251   0.0132  -0.0061   0.0023  -0.0204   0.0114  -0.0044
   0.0056  -0.0286  -0.0089  -0.0188   0.0740   0.4697  -0.0221   0.0066   0.0610  -0.0051  -0.0213  -0.0047  -0.0049  -0.0031
  -0.0024   0.0070   0.0027   0.0158  -0.0067  -0.0221   0.3535   0.0089   0.0025   0.0833  -0.0103   0.0335   0.0082  -0.0128
   0.0048   0.0369   0.0025  -0.0282   0.0251   0.0066   0.0089   0.4518   0.0163   0.0072  -0.0484  -0.0063  -0.0042   0.0100
   0.0039   0.0173  -0.0039   0.0102   0.0132   0.0610   0.0025   0.0163   0.3410  -0.0083  -0.0044  -0.0006   0.0182  -0.0158
   0.0023  -0.0172   0.0047   0.0014  -0.0061  -0.0051   0.0833   0.0072  -0.0083   0.4773  -0.0660   0.0084   0.0026  -0.0006
  -0.0032   0.0064  -0.0003   0.0452   0.0023  -0.0213  -0.0103  -0.0484  -0.0044  -0.0660   0.3368  -0.0012  -0.0029   0.0142
  -0.0063   0.0166   0.0000  -0.0181  -0.0204  -0.0047   0.0335  -0.0063  -0.0006   0.0084  -0.0012   0.4566  -0.0119  -0.0022
  -0.0024   0.0023  -0.0010  -0.0076   0.0114  -0.0049   0.0082  -0.0042   0.0182   0.0026  -0.0029  -0.0119   0.3521  -0.0000
   0.0011  -0.0047  -0.0024   0.0041  -0.0044  -0.0031  -0.0128   0.0100  -0.0158  -0.0006   0.0142  -0.0022  -0.0000   0.3523
 imag part
  -0.0000   0.0186   0.0001  -0.0634  -0.0002  -0.0018  -0.0054   0.0040  -0.0008  -0.0064  -0.0043  -0.0022   0.0020  -0.0006
  -0.0186   0.0000   0.0312   0.0007   0.0396  -0.0048   0.0143   0.0089  -0.0336   0.0045   0.0067  -0.0165  -0.0029  -0.0083
  -0.0001  -0.0312   0.0000  -0.0222   0.0039   0.0031  -0.0049  -0.0033  -0.0027  -0.0053   0.0022  -0.0015  -0.0003  -0.0022
   0.0634  -0.0007   0.0222   0.0000  -0.0227  -0.0093  -0.0101   0.0161  -0.0142   0.0088  -0.0025  -0.0358  -0.0069  -0.0011
   0.0002  -0.0396  -0.0039   0.0227   0.0000   0.0152  -0.0027  -0.0351   0.0030   0.0065  -0.0098  -0.0444  -0.0056  -0.0176
   0.0018   0.0048  -0.0031   0.0093  -0.0152   0.0000   0.0213   0.0073   0.0232   0.0060  -0.0440  -0.0128  -0.0035  -0.0072
   0.0054  -0.0143   0.0049   0.0101   0.0027  -0.0213  -0.0000   0.0141   0.0055   0.0487  -0.0056  -0.0395   0.0286   0.0142
  -0.0040  -0.0089   0.0033  -0.0161   0.0351  -0.0073  -0.0141  -0.0000  -0.0476  -0.0021  -0.0056  -0.0073  -0.0044   0.0083
   0.0008   0.0336   0.0027   0.0142  -0.0030  -0.0232  -0.0055   0.0476   0.0000  -0.0249  -0.0106  -0.0561  -0.0043  -0.0073
   0.0064  -0.0045   0.0053  -0.0088  -0.0065  -0.0060  -0.0487   0.0021   0.0249   0.0000  -0.0114  -0.0061  -0.0038  -0.0040
   0.0043  -0.0067  -0.0022   0.0025   0.0098   0.0440   0.0056   0.0056   0.0106   0.0114  -0.0000  -0.0213   0.0055  -0.0169
   0.0022   0.0165   0.0015   0.0358   0.0444   0.0128   0.0395   0.0073   0.0561   0.0061   0.0213   0.0000   0.0032   0.0020
  -0.0020   0.0029   0.0003   0.0069   0.0056   0.0035  -0.0286   0.0044   0.0043   0.0038  -0.0055  -0.0032  -0.0000  -0.0001
   0.0006   0.0083   0.0022   0.0011   0.0176   0.0072  -0.0142  -0.0083   0.0073   0.0040   0.0169  -0.0020   0.0001   0.0000
   sub_tot=  5.350373  0.000000
 imp=  1 eigen values of nks-unsym:
    0.5755    0.5678    0.5531    0.5516    0.4205    0.4164    0.3535    0.3529    0.2921    0.2890    0.2677    0.2616    0.2246    0.2241
************       nks-sym  ************
 imp=  1
 real part
   0.2481  -0.0043   0.0000   0.0000   0.0000   0.0000   0.0000   0.0000   0.0000   0.0000   0.0000   0.0000   0.0000   0.0000
  -0.0043   0.4623   0.0000   0.0000   0.0000   0.0000   0.0000   0.0000   0.0000   0.0000   0.0000   0.0000   0.0000   0.0000
   0.0000   0.0000   0.2481  -0.0043   0.0000   0.0000   0.0000   0.0000   0.0000   0.0000   0.0000   0.0000   0.0000   0.0000
   0.0000   0.0000  -0.0043   0.4623   0.0000   0.0000   0.0000   0.0000   0.0000   0.0000   0.0000   0.0000   0.0000   0.0000
   0.0000   0.0000   0.0000   0.0000   0.3425   0.0183   0.0000   0.0000   0.0000   0.0000   0.0000   0.0000   0.0000   0.0000
   0.0000   0.0000   0.0000   0.0000   0.0183   0.4638   0.0000   0.0000   0.0000   0.0000   0.0000   0.0000   0.0000   0.0000
   0.0000   0.0000   0.0000   0.0000   0.0000   0.0000   0.3425   0.0183   0.0000   0.0000   0.0000   0.0000   0.0000   0.0000
   0.0000   0.0000   0.0000   0.0000   0.0000   0.0000   0.0183   0.4638   0.0000   0.0000   0.0000   0.0000   0.0000   0.0000
   0.0000   0.0000   0.0000   0.0000   0.0000   0.0000   0.0000   0.0000   0.3425   0.0183   0.0000   0.0000   0.0000   0.0000
   0.0000   0.0000   0.0000   0.0000   0.0000   0.0000   0.0000   0.0000   0.0183   0.4638   0.0000   0.0000   0.0000   0.0000
   0.0000   0.0000   0.0000   0.0000   0.0000   0.0000   0.0000   0.0000   0.0000   0.0000   0.3425   0.0183   0.0000   0.0000
   0.0000   0.0000   0.0000   0.0000   0.0000   0.0000   0.0000   0.0000   0.0000   0.0000   0.0183   0.4638   0.0000   0.0000
   0.0000   0.0000   0.0000   0.0000   0.0000   0.0000   0.0000   0.0000   0.0000   0.0000   0.0000   0.0000   0.3522   0.0000
   0.0000   0.0000   0.0000   0.0000   0.0000   0.0000   0.0000   0.0000   0.0000   0.0000   0.0000   0.0000   0.0000   0.3522
 imag part
   0.0000  -0.0018   0.0000   0.0000   0.0000   0.0000   0.0000   0.0000   0.0000   0.0000   0.0000   0.0000   0.0000   0.0000
   0.0018   0.0000   0.0000   0.0000   0.0000   0.0000   0.0000   0.0000   0.0000   0.0000   0.0000   0.0000   0.0000   0.0000
   0.0000   0.0000   0.0000  -0.0018   0.0000   0.0000   0.0000   0.0000   0.0000   0.0000   0.0000   0.0000   0.0000   0.0000
   0.0000   0.0000   0.0018   0.0000   0.0000   0.0000   0.0000   0.0000   0.0000   0.0000   0.0000   0.0000   0.0000   0.0000
   0.0000   0.0000   0.0000   0.0000   0.0000  -0.0042   0.0000   0.0000   0.0000   0.0000   0.0000   0.0000   0.0000   0.0000
   0.0000   0.0000   0.0000   0.0000   0.0042   0.0000   0.0000   0.0000   0.0000   0.0000   0.0000   0.0000   0.0000   0.0000
   0.0000   0.0000   0.0000   0.0000   0.0000   0.0000   0.0000  -0.0042   0.0000   0.0000   0.0000   0.0000   0.0000   0.0000
   0.0000   0.0000   0.0000   0.0000   0.0000   0.0000   0.0042   0.0000   0.0000   0.0000   0.0000   0.0000   0.0000   0.0000
   0.0000   0.0000   0.0000   0.0000   0.0000   0.0000   0.0000   0.0000   0.0000  -0.0042   0.0000   0.0000   0.0000   0.0000
   0.0000   0.0000   0.0000   0.0000   0.0000   0.0000   0.0000   0.0000   0.0042   0.0000   0.0000   0.0000   0.0000   0.0000
   0.0000   0.0000   0.0000   0.0000   0.0000   0.0000   0.0000   0.0000   0.0000   0.0000   0.0000  -0.0042   0.0000   0.0000
   0.0000   0.0000   0.0000   0.0000   0.0000   0.0000   0.0000   0.0000   0.0000   0.0000   0.0042   0.0000   0.0000   0.0000
   0.0000   0.0000   0.0000   0.0000   0.0000   0.0000   0.0000   0.0000   0.0000   0.0000   0.0000   0.0000   0.0000   0.0000
   0.0000   0.0000   0.0000   0.0000   0.0000   0.0000   0.0000   0.0000   0.0000   0.0000   0.0000   0.0000   0.0000   0.0000
   sub_tot=  5.350373  0.000000
 max error due to symm in nks =     0.096480
 imp=  1 eigen values of   nks-sym:
    0.4667    0.4667    0.4667    0.4667    0.4624    0.4624    0.3522    0.3522    0.3396    0.3396    0.3396    0.3396    0.2480    0.2480
************    isimix-var  ************
 imp=  1
 real part
   2.3156   0.0062   0.0000   0.0000   0.0000   0.0000   0.0000   0.0000   0.0000   0.0000   0.0000   0.0000   0.0000   0.0000
   0.0062   2.0058   0.0000   0.0000   0.0000   0.0000   0.0000   0.0000   0.0000   0.0000   0.0000   0.0000   0.0000   0.0000
   0.0000   0.0000   2.3156   0.0062   0.0000   0.0000   0.0000   0.0000   0.0000   0.0000   0.0000   0.0000   0.0000   0.0000
   0.0000   0.0000   0.0062   2.0058   0.0000   0.0000   0.0000   0.0000   0.0000   0.0000   0.0000   0.0000   0.0000   0.0000
   0.0000   0.0000   0.0000   0.0000   2.1092  -0.0155   0.0000   0.0000   0.0000   0.0000   0.0000   0.0000   0.0000   0.0000
   0.0000   0.0000   0.0000   0.0000  -0.0155   2.0069   0.0000   0.0000   0.0000   0.0000   0.0000   0.0000   0.0000   0.0000
   0.0000   0.0000   0.0000   0.0000   0.0000   0.0000   2.1092  -0.0155   0.0000   0.0000   0.0000   0.0000   0.0000   0.0000
   0.0000   0.0000   0.0000   0.0000   0.0000   0.0000  -0.0155   2.0069   0.0000   0.0000   0.0000   0.0000   0.0000   0.0000
   0.0000   0.0000   0.0000   0.0000   0.0000   0.0000   0.0000   0.0000   2.1092  -0.0155   0.0000   0.0000   0.0000   0.0000
   0.0000   0.0000   0.0000   0.0000   0.0000   0.0000   0.0000   0.0000  -0.0155   2.0069   0.0000   0.0000   0.0000   0.0000
   0.0000   0.0000   0.0000   0.0000   0.0000   0.0000   0.0000   0.0000   0.0000   0.0000   2.1092  -0.0155   0.0000   0.0000
   0.0000   0.0000   0.0000   0.0000   0.0000   0.0000   0.0000   0.0000   0.0000   0.0000  -0.0155   2.0069   0.0000   0.0000
   0.0000   0.0000   0.0000   0.0000   0.0000   0.0000   0.0000   0.0000   0.0000   0.0000   0.0000   0.0000   2.0935   0.0000
   0.0000   0.0000   0.0000   0.0000   0.0000   0.0000   0.0000   0.0000   0.0000   0.0000   0.0000   0.0000   0.0000   2.0935
 imag part
   0.0000   0.0026   0.0000   0.0000   0.0000   0.0000   0.0000   0.0000   0.0000   0.0000   0.0000   0.0000   0.0000   0.0000
  -0.0026   0.0000   0.0000   0.0000   0.0000   0.0000   0.0000   0.0000   0.0000   0.0000   0.0000   0.0000   0.0000   0.0000
   0.0000   0.0000   0.0000   0.0026   0.0000   0.0000   0.0000   0.0000   0.0000   0.0000   0.0000   0.0000   0.0000   0.0000
   0.0000   0.0000  -0.0026   0.0000   0.0000   0.0000   0.0000   0.0000   0.0000   0.0000   0.0000   0.0000   0.0000   0.0000
   0.0000   0.0000   0.0000   0.0000   0.0000   0.0036   0.0000   0.0000   0.0000   0.0000   0.0000   0.0000   0.0000   0.0000
   0.0000   0.0000   0.0000   0.0000  -0.0036   0.0000   0.0000   0.0000   0.0000   0.0000   0.0000   0.0000   0.0000   0.0000
   0.0000   0.0000   0.0000   0.0000   0.0000   0.0000   0.0000   0.0036   0.0000   0.0000   0.0000   0.0000   0.0000   0.0000
   0.0000   0.0000   0.0000   0.0000   0.0000   0.0000  -0.0036   0.0000   0.0000   0.0000   0.0000   0.0000   0.0000   0.0000
   0.0000   0.0000   0.0000   0.0000   0.0000   0.0000   0.0000   0.0000   0.0000   0.0036   0.0000   0.0000   0.0000   0.0000
   0.0000   0.0000   0.0000   0.0000   0.0000   0.0000   0.0000   0.0000  -0.0036   0.0000   0.0000   0.0000   0.0000   0.0000
   0.0000   0.0000   0.0000   0.0000   0.0000   0.0000   0.0000   0.0000   0.0000   0.0000   0.0000   0.0036   0.0000   0.0000
   0.0000   0.0000   0.0000   0.0000   0.0000   0.0000   0.0000   0.0000   0.0000   0.0000  -0.0036   0.0000   0.0000   0.0000
   0.0000   0.0000   0.0000   0.0000   0.0000   0.0000   0.0000   0.0000   0.0000   0.0000   0.0000   0.0000   0.0000   0.0000
   0.0000   0.0000   0.0000   0.0000   0.0000   0.0000   0.0000   0.0000   0.0000   0.0000   0.0000   0.0000   0.0000   0.0000
************      d0-unsym  ************
 imp=  1
 real part
  -0.0562   0.0000   0.0001  -0.0004  -0.0005  -0.0011   0.0002  -0.0011  -0.0008   0.0000   0.0006  -0.0001   0.0001  -0.0001
  -0.0001  -0.0532  -0.0001  -0.0001   0.0004   0.0013  -0.0009  -0.0003  -0.0016  -0.0003  -0.0006  -0.0005  -0.0002   0.0005
  -0.0001  -0.0007  -0.0562  -0.0005   0.0003   0.0005  -0.0003   0.0009   0.0007  -0.0012   0.0003  -0.0004   0.0001   0.0002
  -0.0002   0.0001  -0.0003  -0.0532   0.0013  -0.0001  -0.0020   0.0002  -0.0012  -0.0010  -0.0045  -0.0001   0.0007  -0.0004
  -0.0005   0.0003   0.0003   0.0015  -0.0509  -0.0022  -0.0001  -0.0016   0.0021  -0.0001  -0.0006   0.0009  -0.0007  -0.0001
  -0.0010   0.0009   0.0003  -0.0002  -0.0004  -0.0528  -0.0006  -0.0009  -0.0006   0.0002  -0.0001  -0.0001   0.0021  -0.0012
   0.0003  -0.0009  -0.0004  -0.0022  -0.0000   0.0001  -0.0501  -0.0007  -0.0008  -0.0029  -0.0021  -0.0007  -0.0007   0.0009
  -0.0010   0.0001   0.0011  -0.0001  -0.0008  -0.0010  -0.0009  -0.0522  -0.0006  -0.0004  -0.0002   0.0002   0.0017  -0.0027
  -0.0009  -0.0020   0.0007  -0.0014   0.0020  -0.0025  -0.0007  -0.0011  -0.0500   0.0010  -0.0001   0.0002  -0.0012   0.0015
   0.0001  -0.0004  -0.0011  -0.0009  -0.0002   0.0002  -0.0004  -0.0005   0.0002  -0.0540   0.0012  -0.0008   0.0010  -0.0008
   0.0007  -0.0007   0.0002  -0.0054  -0.0008   0.0005  -0.0020   0.0013  -0.0001   0.0033  -0.0504   0.0002  -0.0002  -0.0010
  -0.0003  -0.0003  -0.0004  -0.0002   0.0003   0.0001   0.0003   0.0002   0.0002  -0.0007  -0.0003  -0.0522   0.0019   0.0009
   0.0001  -0.0002   0.0000   0.0006  -0.0004   0.0021  -0.0005   0.0016  -0.0006   0.0010  -0.0002   0.0019  -0.0537  -0.0000
  -0.0001   0.0004   0.0001  -0.0003  -0.0002  -0.0011   0.0005  -0.0027   0.0010  -0.0007  -0.0006   0.0009  -0.0000  -0.0536
 imag part
  -0.0001  -0.0004   0.0001   0.0006   0.0001   0.0007   0.0008   0.0007   0.0002   0.0010   0.0002   0.0012  -0.0001   0.0000
   0.0001   0.0001   0.0002  -0.0002  -0.0042   0.0001  -0.0013   0.0001   0.0035   0.0002  -0.0010  -0.0001   0.0003   0.0008
   0.0002   0.0001   0.0001  -0.0001  -0.0003  -0.0000   0.0010   0.0006  -0.0000   0.0016  -0.0006  -0.0005  -0.0000   0.0001
   0.0000  -0.0001   0.0002  -0.0001   0.0023   0.0001   0.0011  -0.0005   0.0014  -0.0001   0.0003   0.0010   0.0007   0.0001
  -0.0000   0.0048   0.0003  -0.0027   0.0001   0.0008  -0.0000   0.0002  -0.0008   0.0000  -0.0006   0.0015   0.0002   0.0016
  -0.0008  -0.0001  -0.0001   0.0001  -0.0012  -0.0001  -0.0000  -0.0005   0.0011  -0.0003  -0.0001   0.0010   0.0001  -0.0007
  -0.0009   0.0016  -0.0010  -0.0014   0.0001   0.0007  -0.0000  -0.0004   0.0007  -0.0014  -0.0007   0.0000  -0.0024  -0.0010
  -0.0007  -0.0002  -0.0006   0.0003   0.0010   0.0004  -0.0000   0.0000  -0.0006  -0.0003   0.0001   0.0006   0.0003  -0.0010
  -0.0003  -0.0042   0.0000  -0.0016   0.0010  -0.0004  -0.0007  -0.0008   0.0000   0.0012  -0.0004   0.0022   0.0002   0.0002
  -0.0010  -0.0003  -0.0015  -0.0001  -0.0003   0.0001  -0.0001   0.0002  -0.0003  -0.0000  -0.0004  -0.0001   0.0025   0.0029
  -0.0003   0.0011   0.0008  -0.0003   0.0005  -0.0012   0.0008  -0.0003   0.0003   0.0000   0.0000  -0.0008  -0.0008   0.0012
  -0.0012   0.0003   0.0005  -0.0007  -0.0001  -0.0010   0.0012  -0.0007  -0.0004   0.0001   0.0015  -0.0000   0.0014  -0.0006
   0.0001  -0.0002  -0.0000  -0.0006  -0.0001  -0.0002   0.0015  -0.0002  -0.0000  -0.0025   0.0006  -0.0014  -0.0000   0.0000
  -0.0000  -0.0007  -0.0001  -0.0001  -0.0011   0.0006   0.0006   0.0010  -0.0000  -0.0028  -0.0007   0.0006  -0.0000  -0.0000
************        d0-sym  ************
 imp=  1
 real part
  -0.0562  -0.0002   0.0000   0.0000   0.0000   0.0000   0.0000   0.0000   0.0000   0.0000   0.0000   0.0000   0.0000   0.0000
  -0.0002  -0.0532   0.0000   0.0000   0.0000   0.0000   0.0000   0.0000   0.0000   0.0000   0.0000   0.0000   0.0000   0.0000
   0.0000   0.0000  -0.0562  -0.0002   0.0000   0.0000   0.0000   0.0000   0.0000   0.0000   0.0000   0.0000   0.0000   0.0000
   0.0000   0.0000  -0.0002  -0.0532   0.0000   0.0000   0.0000   0.0000   0.0000   0.0000   0.0000   0.0000   0.0000   0.0000
   0.0000   0.0000   0.0000   0.0000  -0.0504  -0.0004   0.0000   0.0000   0.0000   0.0000   0.0000   0.0000   0.0000   0.0000
   0.0000   0.0000   0.0000   0.0000  -0.0003  -0.0528   0.0000   0.0000   0.0000   0.0000   0.0000   0.0000   0.0000   0.0000
   0.0000   0.0000   0.0000   0.0000   0.0000   0.0000  -0.0504  -0.0004   0.0000   0.0000   0.0000   0.0000   0.0000   0.0000
   0.0000   0.0000   0.0000   0.0000   0.0000   0.0000  -0.0003  -0.0528   0.0000   0.0000   0.0000   0.0000   0.0000   0.0000
   0.0000   0.0000   0.0000   0.0000   0.0000   0.0000   0.0000   0.0000  -0.0504  -0.0004   0.0000   0.0000   0.0000   0.0000
   0.0000   0.0000   0.0000   0.0000   0.0000   0.0000   0.0000   0.0000  -0.0003  -0.0528   0.0000   0.0000   0.0000   0.0000
   0.0000   0.0000   0.0000   0.0000   0.0000   0.0000   0.0000   0.0000   0.0000   0.0000  -0.0504  -0.0004   0.0000   0.0000
   0.0000   0.0000   0.0000   0.0000   0.0000   0.0000   0.0000   0.0000   0.0000   0.0000  -0.0003  -0.0528   0.0000   0.0000
   0.0000   0.0000   0.0000   0.0000   0.0000   0.0000   0.0000   0.0000   0.0000   0.0000   0.0000   0.0000  -0.0536   0.0000
   0.0000   0.0000   0.0000   0.0000   0.0000   0.0000   0.0000   0.0000   0.0000   0.0000   0.0000   0.0000   0.0000  -0.0536
 imag part
   0.0000  -0.0002   0.0000   0.0000   0.0000   0.0000   0.0000   0.0000   0.0000   0.0000   0.0000   0.0000   0.0000   0.0000
   0.0002  -0.0000   0.0000   0.0000   0.0000   0.0000   0.0000   0.0000   0.0000   0.0000   0.0000   0.0000   0.0000   0.0000
   0.0000   0.0000   0.0000  -0.0002   0.0000   0.0000   0.0000   0.0000   0.0000   0.0000   0.0000   0.0000   0.0000   0.0000
   0.0000   0.0000   0.0002  -0.0000   0.0000   0.0000   0.0000   0.0000   0.0000   0.0000   0.0000   0.0000   0.0000   0.0000
   0.0000   0.0000   0.0000   0.0000   0.0000   0.0002   0.0000   0.0000   0.0000   0.0000   0.0000   0.0000   0.0000   0.0000
   0.0000   0.0000   0.0000   0.0000  -0.0000  -0.0000   0.0000   0.0000   0.0000   0.0000   0.0000   0.0000   0.0000   0.0000
   0.0000   0.0000   0.0000   0.0000   0.0000   0.0000   0.0000   0.0002   0.0000   0.0000   0.0000   0.0000   0.0000   0.0000
   0.0000   0.0000   0.0000   0.0000   0.0000   0.0000  -0.0000  -0.0000   0.0000   0.0000   0.0000   0.0000   0.0000   0.0000
   0.0000   0.0000   0.0000   0.0000   0.0000   0.0000   0.0000   0.0000   0.0000   0.0002   0.0000   0.0000   0.0000   0.0000
   0.0000   0.0000   0.0000   0.0000   0.0000   0.0000   0.0000   0.0000  -0.0000  -0.0000   0.0000   0.0000   0.0000   0.0000
   0.0000   0.0000   0.0000   0.0000   0.0000   0.0000   0.0000   0.0000   0.0000   0.0000   0.0000   0.0002   0.0000   0.0000
   0.0000   0.0000   0.0000   0.0000   0.0000   0.0000   0.0000   0.0000   0.0000   0.0000  -0.0000  -0.0000   0.0000   0.0000
   0.0000   0.0000   0.0000   0.0000   0.0000   0.0000   0.0000   0.0000   0.0000   0.0000   0.0000   0.0000  -0.0000   0.0000
   0.0000   0.0000   0.0000   0.0000   0.0000   0.0000   0.0000   0.0000   0.0000   0.0000   0.0000   0.0000   0.0000  -0.0000
 max error due to symm in d0 =     0.005458
************         d-sym  ************
 imp=  1
 real part
  -0.1301  -0.0008   0.0000   0.0000   0.0000   0.0000   0.0000   0.0000   0.0000   0.0000   0.0000   0.0000   0.0000   0.0000
  -0.0008  -0.1067   0.0000   0.0000   0.0000   0.0000   0.0000   0.0000   0.0000   0.0000   0.0000   0.0000   0.0000   0.0000
   0.0000   0.0000  -0.1301  -0.0008   0.0000   0.0000   0.0000   0.0000   0.0000   0.0000   0.0000   0.0000   0.0000   0.0000
   0.0000   0.0000  -0.0008  -0.1067   0.0000   0.0000   0.0000   0.0000   0.0000   0.0000   0.0000   0.0000   0.0000   0.0000
   0.0000   0.0000   0.0000   0.0000  -0.1062  -0.0001   0.0000   0.0000   0.0000   0.0000   0.0000   0.0000   0.0000   0.0000
   0.0000   0.0000   0.0000   0.0000   0.0001  -0.1059   0.0000   0.0000   0.0000   0.0000   0.0000   0.0000   0.0000   0.0000
   0.0000   0.0000   0.0000   0.0000   0.0000   0.0000  -0.1062  -0.0001   0.0000   0.0000   0.0000   0.0000   0.0000   0.0000
   0.0000   0.0000   0.0000   0.0000   0.0000   0.0000   0.0001  -0.1059   0.0000   0.0000   0.0000   0.0000   0.0000   0.0000
   0.0000   0.0000   0.0000   0.0000   0.0000   0.0000   0.0000   0.0000  -0.1062  -0.0001   0.0000   0.0000   0.0000   0.0000
   0.0000   0.0000   0.0000   0.0000   0.0000   0.0000   0.0000   0.0000   0.0001  -0.1059   0.0000   0.0000   0.0000   0.0000
   0.0000   0.0000   0.0000   0.0000   0.0000   0.0000   0.0000   0.0000   0.0000   0.0000  -0.1062  -0.0001   0.0000   0.0000
   0.0000   0.0000   0.0000   0.0000   0.0000   0.0000   0.0000   0.0000   0.0000   0.0000   0.0001  -0.1059   0.0000   0.0000
   0.0000   0.0000   0.0000   0.0000   0.0000   0.0000   0.0000   0.0000   0.0000   0.0000   0.0000   0.0000  -0.1123   0.0000
   0.0000   0.0000   0.0000   0.0000   0.0000   0.0000   0.0000   0.0000   0.0000   0.0000   0.0000   0.0000   0.0000  -0.1123
 imag part
   0.0000  -0.0006   0.0000   0.0000   0.0000   0.0000   0.0000   0.0000   0.0000   0.0000   0.0000   0.0000   0.0000   0.0000
   0.0005  -0.0000   0.0000   0.0000   0.0000   0.0000   0.0000   0.0000   0.0000   0.0000   0.0000   0.0000   0.0000   0.0000
   0.0000   0.0000   0.0000  -0.0006   0.0000   0.0000   0.0000   0.0000   0.0000   0.0000   0.0000   0.0000   0.0000   0.0000
   0.0000   0.0000   0.0005  -0.0000   0.0000   0.0000   0.0000   0.0000   0.0000   0.0000   0.0000   0.0000   0.0000   0.0000
   0.0000   0.0000   0.0000   0.0000   0.0001   0.0002   0.0000   0.0000   0.0000   0.0000   0.0000   0.0000   0.0000   0.0000
   0.0000   0.0000   0.0000   0.0000   0.0002  -0.0001   0.0000   0.0000   0.0000   0.0000   0.0000   0.0000   0.0000   0.0000
   0.0000   0.0000   0.0000   0.0000   0.0000   0.0000   0.0001   0.0002   0.0000   0.0000   0.0000   0.0000   0.0000   0.0000
   0.0000   0.0000   0.0000   0.0000   0.0000   0.0000   0.0002  -0.0001   0.0000   0.0000   0.0000   0.0000   0.0000   0.0000
   0.0000   0.0000   0.0000   0.0000   0.0000   0.0000   0.0000   0.0000   0.0001   0.0002   0.0000   0.0000   0.0000   0.0000
   0.0000   0.0000   0.0000   0.0000   0.0000   0.0000   0.0000   0.0000   0.0002  -0.0001   0.0000   0.0000   0.0000   0.0000
   0.0000   0.0000   0.0000   0.0000   0.0000   0.0000   0.0000   0.0000   0.0000   0.0000   0.0001   0.0002   0.0000   0.0000
   0.0000   0.0000   0.0000   0.0000   0.0000   0.0000   0.0000   0.0000   0.0000   0.0000   0.0002  -0.0001   0.0000   0.0000
   0.0000   0.0000   0.0000   0.0000   0.0000   0.0000   0.0000   0.0000   0.0000   0.0000   0.0000   0.0000  -0.0000   0.0000
   0.0000   0.0000   0.0000   0.0000   0.0000   0.0000   0.0000   0.0000   0.0000   0.0000   0.0000   0.0000   0.0000  -0.0000
************           la2  ************
 imp=  1
 real part
  -1.9104   0.0045   0.0000   0.0000   0.0000   0.0000   0.0000   0.0000   0.0000   0.0000   0.0000   0.0000   0.0000   0.0000
   0.0045  -2.0330   0.0000   0.0000   0.0000   0.0000   0.0000   0.0000   0.0000   0.0000   0.0000   0.0000   0.0000   0.0000
   0.0000   0.0000  -1.9104   0.0045   0.0000   0.0000   0.0000   0.0000   0.0000   0.0000   0.0000   0.0000   0.0000   0.0000
   0.0000   0.0000   0.0045  -2.0330   0.0000   0.0000   0.0000   0.0000   0.0000   0.0000   0.0000   0.0000   0.0000   0.0000
   0.0000   0.0000   0.0000   0.0000  -1.9998  -0.0062   0.0000   0.0000   0.0000   0.0000   0.0000   0.0000   0.0000   0.0000
   0.0000   0.0000   0.0000   0.0000  -0.0062  -2.0235   0.0000   0.0000   0.0000   0.0000   0.0000   0.0000   0.0000   0.0000
   0.0000   0.0000   0.0000   0.0000   0.0000   0.0000  -1.9998  -0.0062   0.0000   0.0000   0.0000   0.0000   0.0000   0.0000
   0.0000   0.0000   0.0000   0.0000   0.0000   0.0000  -0.0062  -2.0235   0.0000   0.0000   0.0000   0.0000   0.0000   0.0000
   0.0000   0.0000   0.0000   0.0000   0.0000   0.0000   0.0000   0.0000  -1.9998  -0.0062   0.0000   0.0000   0.0000   0.0000
   0.0000   0.0000   0.0000   0.0000   0.0000   0.0000   0.0000   0.0000  -0.0062  -2.0235   0.0000   0.0000   0.0000   0.0000
   0.0000   0.0000   0.0000   0.0000   0.0000   0.0000   0.0000   0.0000   0.0000   0.0000  -1.9998  -0.0062   0.0000   0.0000
   0.0000   0.0000   0.0000   0.0000   0.0000   0.0000   0.0000   0.0000   0.0000   0.0000  -0.0062  -2.0235   0.0000   0.0000
   0.0000   0.0000   0.0000   0.0000   0.0000   0.0000   0.0000   0.0000   0.0000   0.0000   0.0000   0.0000  -1.9717   0.0000
   0.0000   0.0000   0.0000   0.0000   0.0000   0.0000   0.0000   0.0000   0.0000   0.0000   0.0000   0.0000   0.0000  -1.9717
 imag part
   0.0000  -0.0032   0.0000   0.0000   0.0000   0.0000   0.0000   0.0000   0.0000   0.0000   0.0000   0.0000   0.0000   0.0000
   0.0032   0.0000   0.0000   0.0000   0.0000   0.0000   0.0000   0.0000   0.0000   0.0000   0.0000   0.0000   0.0000   0.0000
   0.0000   0.0000   0.0000  -0.0032   0.0000   0.0000   0.0000   0.0000   0.0000   0.0000   0.0000   0.0000   0.0000   0.0000
   0.0000   0.0000   0.0032   0.0000   0.0000   0.0000   0.0000   0.0000   0.0000   0.0000   0.0000   0.0000   0.0000   0.0000
   0.0000   0.0000   0.0000   0.0000   0.0000  -0.0036   0.0000   0.0000   0.0000   0.0000   0.0000   0.0000   0.0000   0.0000
   0.0000   0.0000   0.0000   0.0000   0.0036   0.0000   0.0000   0.0000   0.0000   0.0000   0.0000   0.0000   0.0000   0.0000
   0.0000   0.0000   0.0000   0.0000   0.0000   0.0000   0.0000  -0.0036   0.0000   0.0000   0.0000   0.0000   0.0000   0.0000
   0.0000   0.0000   0.0000   0.0000   0.0000   0.0000   0.0036   0.0000   0.0000   0.0000   0.0000   0.0000   0.0000   0.0000
   0.0000   0.0000   0.0000   0.0000   0.0000   0.0000   0.0000   0.0000   0.0000  -0.0036   0.0000   0.0000   0.0000   0.0000
   0.0000   0.0000   0.0000   0.0000   0.0000   0.0000   0.0000   0.0000   0.0036   0.0000   0.0000   0.0000   0.0000   0.0000
   0.0000   0.0000   0.0000   0.0000   0.0000   0.0000   0.0000   0.0000   0.0000   0.0000   0.0000  -0.0036   0.0000   0.0000
   0.0000   0.0000   0.0000   0.0000   0.0000   0.0000   0.0000   0.0000   0.0000   0.0000   0.0036   0.0000   0.0000   0.0000
   0.0000   0.0000   0.0000   0.0000   0.0000   0.0000   0.0000   0.0000   0.0000   0.0000   0.0000   0.0000   0.0000   0.0000
   0.0000   0.0000   0.0000   0.0000   0.0000   0.0000   0.0000   0.0000   0.0000   0.0000   0.0000   0.0000   0.0000   0.0000
 CyGBand takes    0 h  0 m  0.87 s(cpu).
                  0 h  0 m  1.64 s(wall).
