{
    "struct": {
        "symbols": [
            "Fe",
            "Fe",
            "Se",
            "Se"
        ],
        "cell": [
            [
                3.772401673730774,
                0.0,
                0.0
            ],
            [
                2.309929817416255e-16,
                3.772401673730774,
                0.0
            ],
            [
                3.381067492856307e-16,
                3.381067492856307e-16,
                5.521702249514453
            ]
        ],
        "scaled_positions": [
            [
                0.25,
                0.75,
                0.0
            ],
            [
                0.75,
                0.25,
                0.0
            ],
            [
                0.25,
                0.25,
                0.25
            ],
            [
                0.75,
                0.75,
                0.7499999999999999
            ]
        ],
        "case": "case.struct"
    },
    "gchoice": {
        "unit": "rydberg",
        "spin_order": -1,
        "ispin": 1,
        "orbital_polarization": 1,
        "iso": 1,
        "u_matrix_type": 1,
        "dc_mode": 12,
        "idx_equivalent_atoms": [
            0,
            0,
            2,
            2
        ],
        "unique_cor_symbol_list": [
            "Fe"
        ],
        "unique_u_list": [
            8.0
        ],
        "unique_j_list": [
            0.8
        ],
        "unique_fs_list": [
            [
                5.0,
                6.892307692307693,
                4.307692307692308,
                0.0
            ]
        ],
        "unique_cor_orb_list": [
            "d"
        ],
        "unique_nelf_list": [
            [
                3,
                3
            ]
        ],
        "giembeddiag": -2
    }
}