{
    "struct": {
        "symbols": [
            "Pr",
            "Pr"
        ],
        "cell": [
            [
                1.2652103219142985,
                2.567430768758221,
                0.0
            ],
            [
                1.265210321914298,
                -2.567430768758221,
                0.0
            ],
            [
                -2.7144497472923466e-16,
                -2.7144497472923466e-16,
                -4.4330328535252
            ]
        ],
        "scaled_positions": [
            [
                0.8974999999999999,
                0.10250000000000015,
                0.75
            ],
            [
                0.10249999999999998,
                0.8975,
                0.25
            ]
        ],
        "case": "case.struct"
    },
    "gchoice": {
        "unit": "rydberg",
        "spin_order": -1,
        "ispin": 1,
        "orbital_polarization": 0,
        "iso": 2,
        "u_matrix_type": 1,
        "dc_mode": 12,
        "idx_equivalent_atoms": [
            0,
            0
        ],
        "unique_cor_symbol_list": [
            "Pr"
        ],
        "unique_u_list": [
            6.0
        ],
        "unique_j_list": [
            0.7
        ],
        "unique_fs_list": [
            [
                6.0,
                8.345375722543352,
                5.574710982658959,
                4.1226156069364155
            ]
        ],
        "unique_cor_orb_list": [
            "f"
        ],
        "unique_nelf_list": [],
        "giembeddiag": -4
    }
}