{
    "struct": {
        "symbols": [
            "C",
            "C"
        ],
        "cell": [
            [
                2.4680301215259095,
                0.0,
                0.0
            ],
            [
                -1.2340150607629543,
                2.137376782546633,
                0.0
            ],
            [
                1.224542089089738e-15,
                2.12096911430996e-15,
                19.9982899549864
            ]
        ],
        "scaled_positions": [
            [
                0.33333333,
                0.66666667,
                0.0
            ],
            [
                0.66666667,
                0.33333333,
                0.0
            ]
        ],
        "case": "graphene.struct",
        "locrot_list": [
            [
                [
                    1.0,
                    0.0,
                    0.0
                ],
                [
                    0.0,
                    1.0,
                    0.0
                ],
                [
                    0.0,
                    0.0,
                    1.0
                ]
            ],
            [
                [
                    1.0,
                    0.0,
                    0.0
                ],
                [
                    0.0,
                    1.0,
                    0.0
                ],
                [
                    0.0,
                    0.0,
                    1.0
                ]
            ]
        ]
    },
    "gchoice": {
        "unit": "rydberg",
        "spin_order": -1,
        "ispin": 1,
        "orbital_polarization": 1,
        "iso": 1,
        "u_matrix_type": 1,
        "dc_mode": 2,
        "idx_equivalent_atoms": [
            0,
            0
        ],
        "unique_cor_symbol_list": [
            "C"
        ],
        "unique_u_list": [
            4.0
        ],
        "unique_j_list": [
            1.0
        ],
        "unique_fs_list": [
            [
                4.0,
                5.0,
                0.0,
                0.0
            ]
        ],
        "unique_cor_orb_list": [
            "p"
        ],
        "unique_nelf_list": [
            [
                1.0,
                1.0
            ]
        ],
        "giembeddiag": -2
    }
}