{
    "struct": {
        "symbols": [
            "Pr"
        ],
        "cell": [
            [
                2.376958164383577e-16,
                1.9409336357540052,
                1.940933635754005
            ],
            [
                1.9409336357540052,
                1.1884790821917885e-16,
                1.940933635754005
            ],
            [
                1.9409336357540052,
                1.940933635754005,
                0.0
            ]
        ],
        "scaled_positions": [
            [
                0.4999999999999999,
                0.49999999999999994,
                0.5
            ]
        ],
        "case": "case.struct"
    },
    "gchoice": {
        "unit": "rydberg",
        "spin_order": -1,
        "ispin": 1,
        "orbital_polarization": 0,
        "iso": 2,
        "u_matrix_type": 1,
        "dc_mode": 12,
        "idx_equivalent_atoms": [
            0
        ],
        "unique_cor_symbol_list": [
            "Pr"
        ],
        "unique_u_list": [
            6.0
        ],
        "unique_j_list": [
            0.7
        ],
        "unique_fs_list": [
            [
                6.0,
                8.345375722543352,
                5.574710982658959,
                4.1226156069364155
            ]
        ],
        "unique_cor_orb_list": [
            "f"
        ],
        "unique_nelf_list": [],
        "giembeddiag": -4
    }
}